{
  "type": "FeatureCollection",
  "features": [
    {
      "type": "Feature",
      "geometry": {
        "type": "Point",
        "coordinates": [
          74.9991507,
          13.7030919
        ]
      },
      "properties": {
        "name": "Varahi underground Powerhouse",
        "type": "hydro",
        "capacity_mw": 460.0,
        "operator": "Karnataka Power Corporation Limited",
        "state": "Karnataka",
        "osm_id": "node/1659317774"
      }
    },
    {
      "type": "Feature",
      "geometry": {
        "type": "Point",
        "coordinates": [
          76.3661909,
          32.2306755
        ]
      },
      "properties": {
        "name": "Thathri Hydel Plant",
        "type": "hydro",
        "capacity_mw": 0,
        "operator": "Unknown",
        "state": "Himachal Pradesh",
        "osm_id": "node/2377020712"
      }
    },
    {
      "type": "Feature",
      "geometry": {
        "type": "Point",
        "coordinates": [
          77.7968301,
          30.5570903
        ]
      },
      "properties": {
        "name": "Chibro Power Plant",
        "type": "hydro",
        "capacity_mw": 240.0,
        "operator": "Uttarakhand Jal Vidyut Nigam Limited",
        "state": "Himachal Pradesh",
        "osm_id": "node/3886020110"
      }
    },
    {
      "type": "Feature",
      "geometry": {
        "type": "Point",
        "coordinates": [
          74.0688891,
          34.1141588
        ]
      },
      "properties": {
        "name": "Uri I",
        "type": "hydro",
        "capacity_mw": 240.0,
        "operator": "NHPC Limited",
        "state": "Jammu and Kashmir",
        "osm_id": "node/4190775707"
      }
    },
    {
      "type": "Feature",
      "geometry": {
        "type": "Point",
        "coordinates": [
          73.97745,
          34.1039654
        ]
      },
      "properties": {
        "name": "Uri II",
        "type": "hydro",
        "capacity_mw": 240.0,
        "operator": "NHPC Limited",
        "state": "Jammu and Kashmir",
        "osm_id": "node/4190775708"
      }
    },
    {
      "type": "Feature",
      "geometry": {
        "type": "Point",
        "coordinates": [
          75.762121,
          33.2868857
        ]
      },
      "properties": {
        "name": "Dul Hasti Hydroelectric Plant",
        "type": "hydro",
        "capacity_mw": 390.0,
        "operator": "NHPC Limited",
        "state": "Jammu and Kashmir",
        "osm_id": "node/4194369572"
      }
    },
    {
      "type": "Feature",
      "geometry": {
        "type": "Point",
        "coordinates": [
          76.8953483,
          28.7340981
        ]
      },
      "properties": {
        "name": "Barahi Main Power Station",
        "type": "coal",
        "capacity_mw": 40.0,
        "operator": "Haryana Power Generation Corporation",
        "state": "Haryana",
        "osm_id": "node/4976487056"
      }
    },
    {
      "type": "Feature",
      "geometry": {
        "type": "Point",
        "coordinates": [
          76.8953765,
          28.7341159
        ]
      },
      "properties": {
        "name": "Mini Power Station (Barahi)",
        "type": "coal",
        "capacity_mw": 10.0,
        "operator": "Haryana Power Generation Corporation",
        "state": "Haryana",
        "osm_id": "node/4976496445"
      }
    },
    {
      "type": "Feature",
      "geometry": {
        "type": "Point",
        "coordinates": [
          79.9681565,
          15.9750092
        ]
      },
      "properties": {
        "name": "Ballikurava Hydro Plant",
        "type": "hydro",
        "capacity_mw": 0,
        "operator": "Unknown",
        "state": "Andhra Pradesh",
        "osm_id": "node/6547533986"
      }
    },
    {
      "type": "Feature",
      "geometry": {
        "type": "Point",
        "coordinates": [
          79.2355603,
          21.6558577
        ]
      },
      "properties": {
        "name": "Pench hydro power station",
        "type": "hydro",
        "capacity_mw": 160.0,
        "operator": "Madhya Pradesh Power Generating Company Limited",
        "state": "Maharashtra",
        "osm_id": "node/7681010891"
      }
    },
    {
      "type": "Feature",
      "geometry": {
        "type": "Point",
        "coordinates": [
          76.8596246,
          9.7892706
        ]
      },
      "properties": {
        "name": "Idukki hydro power station",
        "type": "hydro",
        "capacity_mw": 780.0,
        "operator": "Kerala State Electricity Board",
        "state": "Kerala",
        "osm_id": "node/7685398338"
      }
    },
    {
      "type": "Feature",
      "geometry": {
        "type": "Point",
        "coordinates": [
          74.6448791,
          34.4635286
        ]
      },
      "properties": {
        "name": "Kishanganga Hydroelectric Plant",
        "type": "hydro",
        "capacity_mw": 330.0,
        "operator": "NHPC Limited",
        "state": "Jammu and Kashmir",
        "osm_id": "node/7688030332"
      }
    },
    {
      "type": "Feature",
      "geometry": {
        "type": "Point",
        "coordinates": [
          77.860741,
          29.7035452
        ]
      },
      "properties": {
        "name": "Roorkee Power Plant",
        "type": "hydro",
        "capacity_mw": 0,
        "operator": "Unknown",
        "state": "Uttarakhand",
        "osm_id": "node/7847783226"
      }
    },
    {
      "type": "Feature",
      "geometry": {
        "type": "Point",
        "coordinates": [
          77.8225297,
          31.055959
        ]
      },
      "properties": {
        "name": "Sawra Kuddu hydro power station",
        "type": "hydro",
        "capacity_mw": 111.0,
        "operator": "HPSEB",
        "state": "Uttarakhand",
        "osm_id": "node/8681472939"
      }
    },
    {
      "type": "Feature",
      "geometry": {
        "type": "Point",
        "coordinates": [
          76.3005622,
          32.2794897
        ]
      },
      "properties": {
        "name": "Hydro plant",
        "type": "hydro",
        "capacity_mw": 3.0,
        "operator": "Himachal Pradesh State Electricity Board",
        "state": "Himachal Pradesh",
        "osm_id": "node/8689595734"
      }
    },
    {
      "type": "Feature",
      "geometry": {
        "type": "Point",
        "coordinates": [
          76.3028006,
          32.2922141
        ]
      },
      "properties": {
        "name": "Hydro power",
        "type": "hydro",
        "capacity_mw": 3.0,
        "operator": "Himachal Pradesh State Electricity Board",
        "state": "Himachal Pradesh",
        "osm_id": "node/8764485697"
      }
    },
    {
      "type": "Feature",
      "geometry": {
        "type": "Point",
        "coordinates": [
          77.9904419,
          31.5638104
        ]
      },
      "properties": {
        "name": "Sanjay Vidyut hydro power station",
        "type": "hydro",
        "capacity_mw": 120.0,
        "operator": "SJVN Limited",
        "state": "Himachal Pradesh",
        "osm_id": "node/9378529623"
      }
    },
    {
      "type": "Feature",
      "geometry": {
        "type": "Point",
        "coordinates": [
          76.6008666,
          11.5227616
        ]
      },
      "properties": {
        "name": "PUSHEP",
        "type": "hydro",
        "capacity_mw": 150.0,
        "operator": "TANGEDCO",
        "state": "Tamil Nadu",
        "osm_id": "node/9546484166"
      }
    },
    {
      "type": "Feature",
      "geometry": {
        "type": "Point",
        "coordinates": [
          86.818955,
          23.7883063
        ]
      },
      "properties": {
        "name": "Maithon hydroelectric power station",
        "type": "hydro",
        "capacity_mw": 63.2,
        "operator": "DVC (Damodar Valley Corporation)",
        "state": "West Bengal",
        "osm_id": "node/9547812640"
      }
    },
    {
      "type": "Feature",
      "geometry": {
        "type": "Point",
        "coordinates": [
          77.2065604,
          32.2251954
        ]
      },
      "properties": {
        "name": "Allian Duhangan Hydroelectric Power Plant",
        "type": "hydro",
        "capacity_mw": 192.0,
        "operator": "ADHPL",
        "state": "Himachal Pradesh",
        "osm_id": "node/9567062291"
      }
    },
    {
      "type": "Feature",
      "geometry": {
        "type": "Point",
        "coordinates": [
          77.0433748,
          10.410421
        ]
      },
      "properties": {
        "name": "Kadamparai Hydroelectric Power Plant",
        "type": "hydro",
        "capacity_mw": 400.0,
        "operator": "Tamil Nadu Generation and Distribution Corporation",
        "state": "Tamil Nadu",
        "osm_id": "node/9567098999"
      }
    },
    {
      "type": "Feature",
      "geometry": {
        "type": "Point",
        "coordinates": [
          78.0600393,
          31.0417705
        ]
      },
      "properties": {
        "name": "Naitwar Mori Hydro Power Station",
        "type": "hydro",
        "capacity_mw": 60.0,
        "operator": "SJVN",
        "state": "Uttarakhand",
        "osm_id": "node/13345181398"
      }
    },
    {
      "type": "Feature",
      "geometry": {
        "type": "Point",
        "coordinates": [
          83.9137358,
          27.4161431
        ]
      },
      "properties": {
        "name": "Triveni Power Plant",
        "type": "hydro",
        "capacity_mw": 120.0,
        "operator": "Triveni Engineering",
        "state": "Bihar",
        "osm_id": "node/13358835717"
      }
    },
    {
      "type": "Feature",
      "geometry": {
        "type": "Point",
        "coordinates": [
          80.310264,
          13.2823822
        ]
      },
      "properties": {
        "name": "Ennore SEZ Super Critical Thermal Power Project (Vayalur)",
        "type": "coal",
        "capacity_mw": 1600.0,
        "operator": "TANGEDCO",
        "state": "Tamil Nadu",
        "osm_id": "way/25850550"
      }
    },
    {
      "type": "Feature",
      "geometry": {
        "type": "Point",
        "coordinates": [
          80.2697294,
          13.0981662
        ]
      },
      "properties": {
        "name": "Basin Bridge Gas Turbine Power Station",
        "type": "gas",
        "capacity_mw": 120.0,
        "operator": "Tamil Nadu State Electricity Board",
        "state": "Tamil Nadu",
        "osm_id": "way/28342737"
      }
    },
    {
      "type": "Feature",
      "geometry": {
        "type": "Point",
        "coordinates": [
          77.3264173,
          30.1054227
        ]
      },
      "properties": {
        "name": "Deenbandhu Chhotu Ram Thermal Power Station",
        "type": "coal",
        "capacity_mw": 600.0,
        "operator": "Haryana Power Generation Corporation Limited",
        "state": "Haryana",
        "osm_id": "way/28396309"
      }
    },
    {
      "type": "Feature",
      "geometry": {
        "type": "Point",
        "coordinates": [
          72.5933046,
          23.071342
        ]
      },
      "properties": {
        "name": "AMGEN",
        "type": "coal",
        "capacity_mw": 362.0,
        "operator": "Torrent Power",
        "state": "Gujarat",
        "osm_id": "way/29492754"
      }
    },
    {
      "type": "Feature",
      "geometry": {
        "type": "Point",
        "coordinates": [
          80.3094811,
          13.1995006
        ]
      },
      "properties": {
        "name": "Ennore Thermal Power Station",
        "type": "coal",
        "capacity_mw": 450.0,
        "operator": "Tamil Nadu Generation and Distribution Corporation",
        "state": "Tamil Nadu",
        "osm_id": "way/30738573"
      }
    },
    {
      "type": "Feature",
      "geometry": {
        "type": "Point",
        "coordinates": [
          84.2458941,
          18.5268906
        ]
      },
      "properties": {
        "name": "East Coast Energies PVT LTD",
        "type": "coal",
        "capacity_mw": 0,
        "operator": "East Coast Energies Pvt Ltd",
        "state": "Andhra Pradesh",
        "osm_id": "way/60793406"
      }
    },
    {
      "type": "Feature",
      "geometry": {
        "type": "Point",
        "coordinates": [
          77.3599278,
          28.3454961
        ]
      },
      "properties": {
        "name": "Faridabad Thermal Power Plant",
        "type": "gas",
        "capacity_mw": 430.0,
        "operator": "NTPC",
        "state": "Haryana",
        "osm_id": "way/65453989"
      }
    },
    {
      "type": "Feature",
      "geometry": {
        "type": "Point",
        "coordinates": [
          75.8144493,
          25.1709673
        ]
      },
      "properties": {
        "name": "Kota Thermal Power Station",
        "type": "coal",
        "capacity_mw": 1240.0,
        "operator": "Rajasthan Rajya Vidyut Utpadan Nigam",
        "state": "Rajasthan",
        "osm_id": "way/67195450"
      }
    },
    {
      "type": "Feature",
      "geometry": {
        "type": "Point",
        "coordinates": [
          82.9815099,
          24.450833
        ]
      },
      "properties": {
        "name": "Obra Thermal Power Station",
        "type": "coal",
        "capacity_mw": 2320.0,
        "operator": "Uttar Pradesh Rajya Vidyut Utpadan Nigam Limited",
        "state": "Uttar Pradesh",
        "osm_id": "way/77160913"
      }
    },
    {
      "type": "Feature",
      "geometry": {
        "type": "Point",
        "coordinates": [
          77.101785,
          28.7330743
        ]
      },
      "properties": {
        "name": "Rithala Power Plant",
        "type": "gas",
        "capacity_mw": 108.0,
        "operator": "Indraprastha Power Generation Company (IPGCL)",
        "state": "Delhi",
        "osm_id": "way/78542610"
      }
    },
    {
      "type": "Feature",
      "geometry": {
        "type": "Point",
        "coordinates": [
          87.8713127,
          22.4178163
        ]
      },
      "properties": {
        "name": "Kolaghat Power Plant",
        "type": "coal",
        "capacity_mw": 840.0,
        "operator": "West Bengal Power Development Corporation",
        "state": "West Bengal",
        "osm_id": "way/84517895"
      }
    },
    {
      "type": "Feature",
      "geometry": {
        "type": "Point",
        "coordinates": [
          83.5020951,
          26.0844504
        ]
      },
      "properties": {
        "name": "Sarai Sadi",
        "type": "solar",
        "capacity_mw": 0.1,
        "operator": "Unknown",
        "state": "Uttar Pradesh",
        "osm_id": "way/88004014"
      }
    },
    {
      "type": "Feature",
      "geometry": {
        "type": "Point",
        "coordinates": [
          85.1937858,
          20.8531792
        ]
      },
      "properties": {
        "name": "Angul Smelter power station",
        "type": "coal",
        "capacity_mw": 1200.0,
        "operator": "National Aluminum Co Ltd",
        "state": "Odisha",
        "osm_id": "way/90989998"
      }
    },
    {
      "type": "Feature",
      "geometry": {
        "type": "Point",
        "coordinates": [
          75.8337837,
          30.7831379
        ]
      },
      "properties": {
        "name": "Mini Power Plant",
        "type": "hydro",
        "capacity_mw": 0,
        "operator": "Unknown",
        "state": "Punjab",
        "osm_id": "way/97363540"
      }
    },
    {
      "type": "Feature",
      "geometry": {
        "type": "Point",
        "coordinates": [
          80.1723948,
          12.5570495
        ]
      },
      "properties": {
        "name": "Madras Atomic Power Station",
        "type": "nuclear",
        "capacity_mw": 440.0,
        "operator": "Nuclear Power Corporation of India (NPCIL)",
        "state": "Tamil Nadu",
        "osm_id": "way/98366375"
      }
    },
    {
      "type": "Feature",
      "geometry": {
        "type": "Point",
        "coordinates": [
          79.2888777,
          19.9995167
        ]
      },
      "properties": {
        "name": "Chandrapur Super Thermal Power Station",
        "type": "coal",
        "capacity_mw": 2920.0,
        "operator": "Maharashtra State Power Generation Company",
        "state": "Maharashtra",
        "osm_id": "way/101962605"
      }
    },
    {
      "type": "Feature",
      "geometry": {
        "type": "Point",
        "coordinates": [
          80.3277584,
          13.2489467
        ]
      },
      "properties": {
        "name": "North Chennai Thermal Station",
        "type": "coal",
        "capacity_mw": 1830.0,
        "operator": "Tamil Nadu Generation and Distribution Corporation",
        "state": "Tamil Nadu",
        "osm_id": "way/102546589"
      }
    },
    {
      "type": "Feature",
      "geometry": {
        "type": "Point",
        "coordinates": [
          77.5713988,
          13.0162917
        ]
      },
      "properties": {
        "name": "Diesel Captive Power Station",
        "type": "gas",
        "capacity_mw": 0,
        "operator": "Unknown",
        "state": "Karnataka",
        "osm_id": "way/102654158"
      }
    },
    {
      "type": "Feature",
      "geometry": {
        "type": "Point",
        "coordinates": [
          77.6157433,
          28.5926623
        ]
      },
      "properties": {
        "name": "Dadri Powerplant",
        "type": "coal",
        "capacity_mw": 2637.0,
        "operator": "NTPC",
        "state": "Uttar Pradesh",
        "osm_id": "way/103170709"
      }
    },
    {
      "type": "Feature",
      "geometry": {
        "type": "Point",
        "coordinates": [
          78.4079725,
          28.1553228
        ]
      },
      "properties": {
        "name": "Narora Atomic Power Station",
        "type": "nuclear",
        "capacity_mw": 440.0,
        "operator": "Nuclear Power Corporation of India (NPCIL)",
        "state": "Uttar Pradesh",
        "osm_id": "way/104567860"
      }
    },
    {
      "type": "Feature",
      "geometry": {
        "type": "Point",
        "coordinates": [
          74.0173417,
          29.1716299
        ]
      },
      "properties": {
        "name": "Suratgarh Super Thermal Power Plant",
        "type": "coal",
        "capacity_mw": 1500.0,
        "operator": "Rajasthan Rajya Vidyut Utpadan Nigam Ltd",
        "state": "Rajasthan",
        "osm_id": "way/104805106"
      }
    },
    {
      "type": "Feature",
      "geometry": {
        "type": "Point",
        "coordinates": [
          77.6017407,
          30.350802
        ]
      },
      "properties": {
        "name": "Khara Power Plant",
        "type": "hydro",
        "capacity_mw": 72.0,
        "operator": "Uttar Pradesh Rajya Vidyut Utpadan Nigam Limited",
        "state": "Uttar Pradesh",
        "osm_id": "way/105646132"
      }
    },
    {
      "type": "Feature",
      "geometry": {
        "type": "Point",
        "coordinates": [
          80.8522557,
          17.8788322
        ]
      },
      "properties": {
        "name": "Aswapuram Heavy Water Plant",
        "type": "coal",
        "capacity_mw": 0,
        "operator": "Heavy Water Board",
        "state": "Telangana",
        "osm_id": "way/109386335"
      }
    },
    {
      "type": "Feature",
      "geometry": {
        "type": "Point",
        "coordinates": [
          87.8937874,
          24.773986
        ]
      },
      "properties": {
        "name": "Farakka Super Thermal Power Station",
        "type": "coal",
        "capacity_mw": 2100.0,
        "operator": "NTPC",
        "state": "West Bengal",
        "osm_id": "way/114812765"
      }
    },
    {
      "type": "Feature",
      "geometry": {
        "type": "Point",
        "coordinates": [
          73.361373,
          22.8730665
        ]
      },
      "properties": {
        "name": "Wanakbori Thermal Power Station",
        "type": "coal",
        "capacity_mw": 2270.0,
        "operator": "Gujarat State Electricity Corporation Limited",
        "state": "Gujarat",
        "osm_id": "way/116801207"
      }
    },
    {
      "type": "Feature",
      "geometry": {
        "type": "Point",
        "coordinates": [
          72.7504785,
          19.953102
        ]
      },
      "properties": {
        "name": "Dahanu Thermal Power Station",
        "type": "coal",
        "capacity_mw": 500.0,
        "operator": "Adani Power",
        "state": "Maharashtra",
        "osm_id": "way/116833091"
      }
    },
    {
      "type": "Feature",
      "geometry": {
        "type": "Point",
        "coordinates": [
          88.3685924,
          22.6243778
        ]
      },
      "properties": {
        "name": "Barrackpore Unknown Plant",
        "type": "unknown",
        "capacity_mw": 0,
        "operator": "Unknown",
        "state": "West Bengal",
        "osm_id": "way/116968190"
      }
    },
    {
      "type": "Feature",
      "geometry": {
        "type": "Point",
        "coordinates": [
          86.4662777,
          23.602324
        ]
      },
      "properties": {
        "name": "Santhaldih",
        "type": "coal",
        "capacity_mw": 500.0,
        "operator": "West Bengal Power Development Corporation",
        "state": "West Bengal",
        "osm_id": "way/117033098"
      }
    },
    {
      "type": "Feature",
      "geometry": {
        "type": "Point",
        "coordinates": [
          86.1231162,
          23.7379135
        ]
      },
      "properties": {
        "name": "Chandrapura Thermal Power Station",
        "type": "coal",
        "capacity_mw": 500.0,
        "operator": "Damodar Valley Corporation",
        "state": "Jharkhand",
        "osm_id": "way/117580758"
      }
    },
    {
      "type": "Feature",
      "geometry": {
        "type": "Point",
        "coordinates": [
          87.3040458,
          23.5182601
        ]
      },
      "properties": {
        "name": "Durgapur Projects Limited Power Station",
        "type": "coal",
        "capacity_mw": 550.0,
        "operator": "DPL (Durgapur Projects Ltd)",
        "state": "West Bengal",
        "osm_id": "way/118649859"
      }
    },
    {
      "type": "Feature",
      "geometry": {
        "type": "Point",
        "coordinates": [
          87.1366381,
          23.460457
        ]
      },
      "properties": {
        "name": "Mejia Thermal Power Station",
        "type": "coal",
        "capacity_mw": 2340.0,
        "operator": "Damodar Valley Corporation",
        "state": "West Bengal",
        "osm_id": "way/118746349"
      }
    },
    {
      "type": "Feature",
      "geometry": {
        "type": "Point",
        "coordinates": [
          76.5491663,
          31.2131453
        ]
      },
      "properties": {
        "name": "Kotla Power House",
        "type": "hydro",
        "capacity_mw": 77.34,
        "operator": "Bhakra Beas Management Board",
        "state": "Punjab",
        "osm_id": "way/122030564"
      }
    },
    {
      "type": "Feature",
      "geometry": {
        "type": "Point",
        "coordinates": [
          76.493939,
          31.2713678
        ]
      },
      "properties": {
        "name": "Anandpur Sahib Power House I",
        "type": "hydro",
        "capacity_mw": 67.0,
        "operator": "Punjab State Power Corporation",
        "state": "Punjab",
        "osm_id": "way/122030566"
      }
    },
    {
      "type": "Feature",
      "geometry": {
        "type": "Point",
        "coordinates": [
          76.4920627,
          31.2677387
        ]
      },
      "properties": {
        "name": "Ganguwal Power House",
        "type": "hydro",
        "capacity_mw": 76.39,
        "operator": "Bhakra Beas Management Board",
        "state": "Punjab",
        "osm_id": "way/122030588"
      }
    },
    {
      "type": "Feature",
      "geometry": {
        "type": "Point",
        "coordinates": [
          75.7129393,
          31.9547532
        ]
      },
      "properties": {
        "name": "Mukerian Hydel Project III",
        "type": "hydro",
        "capacity_mw": 58.5,
        "operator": "Punjab State Power Corporation",
        "state": "Punjab",
        "osm_id": "way/122316765"
      }
    },
    {
      "type": "Feature",
      "geometry": {
        "type": "Point",
        "coordinates": [
          75.9425648,
          31.9671499
        ]
      },
      "properties": {
        "name": "Pong Dam power house",
        "type": "hydro",
        "capacity_mw": 396.0,
        "operator": "Bhakra Beas Management Board",
        "state": "Himachal Pradesh",
        "osm_id": "way/122316766"
      }
    },
    {
      "type": "Feature",
      "geometry": {
        "type": "Point",
        "coordinates": [
          75.1706868,
          30.2631745
        ]
      },
      "properties": {
        "name": "Guru Hargobind Thermal Plant",
        "type": "coal",
        "capacity_mw": 920.0,
        "operator": "Punjab State Power Corporation",
        "state": "Punjab",
        "osm_id": "way/124655029"
      }
    },
    {
      "type": "Feature",
      "geometry": {
        "type": "Point",
        "coordinates": [
          79.0995342,
          21.2414081
        ]
      },
      "properties": {
        "name": "Koradi Thermal Power Station",
        "type": "coal",
        "capacity_mw": 2400.0,
        "operator": "Maharashtra State Power Generation Company",
        "state": "Maharashtra",
        "osm_id": "way/128552626"
      }
    },
    {
      "type": "Feature",
      "geometry": {
        "type": "Point",
        "coordinates": [
          79.1177088,
          21.276703
        ]
      },
      "properties": {
        "name": "Khaparkheda Thermal Power Station",
        "type": "coal",
        "capacity_mw": 1340.0,
        "operator": "Maharashtra State Power Generation Company",
        "state": "Maharashtra",
        "osm_id": "way/128552630"
      }
    },
    {
      "type": "Feature",
      "geometry": {
        "type": "Point",
        "coordinates": [
          68.7802014,
          23.6618438
        ]
      },
      "properties": {
        "name": "Kutch Lignite Thermal Power Station",
        "type": "coal",
        "capacity_mw": 150.0,
        "operator": "Gujarat State Electricity Corporation Limited",
        "state": "Gujarat",
        "osm_id": "way/128739535"
      }
    },
    {
      "type": "Feature",
      "geometry": {
        "type": "Point",
        "coordinates": [
          68.5703247,
          23.3997913
        ]
      },
      "properties": {
        "name": "Sanghipuram Cement power station",
        "type": "coal",
        "capacity_mw": 25.0,
        "operator": "Sanghi Industries",
        "state": "Gujarat",
        "osm_id": "way/128739538"
      }
    },
    {
      "type": "Feature",
      "geometry": {
        "type": "Point",
        "coordinates": [
          88.5999053,
          27.2884474
        ]
      },
      "properties": {
        "name": "Gangtok subdivision Hydro Plant",
        "type": "hydro",
        "capacity_mw": 0,
        "operator": "Unknown",
        "state": "Sikkim",
        "osm_id": "way/129847867"
      }
    },
    {
      "type": "Feature",
      "geometry": {
        "type": "Point",
        "coordinates": [
          80.3067214,
          13.2369124
        ]
      },
      "properties": {
        "name": "Vallur Thermal Power Station",
        "type": "coal",
        "capacity_mw": 1500.0,
        "operator": "NTPC-TANGEDCO Joint Venture",
        "state": "Tamil Nadu",
        "osm_id": "way/133591372"
      }
    },
    {
      "type": "Feature",
      "geometry": {
        "type": "Point",
        "coordinates": [
          85.88096,
          23.7838465
        ]
      },
      "properties": {
        "name": "Bokaro Thermal Power Station",
        "type": "coal",
        "capacity_mw": 500.0,
        "operator": "Damodar Valley Corporation",
        "state": "Jharkhand",
        "osm_id": "way/134530447"
      }
    },
    {
      "type": "Feature",
      "geometry": {
        "type": "Point",
        "coordinates": [
          76.4304992,
          9.2393282
        ]
      },
      "properties": {
        "name": "Rajiv Gandhi Combined Cycle Power Plant",
        "type": "gas",
        "capacity_mw": 350.0,
        "operator": "NTPC",
        "state": "Kerala",
        "osm_id": "way/135182644"
      }
    },
    {
      "type": "Feature",
      "geometry": {
        "type": "Point",
        "coordinates": [
          73.1644085,
          17.5631822
        ]
      },
      "properties": {
        "name": "Ratnagiri Power & Gas Private Limited",
        "type": "gas",
        "capacity_mw": 1967.0,
        "operator": "Ratnagiri Power & Gas Private Limited",
        "state": "Maharashtra",
        "osm_id": "way/135894012"
      }
    },
    {
      "type": "Feature",
      "geometry": {
        "type": "Point",
        "coordinates": [
          73.1644543,
          17.5604817
        ]
      },
      "properties": {
        "name": "Dabhol Power Station",
        "type": "gas",
        "capacity_mw": 1967.0,
        "operator": "Ratnagiri Power & Gas Private Limited",
        "state": "Maharashtra",
        "osm_id": "way/135894721"
      }
    },
    {
      "type": "Feature",
      "geometry": {
        "type": "Point",
        "coordinates": [
          79.4432291,
          11.5548001
        ]
      },
      "properties": {
        "name": "Neyveli Thermal Power Station II",
        "type": "coal",
        "capacity_mw": 1970.0,
        "operator": "NLC India",
        "state": "Tamil Nadu",
        "osm_id": "way/136727943"
      }
    },
    {
      "type": "Feature",
      "geometry": {
        "type": "Point",
        "coordinates": [
          68.6450812,
          23.7719988
        ]
      },
      "properties": {
        "name": "Akrimota Thermal Power Station",
        "type": "coal",
        "capacity_mw": 250.0,
        "operator": "Gujarat Mineral Development Corporation",
        "state": "Gujarat",
        "osm_id": "way/138602374"
      }
    },
    {
      "type": "Feature",
      "geometry": {
        "type": "Point",
        "coordinates": [
          77.2524477,
          28.6167647
        ]
      },
      "properties": {
        "name": "Pragati-I Combined Cycle Gas Power Station",
        "type": "gas",
        "capacity_mw": 330.0,
        "operator": "Pragati Power Corporation Limited",
        "state": "Delhi",
        "osm_id": "way/139071683"
      }
    },
    {
      "type": "Feature",
      "geometry": {
        "type": "Point",
        "coordinates": [
          77.2502162,
          28.6190348
        ]
      },
      "properties": {
        "name": "Indraprastha Gas Turbine Power Station",
        "type": "gas",
        "capacity_mw": 270.0,
        "operator": "Indraprastha Power Generation Company Limited",
        "state": "Delhi",
        "osm_id": "way/139071685"
      }
    },
    {
      "type": "Feature",
      "geometry": {
        "type": "Point",
        "coordinates": [
          73.3535557,
          21.234989
        ]
      },
      "properties": {
        "name": "Kakrapar Atomic Power Station",
        "type": "nuclear",
        "capacity_mw": 2200.0,
        "operator": "Nuclear Power Corporation of India (NPCIL)",
        "state": "Gujarat",
        "osm_id": "way/141414135"
      }
    },
    {
      "type": "Feature",
      "geometry": {
        "type": "Point",
        "coordinates": [
          72.6867824,
          21.1705989
        ]
      },
      "properties": {
        "name": "Kawas Thermal Power Station",
        "type": "gas",
        "capacity_mw": 645.0,
        "operator": "NTPC",
        "state": "Gujarat",
        "osm_id": "way/146235176"
      }
    },
    {
      "type": "Feature",
      "geometry": {
        "type": "Point",
        "coordinates": [
          73.106921,
          21.394715
        ]
      },
      "properties": {
        "name": "Surat Lignite Power Plant",
        "type": "coal",
        "capacity_mw": 500.0,
        "operator": "Gujarat Industries Power Company Ltd.",
        "state": "Gujarat",
        "osm_id": "way/146235297"
      }
    },
    {
      "type": "Feature",
      "geometry": {
        "type": "Point",
        "coordinates": [
          73.5555302,
          21.2101276
        ]
      },
      "properties": {
        "name": "Ukai Thermal Power Station",
        "type": "coal",
        "capacity_mw": 1110.0,
        "operator": "Gujarat State Electricity Corporation Limited",
        "state": "Gujarat",
        "osm_id": "way/146235344"
      }
    },
    {
      "type": "Feature",
      "geometry": {
        "type": "Point",
        "coordinates": [
          72.9871045,
          21.342135
        ]
      },
      "properties": {
        "name": "SUGEN Mega Power Plant",
        "type": "gas",
        "capacity_mw": 1530.0,
        "operator": "Torrent Power",
        "state": "Gujarat",
        "osm_id": "way/146657606"
      }
    },
    {
      "type": "Feature",
      "geometry": {
        "type": "Point",
        "coordinates": [
          85.9084398,
          20.5351183
        ]
      },
      "properties": {
        "name": "Choudwar Power Plant (Monnet Ispat)",
        "type": "coal",
        "capacity_mw": 170.0,
        "operator": "Monnet Ispat & Energy",
        "state": "Odisha",
        "osm_id": "way/146694050"
      }
    },
    {
      "type": "Feature",
      "geometry": {
        "type": "Point",
        "coordinates": [
          72.871534,
          21.2304892
        ]
      },
      "properties": {
        "name": "Utran Gas Based Power Station",
        "type": "gas",
        "capacity_mw": 374.0,
        "operator": "Gujarat State Electricity Corporation Limited",
        "state": "Gujarat",
        "osm_id": "way/147084401"
      }
    },
    {
      "type": "Feature",
      "geometry": {
        "type": "Point",
        "coordinates": [
          73.1137436,
          21.8237105
        ]
      },
      "properties": {
        "name": "NTPC Jhanor-Gandhar",
        "type": "gas",
        "capacity_mw": 657.39,
        "operator": "NTPC",
        "state": "Gujarat",
        "osm_id": "way/147486451"
      }
    },
    {
      "type": "Feature",
      "geometry": {
        "type": "Point",
        "coordinates": [
          88.1051775,
          24.3651675
        ]
      },
      "properties": {
        "name": "Sagardighi Thermal Power Station",
        "type": "coal",
        "capacity_mw": 1600.0,
        "operator": "West Bengal Power Development Corporation",
        "state": "West Bengal",
        "osm_id": "way/148270935"
      }
    },
    {
      "type": "Feature",
      "geometry": {
        "type": "Point",
        "coordinates": [
          81.3254367,
          25.909167
        ]
      },
      "properties": {
        "name": "Feroze Gandhi Unchahar Thermal Power Station",
        "type": "coal",
        "capacity_mw": 1550.0,
        "operator": "NTPC",
        "state": "Uttar Pradesh",
        "osm_id": "way/148452693"
      }
    },
    {
      "type": "Feature",
      "geometry": {
        "type": "Point",
        "coordinates": [
          88.4028234,
          22.9979833
        ]
      },
      "properties": {
        "name": "Bandel Thermal Power Station",
        "type": "coal",
        "capacity_mw": 450.0,
        "operator": "West Bengal Power Development Corporation",
        "state": "West Bengal",
        "osm_id": "way/148851069"
      }
    },
    {
      "type": "Feature",
      "geometry": {
        "type": "Point",
        "coordinates": [
          87.4520014,
          23.8299977
        ]
      },
      "properties": {
        "name": "Bakreshwar TPS",
        "type": "coal",
        "capacity_mw": 1050.0,
        "operator": "West Bengal Power Development Corporation",
        "state": "West Bengal",
        "osm_id": "way/149778940"
      }
    },
    {
      "type": "Feature",
      "geometry": {
        "type": "Point",
        "coordinates": [
          85.7620738,
          23.7284894
        ]
      },
      "properties": {
        "name": "Tenughat Thermal Power Plant",
        "type": "coal",
        "capacity_mw": 420.0,
        "operator": "Tenughat Vidyut Nigam Limited",
        "state": "Jharkhand",
        "osm_id": "way/149822701"
      }
    },
    {
      "type": "Feature",
      "geometry": {
        "type": "Point",
        "coordinates": [
          85.0742078,
          21.0944334
        ]
      },
      "properties": {
        "name": "Talcher Super Thermal Powerstation",
        "type": "coal",
        "capacity_mw": 3000.0,
        "operator": "NTPC",
        "state": "Odisha",
        "osm_id": "way/151113257"
      }
    },
    {
      "type": "Feature",
      "geometry": {
        "type": "Point",
        "coordinates": [
          74.4383179,
          14.8661137
        ]
      },
      "properties": {
        "name": "Kaiga Atomic Power Station",
        "type": "nuclear",
        "capacity_mw": 880.0,
        "operator": "Nuclear Power Corporation of India (NPCIL)",
        "state": "Karnataka",
        "osm_id": "way/152627181"
      }
    },
    {
      "type": "Feature",
      "geometry": {
        "type": "Point",
        "coordinates": [
          72.9780674,
          21.7809175
        ]
      },
      "properties": {
        "name": "Paguthan GPEC Combined Cycle Power Plant",
        "type": "gas",
        "capacity_mw": 655.0,
        "operator": "CLP India Private Limited",
        "state": "Gujarat",
        "osm_id": "way/160505756"
      }
    },
    {
      "type": "Feature",
      "geometry": {
        "type": "Point",
        "coordinates": [
          69.5531807,
          22.8173404
        ]
      },
      "properties": {
        "name": "Mundra Thermal Powerplant",
        "type": "coal",
        "capacity_mw": 4620.0,
        "operator": "Adani Power",
        "state": "Gujarat",
        "osm_id": "way/160685914"
      }
    },
    {
      "type": "Feature",
      "geometry": {
        "type": "Point",
        "coordinates": [
          69.5188392,
          22.819854
        ]
      },
      "properties": {
        "name": "Coastal Gujarat Power Ltd",
        "type": "coal",
        "capacity_mw": 4000.0,
        "operator": "Tata Power",
        "state": "Gujarat",
        "osm_id": "way/160685919"
      }
    },
    {
      "type": "Feature",
      "geometry": {
        "type": "Point",
        "coordinates": [
          76.3756969,
          28.4822247
        ]
      },
      "properties": {
        "name": "Indira Gandhi Super Thermal Power Project",
        "type": "coal",
        "capacity_mw": 1500.0,
        "operator": "HPGCL (Haryana Power Generation Corporation)",
        "state": "Haryana",
        "osm_id": "way/161472419"
      }
    },
    {
      "type": "Feature",
      "geometry": {
        "type": "Point",
        "coordinates": [
          76.3495557,
          28.4910807
        ]
      },
      "properties": {
        "name": "Mahatma Gandhi Thermal Power Project",
        "type": "coal",
        "capacity_mw": 1320.0,
        "operator": "HPGCL (Haryana Power Generation Corporation)",
        "state": "Haryana",
        "osm_id": "way/161478975"
      }
    },
    {
      "type": "Feature",
      "geometry": {
        "type": "Point",
        "coordinates": [
          77.9801422,
          31.5641331
        ]
      },
      "properties": {
        "name": "Nathpa Jhakri Hydroelectric Power Station",
        "type": "hydro",
        "capacity_mw": 1500.0,
        "operator": "SJVN Limited",
        "state": "Himachal Pradesh",
        "osm_id": "way/166148049"
      }
    },
    {
      "type": "Feature",
      "geometry": {
        "type": "Point",
        "coordinates": [
          77.1848173,
          34.2152957
        ]
      },
      "properties": {
        "name": "Nimoo Bazgo Hydroelectric Plant",
        "type": "hydro",
        "capacity_mw": 45.0,
        "operator": "NHPC Limited",
        "state": "Jammu and Kashmir",
        "osm_id": "way/172135658"
      }
    },
    {
      "type": "Feature",
      "geometry": {
        "type": "Point",
        "coordinates": [
          75.046673,
          13.6766249
        ]
      },
      "properties": {
        "name": "Mani Dam Powerhouse",
        "type": "hydro",
        "capacity_mw": 9.0,
        "operator": "Karnataka Power Corporation Limited",
        "state": "Karnataka",
        "osm_id": "way/172289856"
      }
    },
    {
      "type": "Feature",
      "geometry": {
        "type": "Point",
        "coordinates": [
          77.0717398,
          28.7964571
        ]
      },
      "properties": {
        "name": "Pragati-III Combined Cycle Power Plant",
        "type": "gas",
        "capacity_mw": 1500.0,
        "operator": "Pragati Power Corporation Limited",
        "state": "Delhi",
        "osm_id": "way/172301971"
      }
    },
    {
      "type": "Feature",
      "geometry": {
        "type": "Point",
        "coordinates": [
          71.3285733,
          25.8965751
        ]
      },
      "properties": {
        "name": "Barmer Power Plant",
        "type": "coal",
        "capacity_mw": 1080.0,
        "operator": "Raj West Power Limited",
        "state": "Rajasthan",
        "osm_id": "way/172860716"
      }
    },
    {
      "type": "Feature",
      "geometry": {
        "type": "Point",
        "coordinates": [
          71.2553071,
          26.0458044
        ]
      },
      "properties": {
        "name": "Giral Lignite Power Plant",
        "type": "coal",
        "capacity_mw": 250.0,
        "operator": "Rajasthan Rajya Vidyut Utpadan Nigam",
        "state": "Rajasthan",
        "osm_id": "way/173212580"
      }
    },
    {
      "type": "Feature",
      "geometry": {
        "type": "Point",
        "coordinates": [
          79.5278234,
          26.631137
        ]
      },
      "properties": {
        "name": "Auraiya Thermal Power Station",
        "type": "gas",
        "capacity_mw": 652.0,
        "operator": "NTPC Limited",
        "state": "Uttar Pradesh",
        "osm_id": "way/174037453"
      }
    },
    {
      "type": "Feature",
      "geometry": {
        "type": "Point",
        "coordinates": [
          77.0423516,
          24.6360519
        ]
      },
      "properties": {
        "name": "Chhabra Thermal Power Station",
        "type": "coal",
        "capacity_mw": 2320.0,
        "operator": "Rajasthan Rajya Vidyut Utpadan Nigam",
        "state": "Rajasthan",
        "osm_id": "way/174639087"
      }
    },
    {
      "type": "Feature",
      "geometry": {
        "type": "Point",
        "coordinates": [
          76.7352332,
          24.7787075
        ]
      },
      "properties": {
        "name": "Kawai Thermal Power Station",
        "type": "coal",
        "capacity_mw": 1320.0,
        "operator": "Adani Power",
        "state": "Rajasthan",
        "osm_id": "way/174639100"
      }
    },
    {
      "type": "Feature",
      "geometry": {
        "type": "Point",
        "coordinates": [
          74.8022129,
          24.575439
        ]
      },
      "properties": {
        "name": "Khor Thermal Power Plant",
        "type": "coal",
        "capacity_mw": 50.0,
        "operator": "Grasim Industries",
        "state": "Madhya Pradesh",
        "osm_id": "way/175153854"
      }
    },
    {
      "type": "Feature",
      "geometry": {
        "type": "Point",
        "coordinates": [
          75.5539386,
          24.7013783
        ]
      },
      "properties": {
        "name": "Gandhi Sagar",
        "type": "hydro",
        "capacity_mw": 115.0,
        "operator": "Madhya Pradesh Power Generating Company Limited",
        "state": "Madhya Pradesh",
        "osm_id": "way/175161223"
      }
    },
    {
      "type": "Feature",
      "geometry": {
        "type": "Point",
        "coordinates": [
          73.7469768,
          24.3498795
        ]
      },
      "properties": {
        "name": "Zawar Mines Captive Power Plant",
        "type": "coal",
        "capacity_mw": 80.0,
        "operator": "Hindustan Zinc Limited",
        "state": "Rajasthan",
        "osm_id": "way/175298463"
      }
    },
    {
      "type": "Feature",
      "geometry": {
        "type": "Point",
        "coordinates": [
          71.5972483,
          24.8065411
        ]
      },
      "properties": {
        "name": "Transtech Green Power Plant Sanchore",
        "type": "biomass",
        "capacity_mw": 12.0,
        "operator": "Unknown",
        "state": "Rajasthan",
        "osm_id": "way/175330892"
      }
    },
    {
      "type": "Feature",
      "geometry": {
        "type": "Point",
        "coordinates": [
          84.0392763,
          21.816881
        ]
      },
      "properties": {
        "name": "Jharsuguda Sterlite power station",
        "type": "coal",
        "capacity_mw": 2400.0,
        "operator": "Sterlite Energy Ltd.",
        "state": "Odisha",
        "osm_id": "way/175447676"
      }
    },
    {
      "type": "Feature",
      "geometry": {
        "type": "Point",
        "coordinates": [
          76.5594219,
          31.2058887
        ]
      },
      "properties": {
        "name": "Anandpur Sahib Power House II",
        "type": "hydro",
        "capacity_mw": 67.0,
        "operator": "Punjab State Power Corporation",
        "state": "Punjab",
        "osm_id": "way/177337970"
      }
    },
    {
      "type": "Feature",
      "geometry": {
        "type": "Point",
        "coordinates": [
          85.2911873,
          20.8076658
        ]
      },
      "properties": {
        "name": "Motunga Coal Plant",
        "type": "coal",
        "capacity_mw": 95.0,
        "operator": "Unknown",
        "state": "Odisha",
        "osm_id": "way/177572840"
      }
    },
    {
      "type": "Feature",
      "geometry": {
        "type": "Point",
        "coordinates": [
          75.8627398,
          29.3490858
        ]
      },
      "properties": {
        "name": "Rajiv Gandhi Thermal Power Project",
        "type": "coal",
        "capacity_mw": 1200.0,
        "operator": "Haryana Power Generation Corporation Limited",
        "state": "Haryana",
        "osm_id": "way/183894202"
      }
    },
    {
      "type": "Feature",
      "geometry": {
        "type": "Point",
        "coordinates": [
          68.9924851,
          22.4087365
        ]
      },
      "properties": {
        "name": "Mithapur Solar Power Plant",
        "type": "solar",
        "capacity_mw": 25.0,
        "operator": "Tata Power Solar Systems Limited (TPREL)",
        "state": "Gujarat",
        "osm_id": "way/184938245"
      }
    },
    {
      "type": "Feature",
      "geometry": {
        "type": "Point",
        "coordinates": [
          74.9259011,
          30.2350364
        ]
      },
      "properties": {
        "name": "Guru Nanak Dev Thermal Power Plant",
        "type": "coal",
        "capacity_mw": 440.0,
        "operator": "GNDTP",
        "state": "Punjab",
        "osm_id": "way/185778688"
      }
    },
    {
      "type": "Feature",
      "geometry": {
        "type": "Point",
        "coordinates": [
          75.6699909,
          12.8384321
        ]
      },
      "properties": {
        "name": "Kempuhole Power Plant",
        "type": "hydro",
        "capacity_mw": 0,
        "operator": "Unknown",
        "state": "Karnataka",
        "osm_id": "way/186638787"
      }
    },
    {
      "type": "Feature",
      "geometry": {
        "type": "Point",
        "coordinates": [
          77.2491003,
          32.0040586
        ]
      },
      "properties": {
        "name": "Malana Hydroelectric Power Plant",
        "type": "hydro",
        "capacity_mw": 86.0,
        "operator": "Malana Power Company Limited",
        "state": "Himachal Pradesh",
        "osm_id": "way/191046676"
      }
    },
    {
      "type": "Feature",
      "geometry": {
        "type": "Point",
        "coordinates": [
          73.7488374,
          21.8344639
        ]
      },
      "properties": {
        "name": "Sardar Sarovar Dam Power House",
        "type": "hydro",
        "capacity_mw": 1450.0,
        "operator": "SSNNL",
        "state": "Gujarat",
        "osm_id": "way/191322438"
      }
    },
    {
      "type": "Feature",
      "geometry": {
        "type": "Point",
        "coordinates": [
          76.4695383,
          22.2887224
        ]
      },
      "properties": {
        "name": "Indira Sagar",
        "type": "hydro",
        "capacity_mw": 1000.0,
        "operator": "NHDC Limited",
        "state": "Madhya Pradesh",
        "osm_id": "way/192715770"
      }
    },
    {
      "type": "Feature",
      "geometry": {
        "type": "Point",
        "coordinates": [
          76.5362669,
          22.1029584
        ]
      },
      "properties": {
        "name": "Shree Singaji Thermal Power Project",
        "type": "coal",
        "capacity_mw": 2520.0,
        "operator": "Madhya Pradesh Power Generating Company Limited",
        "state": "Madhya Pradesh",
        "osm_id": "way/192715779"
      }
    },
    {
      "type": "Feature",
      "geometry": {
        "type": "Point",
        "coordinates": [
          75.6814581,
          22.164338
        ]
      },
      "properties": {
        "name": "Maheshwar Hydroelectric Power Station",
        "type": "hydro",
        "capacity_mw": 400.0,
        "operator": "NHDC Limited",
        "state": "Madhya Pradesh",
        "osm_id": "way/192772362"
      }
    },
    {
      "type": "Feature",
      "geometry": {
        "type": "Point",
        "coordinates": [
          76.3188247,
          25.1805579
        ]
      },
      "properties": {
        "name": "Anta Thermal Power Station",
        "type": "gas",
        "capacity_mw": 419.33,
        "operator": "NTPC",
        "state": "Rajasthan",
        "osm_id": "way/193194772"
      }
    },
    {
      "type": "Feature",
      "geometry": {
        "type": "Point",
        "coordinates": [
          73.5286899,
          28.3684887
        ]
      },
      "properties": {
        "name": "Lunkaransar Tehsil Solar Plant",
        "type": "solar",
        "capacity_mw": 0,
        "operator": "Unknown",
        "state": "Rajasthan",
        "osm_id": "way/193910495"
      }
    },
    {
      "type": "Feature",
      "geometry": {
        "type": "Point",
        "coordinates": [
          77.8349001,
          25.5623287
        ]
      },
      "properties": {
        "name": "Marhikheda",
        "type": "hydro",
        "capacity_mw": 60.0,
        "operator": "Madhya Pradesh Power Generating Company Limited",
        "state": "Madhya Pradesh",
        "osm_id": "way/194040818"
      }
    },
    {
      "type": "Feature",
      "geometry": {
        "type": "Point",
        "coordinates": [
          78.3719185,
          25.1002237
        ]
      },
      "properties": {
        "name": "Matatila",
        "type": "hydro",
        "capacity_mw": 30.6,
        "operator": "Uttar Pradesh Rajya Vidyut Utpadan Nigam Limited",
        "state": "Uttar Pradesh",
        "osm_id": "way/194040819"
      }
    },
    {
      "type": "Feature",
      "geometry": {
        "type": "Point",
        "coordinates": [
          78.2321225,
          24.7635714
        ]
      },
      "properties": {
        "name": "Rajghat powerhouse",
        "type": "hydro",
        "capacity_mw": 45.0,
        "operator": "Madhya Pradesh Power Generating Company Limited",
        "state": "Uttar Pradesh",
        "osm_id": "way/194040861"
      }
    },
    {
      "type": "Feature",
      "geometry": {
        "type": "Point",
        "coordinates": [
          78.177902,
          22.1102271
        ]
      },
      "properties": {
        "name": "Satpura Thermal Power Station",
        "type": "coal",
        "capacity_mw": 1330.0,
        "operator": "Madhya Pradesh Power Generating Company Limited",
        "state": "Madhya Pradesh",
        "osm_id": "way/194209498"
      }
    },
    {
      "type": "Feature",
      "geometry": {
        "type": "Point",
        "coordinates": [
          79.9242553,
          22.9430019
        ]
      },
      "properties": {
        "name": "Bargi",
        "type": "hydro",
        "capacity_mw": 90.0,
        "operator": "Madhya Pradesh Power Generating Company Limited",
        "state": "Madhya Pradesh",
        "osm_id": "way/194707370"
      }
    },
    {
      "type": "Feature",
      "geometry": {
        "type": "Point",
        "coordinates": [
          81.2875,
          24.1917
        ]
      },
      "properties": {
        "name": "Bansagar-I",
        "type": "hydro",
        "capacity_mw": 315.0,
        "operator": "NHDC Limited",
        "state": "Madhya Pradesh",
        "osm_id": "way/195665277"
      }
    },
    {
      "type": "Feature",
      "geometry": {
        "type": "Point",
        "coordinates": [
          81.2961667,
          24.4848692
        ]
      },
      "properties": {
        "name": "Bansagar-II",
        "type": "hydro",
        "capacity_mw": 30.0,
        "operator": "Madhya Pradesh Power Generating Company Limited",
        "state": "Madhya Pradesh",
        "osm_id": "way/195665279"
      }
    },
    {
      "type": "Feature",
      "geometry": {
        "type": "Point",
        "coordinates": [
          81.2856621,
          24.1873668
        ]
      },
      "properties": {
        "name": "Bansagar-III",
        "type": "hydro",
        "capacity_mw": 60.0,
        "operator": "Madhya Pradesh Power Generating Company Limited",
        "state": "Madhya Pradesh",
        "osm_id": "way/195665280"
      }
    },
    {
      "type": "Feature",
      "geometry": {
        "type": "Point",
        "coordinates": [
          81.2746864,
          24.2229477
        ]
      },
      "properties": {
        "name": "Bansagar-IV",
        "type": "hydro",
        "capacity_mw": 20.0,
        "operator": "Madhya Pradesh Power Generating Company Limited",
        "state": "Madhya Pradesh",
        "osm_id": "way/195665281"
      }
    },
    {
      "type": "Feature",
      "geometry": {
        "type": "Point",
        "coordinates": [
          82.4079897,
          24.0063057
        ]
      },
      "properties": {
        "name": "Mahan Thermal Power Plant",
        "type": "coal",
        "capacity_mw": 1200.0,
        "operator": "Adani Power",
        "state": "Madhya Pradesh",
        "osm_id": "way/195665346"
      }
    },
    {
      "type": "Feature",
      "geometry": {
        "type": "Point",
        "coordinates": [
          81.0332923,
          23.3253755
        ]
      },
      "properties": {
        "name": "Birsingpur",
        "type": "hydro",
        "capacity_mw": 20.0,
        "operator": "Madhya Pradesh Power Generating Company Limited",
        "state": "Madhya Pradesh",
        "osm_id": "way/195777667"
      }
    },
    {
      "type": "Feature",
      "geometry": {
        "type": "Point",
        "coordinates": [
          81.0648047,
          23.3084352
        ]
      },
      "properties": {
        "name": "Sanjay Gandhi Thermal Power Station",
        "type": "coal",
        "capacity_mw": 1340.0,
        "operator": "Madhya Pradesh Power Generating Company Limited",
        "state": "Madhya Pradesh",
        "osm_id": "way/195777815"
      }
    },
    {
      "type": "Feature",
      "geometry": {
        "type": "Point",
        "coordinates": [
          81.7890919,
          23.0670378
        ]
      },
      "properties": {
        "name": "Anuppur Thermal Power Project",
        "type": "coal",
        "capacity_mw": 1200.0,
        "operator": "Hindustan Power Private Limited",
        "state": "Madhya Pradesh",
        "osm_id": "way/195991256"
      }
    },
    {
      "type": "Feature",
      "geometry": {
        "type": "Point",
        "coordinates": [
          82.6740608,
          24.1050321
        ]
      },
      "properties": {
        "name": "Vindhyachal",
        "type": "coal",
        "capacity_mw": 4760.0,
        "operator": "NTPC",
        "state": "Madhya Pradesh",
        "osm_id": "way/196019571"
      }
    },
    {
      "type": "Feature",
      "geometry": {
        "type": "Point",
        "coordinates": [
          82.7065171,
          24.1053291
        ]
      },
      "properties": {
        "name": "Singrauli Super Thermal Power Station",
        "type": "coal",
        "capacity_mw": 2000.0,
        "operator": "NTPC",
        "state": "Uttar Pradesh",
        "osm_id": "way/196411761"
      }
    },
    {
      "type": "Feature",
      "geometry": {
        "type": "Point",
        "coordinates": [
          82.7910858,
          24.1816572
        ]
      },
      "properties": {
        "name": "Renusagar Coal Power Plant",
        "type": "coal",
        "capacity_mw": 742.0,
        "operator": "Hindalco Industries Limited",
        "state": "Uttar Pradesh",
        "osm_id": "way/196524169"
      }
    },
    {
      "type": "Feature",
      "geometry": {
        "type": "Point",
        "coordinates": [
          82.7935912,
          24.0280727
        ]
      },
      "properties": {
        "name": "Rihand Thermal Power Station",
        "type": "coal",
        "capacity_mw": 3000.0,
        "operator": "NTPC",
        "state": "Uttar Pradesh",
        "osm_id": "way/196663594"
      }
    },
    {
      "type": "Feature",
      "geometry": {
        "type": "Point",
        "coordinates": [
          78.7578375,
          25.5136804
        ]
      },
      "properties": {
        "name": "Parichha Thermal Power Station",
        "type": "coal",
        "capacity_mw": 920.0,
        "operator": "Uttar Pradesh Rajya Vidyut Utpadan Nigam Limited",
        "state": "Uttar Pradesh",
        "osm_id": "way/197187434"
      }
    },
    {
      "type": "Feature",
      "geometry": {
        "type": "Point",
        "coordinates": [
          82.4547023,
          24.2238599
        ]
      },
      "properties": {
        "name": "Mahan Aluminium Bargawan Coal Power Plant",
        "type": "coal",
        "capacity_mw": 750.0,
        "operator": "Hindalco Industries Limited",
        "state": "Madhya Pradesh",
        "osm_id": "way/197202067"
      }
    },
    {
      "type": "Feature",
      "geometry": {
        "type": "Point",
        "coordinates": [
          73.8145818,
          19.2345264
        ]
      },
      "properties": {
        "name": "Manikdoh Dam Power Station",
        "type": "hydro",
        "capacity_mw": 12,
        "operator": "MAHAGENCO",
        "state": "Maharashtra",
        "osm_id": "way/198125733"
      }
    },
    {
      "type": "Feature",
      "geometry": {
        "type": "Point",
        "coordinates": [
          77.2754743,
          32.0811702
        ]
      },
      "properties": {
        "name": "Malana Stage II",
        "type": "hydro",
        "capacity_mw": 100.0,
        "operator": "Malana Power Company Limited",
        "state": "Himachal Pradesh",
        "osm_id": "way/199104528"
      }
    },
    {
      "type": "Feature",
      "geometry": {
        "type": "Point",
        "coordinates": [
          75.3242454,
          12.8546506
        ]
      },
      "properties": {
        "name": "Neerakatte Hydel Plant",
        "type": "hydro",
        "capacity_mw": 0,
        "operator": "Unknown",
        "state": "Karnataka",
        "osm_id": "way/199356084"
      }
    },
    {
      "type": "Feature",
      "geometry": {
        "type": "Point",
        "coordinates": [
          75.3595548,
          12.9582115
        ]
      },
      "properties": {
        "name": "Beltangadi taluk Hydro Plant",
        "type": "hydro",
        "capacity_mw": 0,
        "operator": "Unknown",
        "state": "Karnataka",
        "osm_id": "way/199516683"
      }
    },
    {
      "type": "Feature",
      "geometry": {
        "type": "Point",
        "coordinates": [
          78.9353006,
          21.036851
        ]
      },
      "properties": {
        "name": "Mihan Sez Power Plant",
        "type": "coal",
        "capacity_mw": 0,
        "operator": "Unknown",
        "state": "Maharashtra",
        "osm_id": "way/201845422"
      }
    },
    {
      "type": "Feature",
      "geometry": {
        "type": "Point",
        "coordinates": [
          79.3966299,
          21.1799234
        ]
      },
      "properties": {
        "name": "Mauda Super Thermal Power Station",
        "type": "coal",
        "capacity_mw": 2320.0,
        "operator": "NTPC",
        "state": "Maharashtra",
        "osm_id": "way/201955697"
      }
    },
    {
      "type": "Feature",
      "geometry": {
        "type": "Point",
        "coordinates": [
          78.9336336,
          20.9281374
        ]
      },
      "properties": {
        "name": "Butibori Thermal Power Station",
        "type": "coal",
        "capacity_mw": 600.0,
        "operator": "Reliance Power",
        "state": "Maharashtra",
        "osm_id": "way/201955740"
      }
    },
    {
      "type": "Feature",
      "geometry": {
        "type": "Point",
        "coordinates": [
          81.4243243,
          21.1882014
        ]
      },
      "properties": {
        "name": "Bhilai 500 MW Expansion Power Project",
        "type": "coal",
        "capacity_mw": 500.0,
        "operator": "NSPCL",
        "state": "Chhattisgarh",
        "osm_id": "way/202180496"
      }
    },
    {
      "type": "Feature",
      "geometry": {
        "type": "Point",
        "coordinates": [
          79.9605225,
          20.6025669
        ]
      },
      "properties": {
        "name": "Desaiganj (Wadasa) Taluka Coal Plant",
        "type": "coal",
        "capacity_mw": 0,
        "operator": "Unknown",
        "state": "Maharashtra",
        "osm_id": "way/202180515"
      }
    },
    {
      "type": "Feature",
      "geometry": {
        "type": "Point",
        "coordinates": [
          78.9814126,
          20.2727797
        ]
      },
      "properties": {
        "name": "Wardha Warora Power Plant",
        "type": "coal",
        "capacity_mw": 540.0,
        "operator": "KSK Energy Ventures",
        "state": "Maharashtra",
        "osm_id": "way/202180620"
      }
    },
    {
      "type": "Feature",
      "geometry": {
        "type": "Point",
        "coordinates": [
          82.6053249,
          22.0703404
        ]
      },
      "properties": {
        "name": "Marwa Thermal Power Plant",
        "type": "coal",
        "capacity_mw": 1000.0,
        "operator": "Chhattisgarh State Power Generation Company",
        "state": "Chhattisgarh",
        "osm_id": "way/202980849"
      }
    },
    {
      "type": "Feature",
      "geometry": {
        "type": "Point",
        "coordinates": [
          82.7219486,
          22.2424497
        ]
      },
      "properties": {
        "name": "Lanco Amarkantak",
        "type": "coal",
        "capacity_mw": 600.0,
        "operator": "Lanco",
        "state": "Chhattisgarh",
        "osm_id": "way/203011165"
      }
    },
    {
      "type": "Feature",
      "geometry": {
        "type": "Point",
        "coordinates": [
          82.4132796,
          21.9617037
        ]
      },
      "properties": {
        "name": "Akaltara-KMPCL Coal Power Plant",
        "type": "coal",
        "capacity_mw": 1800.0,
        "operator": "KSK Mahanadi Power Company Ltd",
        "state": "Chhattisgarh",
        "osm_id": "way/203167959"
      }
    },
    {
      "type": "Feature",
      "geometry": {
        "type": "Point",
        "coordinates": [
          82.5971526,
          22.6035811
        ]
      },
      "properties": {
        "name": "Hasdeo Bango power station",
        "type": "hydro",
        "capacity_mw": 120.0,
        "operator": "Chhattisgarh State Power Generation Company",
        "state": "Chhattisgarh",
        "osm_id": "way/203167962"
      }
    },
    {
      "type": "Feature",
      "geometry": {
        "type": "Point",
        "coordinates": [
          82.6804012,
          22.4143141
        ]
      },
      "properties": {
        "name": "Hasdeo Thermal Power Station Korba West",
        "type": "coal",
        "capacity_mw": 1340.0,
        "operator": "CSEB (Chhattisgarh State Electricity Board)",
        "state": "Chhattisgarh",
        "osm_id": "way/203167965"
      }
    },
    {
      "type": "Feature",
      "geometry": {
        "type": "Point",
        "coordinates": [
          82.7202147,
          22.370576
        ]
      },
      "properties": {
        "name": "Dr. Shyama Prasad Mukherjee Thermal Power Station",
        "type": "coal",
        "capacity_mw": 500.0,
        "operator": "Chhattisgarh State Power Generation Company",
        "state": "Chhattisgarh",
        "osm_id": "way/203167968"
      }
    },
    {
      "type": "Feature",
      "geometry": {
        "type": "Point",
        "coordinates": [
          82.683916,
          22.3872846
        ]
      },
      "properties": {
        "name": "Korba Super Thermal Power Plant",
        "type": "coal",
        "capacity_mw": 2600.0,
        "operator": "NTPC",
        "state": "Chhattisgarh",
        "osm_id": "way/203167969"
      }
    },
    {
      "type": "Feature",
      "geometry": {
        "type": "Point",
        "coordinates": [
          82.5561117,
          22.3945578
        ]
      },
      "properties": {
        "name": "Chakabura Power Station",
        "type": "coal",
        "capacity_mw": 60.0,
        "operator": "ACB (India)",
        "state": "Chhattisgarh",
        "osm_id": "way/203167987"
      }
    },
    {
      "type": "Feature",
      "geometry": {
        "type": "Point",
        "coordinates": [
          83.2742158,
          21.7408088
        ]
      },
      "properties": {
        "name": "Adani Korba West power station",
        "type": "coal",
        "capacity_mw": 600.0,
        "operator": "Korba West Power Company",
        "state": "Chhattisgarh",
        "osm_id": "way/203168010"
      }
    },
    {
      "type": "Feature",
      "geometry": {
        "type": "Point",
        "coordinates": [
          83.1912217,
          21.9082666
        ]
      },
      "properties": {
        "name": "Baradarha Power Station",
        "type": "coal",
        "capacity_mw": 1200.0,
        "operator": "CSEB (Chhattisgarh State Electricity Board)",
        "state": "Chhattisgarh",
        "osm_id": "way/203168041"
      }
    },
    {
      "type": "Feature",
      "geometry": {
        "type": "Point",
        "coordinates": [
          82.6266652,
          22.4871421
        ]
      },
      "properties": {
        "name": "Katghora Tahsil Coal Plant",
        "type": "coal",
        "capacity_mw": 35.0,
        "operator": "Vandana Energy & Steel",
        "state": "Chhattisgarh",
        "osm_id": "way/203168051"
      }
    },
    {
      "type": "Feature",
      "geometry": {
        "type": "Point",
        "coordinates": [
          82.6059366,
          22.4900708
        ]
      },
      "properties": {
        "name": "Salora Power Station",
        "type": "coal",
        "capacity_mw": 270.0,
        "operator": "Vandana Vidhyut",
        "state": "Chhattisgarh",
        "osm_id": "way/203168066"
      }
    },
    {
      "type": "Feature",
      "geometry": {
        "type": "Point",
        "coordinates": [
          82.2285262,
          25.6514489
        ]
      },
      "properties": {
        "name": "Abhavani Steels Power plant",
        "type": "coal",
        "capacity_mw": 40.0,
        "operator": "Unknown",
        "state": "Uttar Pradesh",
        "osm_id": "way/203915174"
      }
    },
    {
      "type": "Feature",
      "geometry": {
        "type": "Point",
        "coordinates": [
          79.9370254,
          27.8187503
        ]
      },
      "properties": {
        "name": "Rosa Thermal Power Plant",
        "type": "coal",
        "capacity_mw": 1200.0,
        "operator": "Reliance",
        "state": "Uttar Pradesh",
        "osm_id": "way/203915176"
      }
    },
    {
      "type": "Feature",
      "geometry": {
        "type": "Point",
        "coordinates": [
          78.757622,
          29.516921
        ]
      },
      "properties": {
        "name": "Ramganga Hydroelectric Power Plant",
        "type": "hydro",
        "capacity_mw": 198.0,
        "operator": "Uttarakhand Jal Vidyut Nigam Limited",
        "state": "Uttarakhand",
        "osm_id": "way/204007350"
      }
    },
    {
      "type": "Feature",
      "geometry": {
        "type": "Point",
        "coordinates": [
          85.0352057,
          21.2755523
        ]
      },
      "properties": {
        "name": "Rengali Hydroelectric Power Plant",
        "type": "hydro",
        "capacity_mw": 250.0,
        "operator": "Unknown",
        "state": "Odisha",
        "osm_id": "way/205495613"
      }
    },
    {
      "type": "Feature",
      "geometry": {
        "type": "Point",
        "coordinates": [
          86.7464048,
          23.8209777
        ]
      },
      "properties": {
        "name": "Maithon Power Plant",
        "type": "coal",
        "capacity_mw": 1050.0,
        "operator": "Tata Power",
        "state": "Jharkhand",
        "osm_id": "way/205803245"
      }
    },
    {
      "type": "Feature",
      "geometry": {
        "type": "Point",
        "coordinates": [
          85.7542106,
          25.4877023
        ]
      },
      "properties": {
        "name": "Barh Super Thermal Power Station",
        "type": "coal",
        "capacity_mw": 3300.0,
        "operator": "NTPC",
        "state": "Bihar",
        "osm_id": "way/205942946"
      }
    },
    {
      "type": "Feature",
      "geometry": {
        "type": "Point",
        "coordinates": [
          87.2663069,
          25.2390895
        ]
      },
      "properties": {
        "name": "Kahalgaon Thermal Power Station",
        "type": "coal",
        "capacity_mw": 2340.0,
        "operator": "National Thermal Power NTPC",
        "state": "Bihar",
        "osm_id": "way/205942949"
      }
    },
    {
      "type": "Feature",
      "geometry": {
        "type": "Point",
        "coordinates": [
          87.0472183,
          23.7851322
        ]
      },
      "properties": {
        "name": "Crescent Power Limited",
        "type": "coal",
        "capacity_mw": 40.0,
        "operator": "Crescent Power Limited",
        "state": "West Bengal",
        "osm_id": "way/206009234"
      }
    },
    {
      "type": "Feature",
      "geometry": {
        "type": "Point",
        "coordinates": [
          87.2102967,
          23.5774768
        ]
      },
      "properties": {
        "name": "Durgapur Steel Thermal Power Station",
        "type": "coal",
        "capacity_mw": 1000.0,
        "operator": "Damodor Vally Corporation",
        "state": "West Bengal",
        "osm_id": "way/206009237"
      }
    },
    {
      "type": "Feature",
      "geometry": {
        "type": "Point",
        "coordinates": [
          70.558093,
          23.3785681
        ]
      },
      "properties": {
        "name": "Adhoi (Pasakayara)",
        "type": "solar",
        "capacity_mw": 30.0,
        "operator": "Unknown",
        "state": "Gujarat",
        "osm_id": "way/208270566"
      }
    },
    {
      "type": "Feature",
      "geometry": {
        "type": "Point",
        "coordinates": [
          70.3878358,
          23.3492611
        ]
      },
      "properties": {
        "name": "Mouje Karmariya",
        "type": "solar",
        "capacity_mw": 20.0,
        "operator": "Solar Semiconductor Power Company",
        "state": "Gujarat",
        "osm_id": "way/208270576"
      }
    },
    {
      "type": "Feature",
      "geometry": {
        "type": "Point",
        "coordinates": [
          73.392,
          26.97
        ]
      },
      "properties": {
        "name": "Khisara",
        "type": "solar",
        "capacity_mw": 5.0,
        "operator": "Unknown",
        "state": "Gujarat",
        "osm_id": "way/208350328"
      }
    },
    {
      "type": "Feature",
      "geometry": {
        "type": "Point",
        "coordinates": [
          72.8581066,
          27.8580247
        ]
      },
      "properties": {
        "name": "VS Lignite Power Plant",
        "type": "coal",
        "capacity_mw": 135.0,
        "operator": "KSK Energy Ventures Pvt Ltd",
        "state": "Rajasthan",
        "osm_id": "way/208635578"
      }
    },
    {
      "type": "Feature",
      "geometry": {
        "type": "Point",
        "coordinates": [
          85.5625835,
          24.3859329
        ]
      },
      "properties": {
        "name": "Koderma Thermal Power Station",
        "type": "coal",
        "capacity_mw": 1000.0,
        "operator": "Damodar Valley Corporation",
        "state": "Jharkhand",
        "osm_id": "way/209806629"
      }
    },
    {
      "type": "Feature",
      "geometry": {
        "type": "Point",
        "coordinates": [
          75.7311137,
          32.4398082
        ]
      },
      "properties": {
        "name": "Ranjit Sagar hydro power station",
        "type": "hydro",
        "capacity_mw": 600.0,
        "operator": "Punjab State Power Corporation",
        "state": "Punjab",
        "osm_id": "way/210057006"
      }
    },
    {
      "type": "Feature",
      "geometry": {
        "type": "Point",
        "coordinates": [
          74.8520166,
          32.7576313
        ]
      },
      "properties": {
        "name": "Janipur Power House",
        "type": "hydro",
        "capacity_mw": 15.0,
        "operator": "Jammu and Kashmir Power Development Corporation",
        "state": "Jammu and Kashmir",
        "osm_id": "way/210414986"
      }
    },
    {
      "type": "Feature",
      "geometry": {
        "type": "Point",
        "coordinates": [
          75.5836724,
          32.3373169
        ]
      },
      "properties": {
        "name": "Pathankot Tahsil Hydro Plant",
        "type": "hydro",
        "capacity_mw": 15.0,
        "operator": "Punjab State Power Corporation",
        "state": "Punjab",
        "osm_id": "way/210415045"
      }
    },
    {
      "type": "Feature",
      "geometry": {
        "type": "Point",
        "coordinates": [
          75.6651782,
          31.8903792
        ]
      },
      "properties": {
        "name": "Mukerian Hydel Project IV",
        "type": "hydro",
        "capacity_mw": 58.5,
        "operator": "Punjab State Power Corporation",
        "state": "Punjab",
        "osm_id": "way/210427153"
      }
    },
    {
      "type": "Feature",
      "geometry": {
        "type": "Point",
        "coordinates": [
          75.8358133,
          31.9550405
        ]
      },
      "properties": {
        "name": "Mukerian Hydel Project I",
        "type": "hydro",
        "capacity_mw": 45.0,
        "operator": "Punjab State Power Corporation",
        "state": "Punjab",
        "osm_id": "way/210427154"
      }
    },
    {
      "type": "Feature",
      "geometry": {
        "type": "Point",
        "coordinates": [
          76.5646905,
          31.0417401
        ]
      },
      "properties": {
        "name": "Guru Gobind Singh Super Thermal Power Plant",
        "type": "coal",
        "capacity_mw": 2100.0,
        "operator": "Punjab State Power Corporation",
        "state": "Punjab",
        "osm_id": "way/210624446"
      }
    },
    {
      "type": "Feature",
      "geometry": {
        "type": "Point",
        "coordinates": [
          74.0897983,
          19.8637411
        ]
      },
      "properties": {
        "name": "RattanIndia Nashik Thermal Power Project",
        "type": "coal",
        "capacity_mw": 1350.0,
        "operator": "RattanIndia",
        "state": "Maharashtra",
        "osm_id": "way/220816413"
      }
    },
    {
      "type": "Feature",
      "geometry": {
        "type": "Point",
        "coordinates": [
          73.892377,
          19.9831528
        ]
      },
      "properties": {
        "name": "Nashik Thermal Power Station",
        "type": "coal",
        "capacity_mw": 630.0,
        "operator": "Maharashtra State Power Generation Company",
        "state": "Maharashtra",
        "osm_id": "way/220894039"
      }
    },
    {
      "type": "Feature",
      "geometry": {
        "type": "Point",
        "coordinates": [
          75.8511239,
          21.0465892
        ]
      },
      "properties": {
        "name": "Bhusawal Thermal Power Station",
        "type": "coal",
        "capacity_mw": 1210.0,
        "operator": "Maharashtra State Power Generation Company",
        "state": "Maharashtra",
        "osm_id": "way/221054237"
      }
    },
    {
      "type": "Feature",
      "geometry": {
        "type": "Point",
        "coordinates": [
          76.7989254,
          20.7161592
        ]
      },
      "properties": {
        "name": "Paras Thermal Power Station",
        "type": "coal",
        "capacity_mw": 500.0,
        "operator": "Maharashtra State Power Generation Company",
        "state": "Maharashtra",
        "osm_id": "way/221135458"
      }
    },
    {
      "type": "Feature",
      "geometry": {
        "type": "Point",
        "coordinates": [
          77.900998,
          21.0756761
        ]
      },
      "properties": {
        "name": "Amravati Thermal Power Project",
        "type": "coal",
        "capacity_mw": 1350.0,
        "operator": "RattanIndia Power Ltd",
        "state": "Maharashtra",
        "osm_id": "way/221135557"
      }
    },
    {
      "type": "Feature",
      "geometry": {
        "type": "Point",
        "coordinates": [
          78.6290376,
          20.7072467
        ]
      },
      "properties": {
        "name": "Wardha Coal Plant",
        "type": "coal",
        "capacity_mw": 80.0,
        "operator": "Uttam Galva",
        "state": "Maharashtra",
        "osm_id": "way/221264662"
      }
    },
    {
      "type": "Feature",
      "geometry": {
        "type": "Point",
        "coordinates": [
          76.5439455,
          18.9037542
        ]
      },
      "properties": {
        "name": "Parli Thermal Power Station",
        "type": "coal",
        "capacity_mw": 750.0,
        "operator": "Maharashtra State Power Generation Company",
        "state": "Maharashtra",
        "osm_id": "way/661216615"
      }
    },
    {
      "type": "Feature",
      "geometry": {
        "type": "Point",
        "coordinates": [
          75.1196773,
          18.0720731
        ]
      },
      "properties": {
        "name": "Ujani",
        "type": "hydro",
        "capacity_mw": 12.0,
        "operator": "Unknown",
        "state": "Maharashtra",
        "osm_id": "way/221543039"
      }
    },
    {
      "type": "Feature",
      "geometry": {
        "type": "Point",
        "coordinates": [
          74.5059224,
          23.5446697
        ]
      },
      "properties": {
        "name": "Mahi Power House I",
        "type": "hydro",
        "capacity_mw": 50.0,
        "operator": "Rajasthan Rajya Vidyut Utpadan Nigam",
        "state": "Rajasthan",
        "osm_id": "way/222370755"
      }
    },
    {
      "type": "Feature",
      "geometry": {
        "type": "Point",
        "coordinates": [
          95.3757367,
          27.1855706
        ]
      },
      "properties": {
        "name": "Namrup Thermal Power Station",
        "type": "gas",
        "capacity_mw": 156.0,
        "operator": "APGCL (Assam Power Generation Corporation Limited)",
        "state": "Assam",
        "osm_id": "way/222537996"
      }
    },
    {
      "type": "Feature",
      "geometry": {
        "type": "Point",
        "coordinates": [
          73.6494174,
          19.5332934
        ]
      },
      "properties": {
        "name": "Ghatghar Hydro Power Station",
        "type": "hydro",
        "capacity_mw": 250,
        "operator": "MAHAGENCO",
        "state": "Maharashtra",
        "osm_id": "way/222687711"
      }
    },
    {
      "type": "Feature",
      "geometry": {
        "type": "Point",
        "coordinates": [
          69.026229,
          23.2556644
        ]
      },
      "properties": {
        "name": "Bitta Solar Power Plant",
        "type": "solar",
        "capacity_mw": 40.0,
        "operator": "Adani Power",
        "state": "Gujarat",
        "osm_id": "way/222878251"
      }
    },
    {
      "type": "Feature",
      "geometry": {
        "type": "Point",
        "coordinates": [
          70.7439386,
          23.3685837
        ]
      },
      "properties": {
        "name": "Pratapgarh",
        "type": "solar",
        "capacity_mw": 9.0,
        "operator": "Integrated Coal Mining",
        "state": "Gujarat",
        "osm_id": "way/222878252"
      }
    },
    {
      "type": "Feature",
      "geometry": {
        "type": "Point",
        "coordinates": [
          70.0081687,
          23.2586107
        ]
      },
      "properties": {
        "name": "Rapar Khokhara",
        "type": "solar",
        "capacity_mw": 5.0,
        "operator": "Taxus Group",
        "state": "Gujarat",
        "osm_id": "way/222878253"
      }
    },
    {
      "type": "Feature",
      "geometry": {
        "type": "Point",
        "coordinates": [
          72.304386,
          27.3862115
        ]
      },
      "properties": {
        "name": "Bap - Punj Lloyd",
        "type": "solar",
        "capacity_mw": 5.0,
        "operator": "Punj Lloyd Solar Private Limited",
        "state": "Rajasthan",
        "osm_id": "way/222885307"
      }
    },
    {
      "type": "Feature",
      "geometry": {
        "type": "Point",
        "coordinates": [
          72.1622751,
          27.4037329
        ]
      },
      "properties": {
        "name": "Rawra Viraj Solar Field",
        "type": "solar",
        "capacity_mw": 5.0,
        "operator": "Unknown",
        "state": "Rajasthan",
        "osm_id": "way/222885308"
      }
    },
    {
      "type": "Feature",
      "geometry": {
        "type": "Point",
        "coordinates": [
          72.2294586,
          27.3950813
        ]
      },
      "properties": {
        "name": "Bap Tehsil Solar Plant",
        "type": "solar",
        "capacity_mw": 25.0,
        "operator": "Green Infra Solar Farms Private Limited (GIS)",
        "state": "Rajasthan",
        "osm_id": "way/654730197"
      }
    },
    {
      "type": "Feature",
      "geometry": {
        "type": "Point",
        "coordinates": [
          72.1539312,
          27.395816
        ]
      },
      "properties": {
        "name": "Rawra Tracker",
        "type": "solar",
        "capacity_mw": 5.0,
        "operator": "Unknown",
        "state": "Rajasthan",
        "osm_id": "way/222885310"
      }
    },
    {
      "type": "Feature",
      "geometry": {
        "type": "Point",
        "coordinates": [
          82.0839749,
          27.0793716
        ]
      },
      "properties": {
        "name": "Kundarkhi Thermal Power Station",
        "type": "coal",
        "capacity_mw": 90.0,
        "operator": "Bajaj Energy Limited",
        "state": "Uttar Pradesh",
        "osm_id": "way/223672954"
      }
    },
    {
      "type": "Feature",
      "geometry": {
        "type": "Point",
        "coordinates": [
          69.7120467,
          22.3080056
        ]
      },
      "properties": {
        "name": "Essar Power",
        "type": "coal",
        "capacity_mw": 1200.0,
        "operator": "Essar Energy",
        "state": "Gujarat",
        "osm_id": "way/223725824"
      }
    },
    {
      "type": "Feature",
      "geometry": {
        "type": "Point",
        "coordinates": [
          76.0957413,
          24.5258055
        ]
      },
      "properties": {
        "name": "Kalisindh Thermal Power Station",
        "type": "coal",
        "capacity_mw": 1200.0,
        "operator": "Rajasthan Rajya Vidyut Utpadan Nigam",
        "state": "Rajasthan",
        "osm_id": "way/225138391"
      }
    },
    {
      "type": "Feature",
      "geometry": {
        "type": "Point",
        "coordinates": [
          73.2003389,
          23.4424671
        ]
      },
      "properties": {
        "name": "Azure",
        "type": "solar",
        "capacity_mw": 10.0,
        "operator": "Unknown",
        "state": "Gujarat",
        "osm_id": "way/226097008"
      }
    },
    {
      "type": "Feature",
      "geometry": {
        "type": "Point",
        "coordinates": [
          71.4597718,
          20.9252242
        ]
      },
      "properties": {
        "name": "Kovaya Cement Works Power Station",
        "type": "coal",
        "capacity_mw": 92,
        "operator": "UltraTech Cement",
        "state": "Gujarat",
        "osm_id": "way/226111715"
      }
    },
    {
      "type": "Feature",
      "geometry": {
        "type": "Point",
        "coordinates": [
          71.4652111,
          20.8990236
        ]
      },
      "properties": {
        "name": "GSPC Pipavav Power Company Ltd.",
        "type": "gas",
        "capacity_mw": 702.0,
        "operator": "GSPC Group",
        "state": "Gujarat",
        "osm_id": "way/226111719"
      }
    },
    {
      "type": "Feature",
      "geometry": {
        "type": "Point",
        "coordinates": [
          70.6915227,
          20.8368331
        ]
      },
      "properties": {
        "name": "Gujarat Cement Works Power Station",
        "type": "coal",
        "capacity_mw": 90,
        "operator": "Ambuja Cements",
        "state": "Gujarat",
        "osm_id": "way/226739658"
      }
    },
    {
      "type": "Feature",
      "geometry": {
        "type": "Point",
        "coordinates": [
          75.985602,
          32.5969623
        ]
      },
      "properties": {
        "name": "Chamera Dam Stage I",
        "type": "hydro",
        "capacity_mw": 540.0,
        "operator": "NHPC Limited",
        "state": "Himachal Pradesh",
        "osm_id": "way/226985822"
      }
    },
    {
      "type": "Feature",
      "geometry": {
        "type": "Point",
        "coordinates": [
          72.0098531,
          26.787298
        ]
      },
      "properties": {
        "name": "Dhirubhai Ambani Solar Park",
        "type": "solar",
        "capacity_mw": 100.0,
        "operator": "Reliance Industries / Adani Group",
        "state": "Rajasthan",
        "osm_id": "way/230037276"
      }
    },
    {
      "type": "Feature",
      "geometry": {
        "type": "Point",
        "coordinates": [
          83.9167645,
          21.3528497
        ]
      },
      "properties": {
        "name": "Chiplima Hydro Electric Project",
        "type": "hydro",
        "capacity_mw": 72.0,
        "operator": "Odisha Hydro Power Corporation (OHPC)",
        "state": "Odisha",
        "osm_id": "way/230495254"
      }
    },
    {
      "type": "Feature",
      "geometry": {
        "type": "Point",
        "coordinates": [
          83.8528439,
          21.5170302
        ]
      },
      "properties": {
        "name": "Powe House - Burla",
        "type": "hydro",
        "capacity_mw": 275.5,
        "operator": "Odisha Hydro Power Corporation (OHPC)",
        "state": "Odisha",
        "osm_id": "way/230495255"
      }
    },
    {
      "type": "Feature",
      "geometry": {
        "type": "Point",
        "coordinates": [
          83.8650286,
          21.6905505
        ]
      },
      "properties": {
        "name": "IB Thermal Power Plant",
        "type": "coal",
        "capacity_mw": 1740.0,
        "operator": "Odisha Power Generation Corporation",
        "state": "Odisha",
        "osm_id": "way/230495257"
      }
    },
    {
      "type": "Feature",
      "geometry": {
        "type": "Point",
        "coordinates": [
          82.8595848,
          19.4269759
        ]
      },
      "properties": {
        "name": "Indravati Dam",
        "type": "hydro",
        "capacity_mw": 600,
        "operator": "Odisha Hydro Power Corporation",
        "state": "Odisha",
        "osm_id": "way/230905848"
      }
    },
    {
      "type": "Feature",
      "geometry": {
        "type": "Point",
        "coordinates": [
          82.4409912,
          18.5084063
        ]
      },
      "properties": {
        "name": "Machkund Hydro Electric (Joint) Scheme",
        "type": "hydro",
        "capacity_mw": 114.75,
        "operator": "Unknown",
        "state": "Odisha",
        "osm_id": "way/231025865"
      }
    },
    {
      "type": "Feature",
      "geometry": {
        "type": "Point",
        "coordinates": [
          82.1359977,
          18.7462678
        ]
      },
      "properties": {
        "name": "Middle Kolab Project",
        "type": "hydro",
        "capacity_mw": 232,
        "operator": "Odisha Hydro Power Corporation",
        "state": "Odisha",
        "osm_id": "way/231025869"
      }
    },
    {
      "type": "Feature",
      "geometry": {
        "type": "Point",
        "coordinates": [
          82.9124947,
          18.7730827
        ]
      },
      "properties": {
        "name": "National Aluminum Company Limited",
        "type": "coal",
        "capacity_mw": 0,
        "operator": "Unknown",
        "state": "Odisha",
        "osm_id": "way/231025870"
      }
    },
    {
      "type": "Feature",
      "geometry": {
        "type": "Point",
        "coordinates": [
          82.593731,
          18.8316295
        ]
      },
      "properties": {
        "name": "Upper Kolab Hydro Electric Project",
        "type": "hydro",
        "capacity_mw": 320,
        "operator": "Odisha Hydro Power Corporation",
        "state": "Odisha",
        "osm_id": "way/231025874"
      }
    },
    {
      "type": "Feature",
      "geometry": {
        "type": "Point",
        "coordinates": [
          85.208218,
          20.913111
        ]
      },
      "properties": {
        "name": "Talcher Thermal Power Station",
        "type": "coal",
        "capacity_mw": 460.0,
        "operator": "NTPC",
        "state": "Odisha",
        "osm_id": "way/231258311"
      }
    },
    {
      "type": "Feature",
      "geometry": {
        "type": "Point",
        "coordinates": [
          86.0496258,
          20.961104
        ]
      },
      "properties": {
        "name": "Duburi Steel Power Plant",
        "type": "coal",
        "capacity_mw": 0,
        "operator": "Bhushan Steel (Tata Steel BSL)",
        "state": "Odisha",
        "osm_id": "way/231258313"
      }
    },
    {
      "type": "Feature",
      "geometry": {
        "type": "Point",
        "coordinates": [
          83.9064635,
          21.5299494
        ]
      },
      "properties": {
        "name": "Hirakud Captive Power Plant",
        "type": "coal",
        "capacity_mw": 467.5,
        "operator": "Hindalco",
        "state": "Odisha",
        "osm_id": "way/231258321"
      }
    },
    {
      "type": "Feature",
      "geometry": {
        "type": "Point",
        "coordinates": [
          74.0313259,
          34.0917996
        ]
      },
      "properties": {
        "name": "Uri II Hydroelectric Power Station",
        "type": "hydro",
        "capacity_mw": 240.0,
        "operator": "NHPC Limited",
        "state": "Jammu and Kashmir",
        "osm_id": "way/231807833"
      }
    },
    {
      "type": "Feature",
      "geometry": {
        "type": "Point",
        "coordinates": [
          73.3924357,
          26.9709076
        ]
      },
      "properties": {
        "name": "Solar Park, Kheenvsar/Nagaur",
        "type": "solar",
        "capacity_mw": 5.0,
        "operator": "Unknown",
        "state": "Rajasthan",
        "osm_id": "way/232311128"
      }
    },
    {
      "type": "Feature",
      "geometry": {
        "type": "Point",
        "coordinates": [
          76.7694793,
          11.2429132
        ]
      },
      "properties": {
        "name": "KUNDAH III/Parali",
        "type": "hydro",
        "capacity_mw": 0,
        "operator": "TANGEDCO",
        "state": "Tamil Nadu",
        "osm_id": "way/234170806"
      }
    },
    {
      "type": "Feature",
      "geometry": {
        "type": "Point",
        "coordinates": [
          77.6820158,
          30.4355708
        ]
      },
      "properties": {
        "name": "Dhalipur Power Plant",
        "type": "hydro",
        "capacity_mw": 51.0,
        "operator": "Uttarakhand Jal Vidyut Nigam Limited",
        "state": "Uttarakhand",
        "osm_id": "way/234949920"
      }
    },
    {
      "type": "Feature",
      "geometry": {
        "type": "Point",
        "coordinates": [
          77.6296318,
          30.428742
        ]
      },
      "properties": {
        "name": "Kulhal Power Plant",
        "type": "hydro",
        "capacity_mw": 30.0,
        "operator": "Uttarakhand Jal Vidyut Nigam Limited",
        "state": "Uttarakhand",
        "osm_id": "way/234950739"
      }
    },
    {
      "type": "Feature",
      "geometry": {
        "type": "Point",
        "coordinates": [
          90.3633492,
          26.4437565
        ]
      },
      "properties": {
        "name": "Bongaigaon coal power plant",
        "type": "coal",
        "capacity_mw": 750.0,
        "operator": "NTPC",
        "state": "Assam",
        "osm_id": "way/239498715"
      }
    },
    {
      "type": "Feature",
      "geometry": {
        "type": "Point",
        "coordinates": [
          77.0694286,
          8.955173
        ]
      },
      "properties": {
        "name": "Thenmala Dam powerhouse",
        "type": "hydro",
        "capacity_mw": 15,
        "operator": "Kerala State Electricity Board",
        "state": "Kerala",
        "osm_id": "way/240922951"
      }
    },
    {
      "type": "Feature",
      "geometry": {
        "type": "Point",
        "coordinates": [
          83.1957982,
          17.6046541
        ]
      },
      "properties": {
        "name": "Pedagantyada Coal Plant",
        "type": "coal",
        "capacity_mw": 0,
        "operator": "Unknown",
        "state": "Andhra Pradesh",
        "osm_id": "way/241951867"
      }
    },
    {
      "type": "Feature",
      "geometry": {
        "type": "Point",
        "coordinates": [
          83.0952453,
          17.5938397
        ]
      },
      "properties": {
        "name": "Simhadri Super Thermal Power Station",
        "type": "coal",
        "capacity_mw": 2000.0,
        "operator": "NTPC",
        "state": "Andhra Pradesh",
        "osm_id": "way/241951906"
      }
    },
    {
      "type": "Feature",
      "geometry": {
        "type": "Point",
        "coordinates": [
          82.0603778,
          18.2074394
        ]
      },
      "properties": {
        "name": "Balimela Power House",
        "type": "hydro",
        "capacity_mw": 510.0,
        "operator": "Unknown",
        "state": "Odisha",
        "osm_id": "way/241951911"
      }
    },
    {
      "type": "Feature",
      "geometry": {
        "type": "Point",
        "coordinates": [
          81.8106443,
          17.9328225
        ]
      },
      "properties": {
        "name": "Donkarayi Power House",
        "type": "hydro",
        "capacity_mw": 25.0,
        "operator": "Unknown",
        "state": "Andhra Pradesh",
        "osm_id": "way/241951916"
      }
    },
    {
      "type": "Feature",
      "geometry": {
        "type": "Point",
        "coordinates": [
          82.0192773,
          18.0371452
        ]
      },
      "properties": {
        "name": "Upper Sileru Power House",
        "type": "hydro",
        "capacity_mw": 240.0,
        "operator": "Andhra Pradesh Power Generation Corporation",
        "state": "Andhra Pradesh",
        "osm_id": "way/241951918"
      }
    },
    {
      "type": "Feature",
      "geometry": {
        "type": "Point",
        "coordinates": [
          81.6592761,
          17.8702666
        ]
      },
      "properties": {
        "name": "Lower Sileru Power House",
        "type": "hydro",
        "capacity_mw": 460.0,
        "operator": "Andhra Pradesh Power Generation Corporation",
        "state": "Telangana",
        "osm_id": "way/241951921"
      }
    },
    {
      "type": "Feature",
      "geometry": {
        "type": "Point",
        "coordinates": [
          82.1390271,
          17.0388307
        ]
      },
      "properties": {
        "name": "Samalkot Power Project",
        "type": "gas",
        "capacity_mw": 220.0,
        "operator": "Reliance Power",
        "state": "Andhra Pradesh",
        "osm_id": "way/241988307"
      }
    },
    {
      "type": "Feature",
      "geometry": {
        "type": "Point",
        "coordinates": [
          81.8101541,
          16.9239974
        ]
      },
      "properties": {
        "name": "Rajahmundry Power Plant",
        "type": "gas",
        "capacity_mw": 768.0,
        "operator": "GMR Rajahmundry Energy Limited",
        "state": "Andhra Pradesh",
        "osm_id": "way/241988348"
      }
    },
    {
      "type": "Feature",
      "geometry": {
        "type": "Point",
        "coordinates": [
          81.8629548,
          16.7362223
        ]
      },
      "properties": {
        "name": "Konaseema Power Plant",
        "type": "gas",
        "capacity_mw": 445.0,
        "operator": "Konaseema Gas Power Limited",
        "state": "Andhra Pradesh",
        "osm_id": "way/242167570"
      }
    },
    {
      "type": "Feature",
      "geometry": {
        "type": "Point",
        "coordinates": [
          80.5527311,
          16.6399027
        ]
      },
      "properties": {
        "name": "Lanco Kondapalli Power Plant",
        "type": "gas",
        "capacity_mw": 1476.0,
        "operator": "Lanco",
        "state": "Andhra Pradesh",
        "osm_id": "way/242291892"
      }
    },
    {
      "type": "Feature",
      "geometry": {
        "type": "Point",
        "coordinates": [
          80.5406878,
          16.5998551
        ]
      },
      "properties": {
        "name": "Dr Narla Tata Rao Thermal Power Station",
        "type": "coal",
        "capacity_mw": 1760.0,
        "operator": "Andhra Pradesh Power Generation Corporation",
        "state": "Andhra Pradesh",
        "osm_id": "way/242291926"
      }
    },
    {
      "type": "Feature",
      "geometry": {
        "type": "Point",
        "coordinates": [
          79.3113092,
          16.5698209
        ]
      },
      "properties": {
        "name": "Nagarjunasagar Right Canal power house",
        "type": "hydro",
        "capacity_mw": 90.0,
        "operator": "Andhra Pradesh Power Generation Corporation",
        "state": "Andhra Pradesh",
        "osm_id": "way/242543810"
      }
    },
    {
      "type": "Feature",
      "geometry": {
        "type": "Point",
        "coordinates": [
          79.31396,
          16.5781964
        ]
      },
      "properties": {
        "name": "Nagarjunasagar Dam power house",
        "type": "hydro",
        "capacity_mw": 815.6,
        "operator": "Telangana State Power Generation Corporation Limited",
        "state": "Telangana",
        "osm_id": "way/242543811"
      }
    },
    {
      "type": "Feature",
      "geometry": {
        "type": "Point",
        "coordinates": [
          79.8293215,
          18.3830826
        ]
      },
      "properties": {
        "name": "Kakatiya Thermal Power Station",
        "type": "coal",
        "capacity_mw": 1100.0,
        "operator": "Telangana State Power Generation Corporation Limited",
        "state": "Telangana",
        "osm_id": "way/242702057"
      }
    },
    {
      "type": "Feature",
      "geometry": {
        "type": "Point",
        "coordinates": [
          80.8851272,
          17.8551142
        ]
      },
      "properties": {
        "name": "Dummugudem mandal Hydro Plant",
        "type": "hydro",
        "capacity_mw": 24.0,
        "operator": "Unknown",
        "state": "Telangana",
        "osm_id": "way/242749525"
      }
    },
    {
      "type": "Feature",
      "geometry": {
        "type": "Point",
        "coordinates": [
          79.1966007,
          20.0126953
        ]
      },
      "properties": {
        "name": "Chandrapur Taluka Coal Plant",
        "type": "coal",
        "capacity_mw": 5.0,
        "operator": "Maharashtra State Power Generation Co Ltd (MAHAGENCO)",
        "state": "Maharashtra",
        "osm_id": "way/242827233"
      }
    },
    {
      "type": "Feature",
      "geometry": {
        "type": "Point",
        "coordinates": [
          79.204223,
          20.0129779
        ]
      },
      "properties": {
        "name": "Dhariwal Power Plant",
        "type": "coal",
        "capacity_mw": 600.0,
        "operator": "Maharashtra State Power Generation Co Ltd (MAHAGENCO)",
        "state": "Maharashtra",
        "osm_id": "way/242827252"
      }
    },
    {
      "type": "Feature",
      "geometry": {
        "type": "Point",
        "coordinates": [
          77.7040679,
          16.3326059
        ]
      },
      "properties": {
        "name": "Jurala",
        "type": "hydro",
        "capacity_mw": 234.0,
        "operator": "Telangana State Power Generation Corporation Limited",
        "state": "Telangana",
        "osm_id": "way/244894492"
      }
    },
    {
      "type": "Feature",
      "geometry": {
        "type": "Point",
        "coordinates": [
          78.9029278,
          16.0953046
        ]
      },
      "properties": {
        "name": "Srisailam left power station",
        "type": "hydro",
        "capacity_mw": 900.0,
        "operator": "Telangana State Power Generation Corporation Limited",
        "state": "Telangana",
        "osm_id": "way/245128386"
      }
    },
    {
      "type": "Feature",
      "geometry": {
        "type": "Point",
        "coordinates": [
          78.901444,
          16.0887047
        ]
      },
      "properties": {
        "name": "Srisailam right power station",
        "type": "hydro",
        "capacity_mw": 770.0,
        "operator": "Andhra Pradesh Power Generation Corporation",
        "state": "Andhra Pradesh",
        "osm_id": "way/245128484"
      }
    },
    {
      "type": "Feature",
      "geometry": {
        "type": "Point",
        "coordinates": [
          78.4555571,
          14.7037753
        ]
      },
      "properties": {
        "name": "Rayalaseema Thermal Power Station",
        "type": "coal",
        "capacity_mw": 1650.0,
        "operator": "Andhra Pradesh Power Generation Corporation",
        "state": "Andhra Pradesh",
        "osm_id": "way/245128513"
      }
    },
    {
      "type": "Feature",
      "geometry": {
        "type": "Point",
        "coordinates": [
          82.290914,
          22.1291184
        ]
      },
      "properties": {
        "name": "Sipat Thermal Power Station",
        "type": "coal",
        "capacity_mw": 2980.0,
        "operator": "National Thermal Power Corporation",
        "state": "Chhattisgarh",
        "osm_id": "way/248385257"
      }
    },
    {
      "type": "Feature",
      "geometry": {
        "type": "Point",
        "coordinates": [
          83.5350716,
          22.1284377
        ]
      },
      "properties": {
        "name": "Dongamahua Power Plant",
        "type": "coal",
        "capacity_mw": 540.0,
        "operator": "DB Power Limited",
        "state": "Chhattisgarh",
        "osm_id": "way/248385293"
      }
    },
    {
      "type": "Feature",
      "geometry": {
        "type": "Point",
        "coordinates": [
          83.0380851,
          21.3202503
        ]
      },
      "properties": {
        "name": "Singhal Forestry",
        "type": "solar",
        "capacity_mw": 2.0,
        "operator": "Unknown",
        "state": "Chhattisgarh",
        "osm_id": "way/248481693"
      }
    },
    {
      "type": "Feature",
      "geometry": {
        "type": "Point",
        "coordinates": [
          76.1635821,
          22.2451307
        ]
      },
      "properties": {
        "name": "Omkareshwar",
        "type": "hydro",
        "capacity_mw": 520.0,
        "operator": "NHDC Limited",
        "state": "Madhya Pradesh",
        "osm_id": "way/248594484"
      }
    },
    {
      "type": "Feature",
      "geometry": {
        "type": "Point",
        "coordinates": [
          75.885912,
          16.3279486
        ]
      },
      "properties": {
        "name": "Almatti Dam Power House",
        "type": "hydro",
        "capacity_mw": 290.0,
        "operator": "Karnataka Power Corporation Limited",
        "state": "Karnataka",
        "osm_id": "way/250565698"
      }
    },
    {
      "type": "Feature",
      "geometry": {
        "type": "Point",
        "coordinates": [
          74.5277344,
          15.27583
        ]
      },
      "properties": {
        "name": "Supa Dam Powerhouse",
        "type": "hydro",
        "capacity_mw": 100.0,
        "operator": "Karnataka Power Corporation Limited",
        "state": "Karnataka",
        "osm_id": "way/251093125"
      }
    },
    {
      "type": "Feature",
      "geometry": {
        "type": "Point",
        "coordinates": [
          76.3286662,
          15.2666829
        ]
      },
      "properties": {
        "name": "Munirabad Powerhouse",
        "type": "hydro",
        "capacity_mw": 28.0,
        "operator": "Karnataka Power Corporation Limited",
        "state": "Karnataka",
        "osm_id": "way/251260587"
      }
    },
    {
      "type": "Feature",
      "geometry": {
        "type": "Point",
        "coordinates": [
          76.3379372,
          15.2615009
        ]
      },
      "properties": {
        "name": "Tungabhadra dam Powerhouse",
        "type": "hydro",
        "capacity_mw": 36.0,
        "operator": "Andhra Pradesh Power Generation Corporation",
        "state": "Karnataka",
        "osm_id": "way/251260592"
      }
    },
    {
      "type": "Feature",
      "geometry": {
        "type": "Point",
        "coordinates": [
          76.4972733,
          15.3161661
        ]
      },
      "properties": {
        "name": "Hampi Powerhouse",
        "type": "hydro",
        "capacity_mw": 36.0,
        "operator": "Andhra Pradesh Power Generation Corporation",
        "state": "Karnataka",
        "osm_id": "way/251260593"
      }
    },
    {
      "type": "Feature",
      "geometry": {
        "type": "Point",
        "coordinates": [
          76.3665898,
          15.3500126
        ]
      },
      "properties": {
        "name": "Koppala taluku Hydro Plant",
        "type": "hydro",
        "capacity_mw": 0,
        "operator": "Unknown",
        "state": "Karnataka",
        "osm_id": "way/251260647"
      }
    },
    {
      "type": "Feature",
      "geometry": {
        "type": "Point",
        "coordinates": [
          75.8992005,
          11.5487781
        ]
      },
      "properties": {
        "name": "Koyilandi Hydro Plant",
        "type": "hydro",
        "capacity_mw": 0,
        "operator": "Unknown",
        "state": "Kerala",
        "osm_id": "way/252719769"
      }
    },
    {
      "type": "Feature",
      "geometry": {
        "type": "Point",
        "coordinates": [
          75.8929223,
          11.547763
        ]
      },
      "properties": {
        "name": "Kuttiady Trailrace Power House",
        "type": "hydro",
        "capacity_mw": 0,
        "operator": "KSEB",
        "state": "Kerala",
        "osm_id": "way/252720317"
      }
    },
    {
      "type": "Feature",
      "geometry": {
        "type": "Point",
        "coordinates": [
          75.2316807,
          29.9168901
        ]
      },
      "properties": {
        "name": "Talwandi Sabo Power Limited",
        "type": "coal",
        "capacity_mw": 1980.0,
        "operator": "Talwandi Sabo Power Limited (Vedanta)",
        "state": "Punjab",
        "osm_id": "way/255035532"
      }
    },
    {
      "type": "Feature",
      "geometry": {
        "type": "Point",
        "coordinates": [
          74.6747904,
          14.2517435
        ]
      },
      "properties": {
        "name": "Gerusoppa Dam Powerhouse",
        "type": "hydro",
        "capacity_mw": 240.0,
        "operator": "Karnataka Power Corporation Limited",
        "state": "Karnataka",
        "osm_id": "way/255614914"
      }
    },
    {
      "type": "Feature",
      "geometry": {
        "type": "Point",
        "coordinates": [
          74.3537202,
          14.8965317
        ]
      },
      "properties": {
        "name": "Kadra Dam Power House",
        "type": "hydro",
        "capacity_mw": 150.0,
        "operator": "Karnataka Power Corporation Limited",
        "state": "Karnataka",
        "osm_id": "way/255614915"
      }
    },
    {
      "type": "Feature",
      "geometry": {
        "type": "Point",
        "coordinates": [
          74.7994537,
          14.2273467
        ]
      },
      "properties": {
        "name": "Mahathma Gandhi Hydro Electric Station",
        "type": "hydro",
        "capacity_mw": 139.2,
        "operator": "Karnataka Power Corporation Limited",
        "state": "Karnataka",
        "osm_id": "way/255614918"
      }
    },
    {
      "type": "Feature",
      "geometry": {
        "type": "Point",
        "coordinates": [
          74.7675275,
          14.2350694
        ]
      },
      "properties": {
        "name": "Sharavati Generating Station",
        "type": "hydro",
        "capacity_mw": 1035.0,
        "operator": "Karnataka Power Corporation Limited",
        "state": "Karnataka",
        "osm_id": "way/255614923"
      }
    },
    {
      "type": "Feature",
      "geometry": {
        "type": "Point",
        "coordinates": [
          74.5345876,
          14.9201489
        ]
      },
      "properties": {
        "name": "Kodasalli Dam Power House",
        "type": "hydro",
        "capacity_mw": 120.0,
        "operator": "Karnataka Power Corporation Limited",
        "state": "Karnataka",
        "osm_id": "way/255614926"
      }
    },
    {
      "type": "Feature",
      "geometry": {
        "type": "Point",
        "coordinates": [
          74.7721016,
          14.2369856
        ]
      },
      "properties": {
        "name": "Sagara taluk Hydro Plant",
        "type": "hydro",
        "capacity_mw": 0,
        "operator": "Unknown",
        "state": "Karnataka",
        "osm_id": "way/255614928"
      }
    },
    {
      "type": "Feature",
      "geometry": {
        "type": "Point",
        "coordinates": [
          74.8387032,
          14.170371
        ]
      },
      "properties": {
        "name": "Linganamakki Power House",
        "type": "hydro",
        "capacity_mw": 55.0,
        "operator": "Karnataka Power Corporation Limited",
        "state": "Karnataka",
        "osm_id": "way/255614930"
      }
    },
    {
      "type": "Feature",
      "geometry": {
        "type": "Point",
        "coordinates": [
          74.8029503,
          13.1600325
        ]
      },
      "properties": {
        "name": "Udupi Power Corporation Limited",
        "type": "coal",
        "capacity_mw": 1200.0,
        "operator": "Adani Power",
        "state": "Karnataka",
        "osm_id": "way/256638645"
      }
    },
    {
      "type": "Feature",
      "geometry": {
        "type": "Point",
        "coordinates": [
          74.9765214,
          13.6876649
        ]
      },
      "properties": {
        "name": "Kundapura Hydro Plant",
        "type": "hydro",
        "capacity_mw": 0,
        "operator": "Unknown",
        "state": "Karnataka",
        "osm_id": "way/256638738"
      }
    },
    {
      "type": "Feature",
      "geometry": {
        "type": "Point",
        "coordinates": [
          75.6366095,
          13.7021368
        ]
      },
      "properties": {
        "name": "Bhadra Left Bank Canal Powerhouse",
        "type": "hydro",
        "capacity_mw": 26.0,
        "operator": "Karnataka Power Corporation Limited",
        "state": "Karnataka",
        "osm_id": "way/256638747"
      }
    },
    {
      "type": "Feature",
      "geometry": {
        "type": "Point",
        "coordinates": [
          80.0948579,
          29.0057275
        ]
      },
      "properties": {
        "name": "power house",
        "type": "hydro",
        "capacity_mw": 0,
        "operator": "Unknown",
        "state": "Uttarakhand",
        "osm_id": "way/256704079"
      }
    },
    {
      "type": "Feature",
      "geometry": {
        "type": "Point",
        "coordinates": [
          74.8155524,
          12.9016033
        ]
      },
      "properties": {
        "name": "Thannirbhavi Power Plant",
        "type": "gas",
        "capacity_mw": 220.0,
        "operator": "UPCL (Udupi Power Corporation Limited)",
        "state": "Karnataka",
        "osm_id": "way/258649221"
      }
    },
    {
      "type": "Feature",
      "geometry": {
        "type": "Point",
        "coordinates": [
          76.8798411,
          29.3968857
        ]
      },
      "properties": {
        "name": "Panipat Thermal Power Station",
        "type": "coal",
        "capacity_mw": 710.0,
        "operator": "Haryana Power Generation Corporation Limited",
        "state": "Haryana",
        "osm_id": "way/259587456"
      }
    },
    {
      "type": "Feature",
      "geometry": {
        "type": "Point",
        "coordinates": [
          91.9003476,
          25.6592554
        ]
      },
      "properties": {
        "name": "Umiam Hydroelectric Power Station",
        "type": "hydro",
        "capacity_mw": 185.6,
        "operator": "MeSEB (Meghalaya State Electricity Board)",
        "state": "Meghalaya",
        "osm_id": "way/272518535"
      }
    },
    {
      "type": "Feature",
      "geometry": {
        "type": "Point",
        "coordinates": [
          77.3237051,
          28.6231219
        ]
      },
      "properties": {
        "name": "Bio-Gas Plant",
        "type": "biomass",
        "capacity_mw": 0,
        "operator": "Unknown",
        "state": "Delhi",
        "osm_id": "way/283807712"
      }
    },
    {
      "type": "Feature",
      "geometry": {
        "type": "Point",
        "coordinates": [
          77.17388,
          12.3098979
        ]
      },
      "properties": {
        "name": "Malavalli taluk Hydro Plant",
        "type": "hydro",
        "capacity_mw": 0,
        "operator": "Unknown",
        "state": "Karnataka",
        "osm_id": "way/283880658"
      }
    },
    {
      "type": "Feature",
      "geometry": {
        "type": "Point",
        "coordinates": [
          77.1983203,
          12.3382967
        ]
      },
      "properties": {
        "name": "Shimsha Hydro Electric Station",
        "type": "hydro",
        "capacity_mw": 17.2,
        "operator": "Karnataka Power Corporation Limited",
        "state": "Karnataka",
        "osm_id": "way/283880661"
      }
    },
    {
      "type": "Feature",
      "geometry": {
        "type": "Point",
        "coordinates": [
          77.170673,
          12.2988345
        ]
      },
      "properties": {
        "name": "Kollegala taluk Hydro Plant",
        "type": "hydro",
        "capacity_mw": 0,
        "operator": "Unknown",
        "state": "Karnataka",
        "osm_id": "way/283880665"
      }
    },
    {
      "type": "Feature",
      "geometry": {
        "type": "Point",
        "coordinates": [
          76.9570456,
          9.962295
        ]
      },
      "properties": {
        "name": "Lower Periyar Dam",
        "type": "hydro",
        "capacity_mw": 180.0,
        "operator": "Kerala State Electricity Board",
        "state": "Kerala",
        "osm_id": "way/285660506"
      }
    },
    {
      "type": "Feature",
      "geometry": {
        "type": "Point",
        "coordinates": [
          73.3499601,
          18.4426876
        ]
      },
      "properties": {
        "name": "Bhira Tail Race hydro power station",
        "type": "hydro",
        "capacity_mw": 80.0,
        "operator": "Unknown",
        "state": "Maharashtra",
        "osm_id": "way/294846627"
      }
    },
    {
      "type": "Feature",
      "geometry": {
        "type": "Point",
        "coordinates": [
          69.8669379,
          22.3230732
        ]
      },
      "properties": {
        "name": "Essar Power Gujarat Plant",
        "type": "gas",
        "capacity_mw": 720.0,
        "operator": "Essar Power",
        "state": "Gujarat",
        "osm_id": "way/295429703"
      }
    },
    {
      "type": "Feature",
      "geometry": {
        "type": "Point",
        "coordinates": [
          73.1982407,
          27.8461113
        ]
      },
      "properties": {
        "name": "Barsingsar Thermal Power Station",
        "type": "coal",
        "capacity_mw": 250.0,
        "operator": "Neyveli Lignite Corporation",
        "state": "Rajasthan",
        "osm_id": "way/295482053"
      }
    },
    {
      "type": "Feature",
      "geometry": {
        "type": "Point",
        "coordinates": [
          77.568373,
          30.3032941
        ]
      },
      "properties": {
        "name": "WY.CANAL A -D",
        "type": "hydro",
        "capacity_mw": 16.0,
        "operator": "Haryana Power Generation Corporation Limited",
        "state": "Uttar Pradesh",
        "osm_id": "way/299881709"
      }
    },
    {
      "type": "Feature",
      "geometry": {
        "type": "Point",
        "coordinates": [
          77.5304614,
          30.2812268
        ]
      },
      "properties": {
        "name": "Chhachhrauli Hydro Plant",
        "type": "hydro",
        "capacity_mw": 16.0,
        "operator": "Haryana Power Generation Corporation Limited",
        "state": "Uttar Pradesh",
        "osm_id": "way/299881712"
      }
    },
    {
      "type": "Feature",
      "geometry": {
        "type": "Point",
        "coordinates": [
          77.488387,
          30.2627831
        ]
      },
      "properties": {
        "name": "Chhachhrauli Hydro Plant",
        "type": "hydro",
        "capacity_mw": 16.0,
        "operator": "Haryana Power Generation Corporation Limited",
        "state": "Haryana",
        "osm_id": "way/299881714"
      }
    },
    {
      "type": "Feature",
      "geometry": {
        "type": "Point",
        "coordinates": [
          77.4969538,
          30.5307033
        ]
      },
      "properties": {
        "name": "Paonta Sahib Hydro Plant",
        "type": "hydro",
        "capacity_mw": 0,
        "operator": "Unknown",
        "state": "Himachal Pradesh",
        "osm_id": "way/299891653"
      }
    },
    {
      "type": "Feature",
      "geometry": {
        "type": "Point",
        "coordinates": [
          72.2244037,
          27.6019813
        ]
      },
      "properties": {
        "name": "Godawari Green Energy Limited CSP",
        "type": "solar",
        "capacity_mw": 50.0,
        "operator": "Godawari Green Energy Limited",
        "state": "Rajasthan",
        "osm_id": "way/300053090"
      }
    },
    {
      "type": "Feature",
      "geometry": {
        "type": "Point",
        "coordinates": [
          74.1857452,
          34.14451
        ]
      },
      "properties": {
        "name": "Uri I Hydroelectric Power Station",
        "type": "hydro",
        "capacity_mw": 480.0,
        "operator": "NHPC Limited",
        "state": "Jammu and Kashmir",
        "osm_id": "way/304788297"
      }
    },
    {
      "type": "Feature",
      "geometry": {
        "type": "Point",
        "coordinates": [
          75.986686,
          17.549606
        ]
      },
      "properties": {
        "name": "Solapur Thermal Power Plant",
        "type": "coal",
        "capacity_mw": 1320.0,
        "operator": "NTPC",
        "state": "Maharashtra",
        "osm_id": "way/305565392"
      }
    },
    {
      "type": "Feature",
      "geometry": {
        "type": "Point",
        "coordinates": [
          73.4176169,
          19.5132708
        ]
      },
      "properties": {
        "name": "Bhatsa Dam Power Station",
        "type": "hydro",
        "capacity_mw": 15.0,
        "operator": "MSEB",
        "state": "Maharashtra",
        "osm_id": "way/306654372"
      }
    },
    {
      "type": "Feature",
      "geometry": {
        "type": "Point",
        "coordinates": [
          80.6665153,
          17.574258
        ]
      },
      "properties": {
        "name": "Palvancha mandal Coal Plant",
        "type": "coal",
        "capacity_mw": 0,
        "operator": "Unknown",
        "state": "Telangana",
        "osm_id": "way/308319900"
      }
    },
    {
      "type": "Feature",
      "geometry": {
        "type": "Point",
        "coordinates": [
          80.6940858,
          17.6167883
        ]
      },
      "properties": {
        "name": "Kothagudem Thermal Power Station",
        "type": "coal",
        "capacity_mw": 1800.0,
        "operator": "Telangana State Power Generation Corporation Limited",
        "state": "Telangana",
        "osm_id": "way/308319903"
      }
    },
    {
      "type": "Feature",
      "geometry": {
        "type": "Point",
        "coordinates": [
          81.7243081,
          16.934099
        ]
      },
      "properties": {
        "name": "Vijjeswaram Gas Power Plant",
        "type": "gas",
        "capacity_mw": 272.0,
        "operator": "Andhra Pradesh Gas Power Corporation Limited",
        "state": "Andhra Pradesh",
        "osm_id": "way/308740411"
      }
    },
    {
      "type": "Feature",
      "geometry": {
        "type": "Point",
        "coordinates": [
          83.1205846,
          21.886745
        ]
      },
      "properties": {
        "name": "Uchpinda Power Station",
        "type": "coal",
        "capacity_mw": 1440.0,
        "operator": "RKM Powergen Pvt. Ltd.",
        "state": "Chhattisgarh",
        "osm_id": "way/308983813"
      }
    },
    {
      "type": "Feature",
      "geometry": {
        "type": "Point",
        "coordinates": [
          78.9779785,
          20.2821409
        ]
      },
      "properties": {
        "name": "GMR Warora Energy Power Plant",
        "type": "coal",
        "capacity_mw": 600.0,
        "operator": "GMR Warora Energy Limited",
        "state": "Maharashtra",
        "osm_id": "way/308983814"
      }
    },
    {
      "type": "Feature",
      "geometry": {
        "type": "Point",
        "coordinates": [
          83.1299372,
          21.907181
        ]
      },
      "properties": {
        "name": "Athena Chhattisgarh power station",
        "type": "coal",
        "capacity_mw": 1200.0,
        "operator": "Athena Chhattisgarh Power Limited",
        "state": "Chhattisgarh",
        "osm_id": "way/308983816"
      }
    },
    {
      "type": "Feature",
      "geometry": {
        "type": "Point",
        "coordinates": [
          77.1905168,
          9.6267025
        ]
      },
      "properties": {
        "name": "Periyar hydro power station",
        "type": "hydro",
        "capacity_mw": 161.0,
        "operator": "Unknown",
        "state": "Tamil Nadu",
        "osm_id": "way/310070118"
      }
    },
    {
      "type": "Feature",
      "geometry": {
        "type": "Point",
        "coordinates": [
          77.2726549,
          9.6202309
        ]
      },
      "properties": {
        "name": "Suruliyar",
        "type": "hydro",
        "capacity_mw": 35.0,
        "operator": "TANGEDCO",
        "state": "Tamil Nadu",
        "osm_id": "way/310070120"
      }
    },
    {
      "type": "Feature",
      "geometry": {
        "type": "Point",
        "coordinates": [
          78.8958894,
          9.3656611
        ]
      },
      "properties": {
        "name": "Ramanathapuram Gas Plant",
        "type": "gas",
        "capacity_mw": 0,
        "operator": "Unknown",
        "state": "Tamil Nadu",
        "osm_id": "way/310430065"
      }
    },
    {
      "type": "Feature",
      "geometry": {
        "type": "Point",
        "coordinates": [
          78.9235724,
          9.3492655
        ]
      },
      "properties": {
        "name": "Valathur",
        "type": "gas",
        "capacity_mw": 187.0,
        "operator": "Tamil Nadu Generation and Distribution Corporation",
        "state": "Tamil Nadu",
        "osm_id": "way/310430102"
      }
    },
    {
      "type": "Feature",
      "geometry": {
        "type": "Point",
        "coordinates": [
          76.3738466,
          9.9979131
        ]
      },
      "properties": {
        "name": "Brahmapuram Diesel Power Plant",
        "type": "gas",
        "capacity_mw": 63.96,
        "operator": "Kerala State Electricity Board Limited",
        "state": "Kerala",
        "osm_id": "way/310521022"
      }
    },
    {
      "type": "Feature",
      "geometry": {
        "type": "Point",
        "coordinates": [
          82.6243262,
          23.9709238
        ]
      },
      "properties": {
        "name": "Sasan UMPP",
        "type": "coal",
        "capacity_mw": 3960.0,
        "operator": "Reliance",
        "state": "Madhya Pradesh",
        "osm_id": "way/311130978"
      }
    },
    {
      "type": "Feature",
      "geometry": {
        "type": "Point",
        "coordinates": [
          72.3118808,
          27.4795682
        ]
      },
      "properties": {
        "name": "Manchitiya Jakson",
        "type": "solar",
        "capacity_mw": 24.0,
        "operator": "Unknown",
        "state": "Rajasthan",
        "osm_id": "way/311222081"
      }
    },
    {
      "type": "Feature",
      "geometry": {
        "type": "Point",
        "coordinates": [
          72.1260941,
          26.9717998
        ]
      },
      "properties": {
        "name": "Ugaras",
        "type": "solar",
        "capacity_mw": 20.0,
        "operator": "Unknown",
        "state": "Rajasthan",
        "osm_id": "way/311222082"
      }
    },
    {
      "type": "Feature",
      "geometry": {
        "type": "Point",
        "coordinates": [
          72.3240989,
          27.4391509
        ]
      },
      "properties": {
        "name": "Bavadi Barsingha",
        "type": "solar",
        "capacity_mw": 36.0,
        "operator": "Unknown",
        "state": "Rajasthan",
        "osm_id": "way/311222085"
      }
    },
    {
      "type": "Feature",
      "geometry": {
        "type": "Point",
        "coordinates": [
          72.3184405,
          27.3841714
        ]
      },
      "properties": {
        "name": "Bap - GIS 1-2",
        "type": "solar",
        "capacity_mw": 15.0,
        "operator": "Unknown",
        "state": "Rajasthan",
        "osm_id": "way/311222087"
      }
    },
    {
      "type": "Feature",
      "geometry": {
        "type": "Point",
        "coordinates": [
          72.3136676,
          27.3888156
        ]
      },
      "properties": {
        "name": "Bap - GIS 3",
        "type": "solar",
        "capacity_mw": 10.0,
        "operator": "Unknown",
        "state": "Rajasthan",
        "osm_id": "way/311222088"
      }
    },
    {
      "type": "Feature",
      "geometry": {
        "type": "Point",
        "coordinates": [
          72.8409072,
          27.8590025
        ]
      },
      "properties": {
        "name": "Gurha SM",
        "type": "solar",
        "capacity_mw": 10.0,
        "operator": "Unknown",
        "state": "Rajasthan",
        "osm_id": "way/311222093"
      }
    },
    {
      "type": "Feature",
      "geometry": {
        "type": "Point",
        "coordinates": [
          72.2829825,
          27.4668792
        ]
      },
      "properties": {
        "name": "Lumbaniya",
        "type": "solar",
        "capacity_mw": 13.0,
        "operator": "Unknown",
        "state": "Rajasthan",
        "osm_id": "way/311222099"
      }
    },
    {
      "type": "Feature",
      "geometry": {
        "type": "Point",
        "coordinates": [
          72.8528479,
          26.5191759
        ]
      },
      "properties": {
        "name": "Tinwari - MB Solar Power Plant",
        "type": "solar",
        "capacity_mw": 5.0,
        "operator": "Moser Baer Solar Limited (MBSL)",
        "state": "Rajasthan",
        "osm_id": "way/311566564"
      }
    },
    {
      "type": "Feature",
      "geometry": {
        "type": "Point",
        "coordinates": [
          72.8568513,
          26.5338885
        ]
      },
      "properties": {
        "name": "Tinwari Swiss",
        "type": "solar",
        "capacity_mw": 5.2,
        "operator": "Unknown",
        "state": "Rajasthan",
        "osm_id": "way/311566565"
      }
    },
    {
      "type": "Feature",
      "geometry": {
        "type": "Point",
        "coordinates": [
          72.8615324,
          26.525313
        ]
      },
      "properties": {
        "name": "Tinwari AES",
        "type": "solar",
        "capacity_mw": 5.0,
        "operator": "Unknown",
        "state": "Rajasthan",
        "osm_id": "way/311566568"
      }
    },
    {
      "type": "Feature",
      "geometry": {
        "type": "Point",
        "coordinates": [
          71.6777116,
          26.4951885
        ]
      },
      "properties": {
        "name": "Bhaniyana Tehsil Solar Plant",
        "type": "solar",
        "capacity_mw": 2.0,
        "operator": "Unknown",
        "state": "Rajasthan",
        "osm_id": "way/311566574"
      }
    },
    {
      "type": "Feature",
      "geometry": {
        "type": "Point",
        "coordinates": [
          81.8572654,
          21.4513572
        ]
      },
      "properties": {
        "name": "GMR Chhattisgarh Energy Limited",
        "type": "coal",
        "capacity_mw": 1370.0,
        "operator": "GMR Group",
        "state": "Chhattisgarh",
        "osm_id": "way/311954679"
      }
    },
    {
      "type": "Feature",
      "geometry": {
        "type": "Point",
        "coordinates": [
          83.2045015,
          22.013822
        ]
      },
      "properties": {
        "name": "Binjkote Power Station",
        "type": "coal",
        "capacity_mw": 600.0,
        "operator": "SKS Power Generation (Chhattisgarh) Limited",
        "state": "Chhattisgarh",
        "osm_id": "way/311954711"
      }
    },
    {
      "type": "Feature",
      "geometry": {
        "type": "Point",
        "coordinates": [
          75.7636909,
          30.773596
        ]
      },
      "properties": {
        "name": "Mini Hydal Plant",
        "type": "hydro",
        "capacity_mw": 0,
        "operator": "Unknown",
        "state": "Punjab",
        "osm_id": "way/312278295"
      }
    },
    {
      "type": "Feature",
      "geometry": {
        "type": "Point",
        "coordinates": [
          76.3191259,
          10.0735159
        ]
      },
      "properties": {
        "name": "BSES Kochi Kerala Power Ltd",
        "type": "gas",
        "capacity_mw": 165.0,
        "operator": "Reliance Infra",
        "state": "Kerala",
        "osm_id": "way/314628123"
      }
    },
    {
      "type": "Feature",
      "geometry": {
        "type": "Point",
        "coordinates": [
          79.970736,
          21.4113016
        ]
      },
      "properties": {
        "name": "Tiroda Thermal Power Project",
        "type": "coal",
        "capacity_mw": 3300.0,
        "operator": "Adani Power",
        "state": "Maharashtra",
        "osm_id": "way/315477177"
      }
    },
    {
      "type": "Feature",
      "geometry": {
        "type": "Point",
        "coordinates": [
          80.088014,
          14.206313
        ]
      },
      "properties": {
        "name": "Simhapuri Power Plant",
        "type": "coal",
        "capacity_mw": 600.0,
        "operator": "Simhapuri Energy Ltd.",
        "state": "Andhra Pradesh",
        "osm_id": "way/315758488"
      }
    },
    {
      "type": "Feature",
      "geometry": {
        "type": "Point",
        "coordinates": [
          80.1472541,
          14.3305462
        ]
      },
      "properties": {
        "name": "Thermal Powertech Power Plant",
        "type": "coal",
        "capacity_mw": 1320.0,
        "operator": "Sembcorp Energy India Limited",
        "state": "Andhra Pradesh",
        "osm_id": "way/315758494"
      }
    },
    {
      "type": "Feature",
      "geometry": {
        "type": "Point",
        "coordinates": [
          80.0930535,
          14.2140402
        ]
      },
      "properties": {
        "name": "Meenakshi Thamminapatnam Thermal Power Plant",
        "type": "coal",
        "capacity_mw": 1000.0,
        "operator": "Meenakshi Group",
        "state": "Andhra Pradesh",
        "osm_id": "way/315758504"
      }
    },
    {
      "type": "Feature",
      "geometry": {
        "type": "Point",
        "coordinates": [
          80.1504899,
          14.3564538
        ]
      },
      "properties": {
        "name": "Sembcorp Gayatri Power Limited (NCC)",
        "type": "coal",
        "capacity_mw": 1320.0,
        "operator": "Sembcorp Energy India Limited",
        "state": "Andhra Pradesh",
        "osm_id": "way/315758518"
      }
    },
    {
      "type": "Feature",
      "geometry": {
        "type": "Point",
        "coordinates": [
          80.1216292,
          14.3263881
        ]
      },
      "properties": {
        "name": "Sri Damodaram Sanjeevaiah Thermal Power Station",
        "type": "coal",
        "capacity_mw": 2400.0,
        "operator": "APGENCO",
        "state": "Andhra Pradesh",
        "osm_id": "way/315758532"
      }
    },
    {
      "type": "Feature",
      "geometry": {
        "type": "Point",
        "coordinates": [
          76.3033368,
          32.4715033
        ]
      },
      "properties": {
        "name": "Chamba Hydro Plant",
        "type": "hydro",
        "capacity_mw": 0,
        "operator": "Unknown",
        "state": "Himachal Pradesh",
        "osm_id": "way/316835840"
      }
    },
    {
      "type": "Feature",
      "geometry": {
        "type": "Point",
        "coordinates": [
          76.253344,
          32.472754
        ]
      },
      "properties": {
        "name": "Chamera Stage II",
        "type": "hydro",
        "capacity_mw": 300.0,
        "operator": "NHPC Limited",
        "state": "Himachal Pradesh",
        "osm_id": "way/316835848"
      }
    },
    {
      "type": "Feature",
      "geometry": {
        "type": "Point",
        "coordinates": [
          75.6691676,
          32.3961093
        ]
      },
      "properties": {
        "name": "Kathua Hydro Plant",
        "type": "hydro",
        "capacity_mw": 0,
        "operator": "Unknown",
        "state": "Jammu and Kashmir",
        "osm_id": "way/316955045"
      }
    },
    {
      "type": "Feature",
      "geometry": {
        "type": "Point",
        "coordinates": [
          86.6576229,
          23.6209637
        ]
      },
      "properties": {
        "name": "Raghunathpur Thermal Power Station",
        "type": "coal",
        "capacity_mw": 1200.0,
        "operator": "Damodar Valley Corporation",
        "state": "West Bengal",
        "osm_id": "way/316973340"
      }
    },
    {
      "type": "Feature",
      "geometry": {
        "type": "Point",
        "coordinates": [
          75.50381,
          19.8810301
        ]
      },
      "properties": {
        "name": "GAPS Power\u2019s Bio Mass Power",
        "type": "biomass",
        "capacity_mw": 13.0,
        "operator": "GAPS Power & Infrastucture",
        "state": "Maharashtra",
        "osm_id": "way/317985947"
      }
    },
    {
      "type": "Feature",
      "geometry": {
        "type": "Point",
        "coordinates": [
          78.1336,
          23.3172
        ]
      },
      "properties": {
        "name": "Bina TPS",
        "type": "coal",
        "capacity_mw": 500.0,
        "operator": "Jaiprakash Power Ventures Limited",
        "state": "Madhya Pradesh",
        "osm_id": "way/319414989"
      }
    },
    {
      "type": "Feature",
      "geometry": {
        "type": "Point",
        "coordinates": [
          72.9381928,
          26.7880467
        ]
      },
      "properties": {
        "name": "Betwasiya",
        "type": "solar",
        "capacity_mw": 5.0,
        "operator": "Unknown",
        "state": "Rajasthan",
        "osm_id": "way/319632918"
      }
    },
    {
      "type": "Feature",
      "geometry": {
        "type": "Point",
        "coordinates": [
          72.9833455,
          26.7437597
        ]
      },
      "properties": {
        "name": "Bhambuo Ki Dhani",
        "type": "solar",
        "capacity_mw": 5.0,
        "operator": "Unknown",
        "state": "Rajasthan",
        "osm_id": "way/319632919"
      }
    },
    {
      "type": "Feature",
      "geometry": {
        "type": "Point",
        "coordinates": [
          75.6235709,
          24.8766056
        ]
      },
      "properties": {
        "name": "Rajasthan Atomic Power Station",
        "type": "nuclear",
        "capacity_mw": 1085.0,
        "operator": "Nuclear Power Corporation of India (NPCIL)",
        "state": "Rajasthan",
        "osm_id": "way/319865364"
      }
    },
    {
      "type": "Feature",
      "geometry": {
        "type": "Point",
        "coordinates": [
          72.2234876,
          21.5858931
        ]
      },
      "properties": {
        "name": "Bhavnagar Padva Power Plant",
        "type": "coal",
        "capacity_mw": 500.0,
        "operator": "Unknown",
        "state": "Gujarat",
        "osm_id": "way/321090332"
      }
    },
    {
      "type": "Feature",
      "geometry": {
        "type": "Point",
        "coordinates": [
          72.7856737,
          24.5164743
        ]
      },
      "properties": {
        "name": "India One",
        "type": "solar",
        "capacity_mw": 0,
        "operator": "Unknown",
        "state": "Rajasthan",
        "osm_id": "way/321648640"
      }
    },
    {
      "type": "Feature",
      "geometry": {
        "type": "Point",
        "coordinates": [
          84.0908206,
          24.702005
        ]
      },
      "properties": {
        "name": "Nabinagar Thermal Power Project",
        "type": "coal",
        "capacity_mw": 1000.0,
        "operator": "Bhartiya Rail Bijlee Company Limited",
        "state": "Bihar",
        "osm_id": "way/324059199"
      }
    },
    {
      "type": "Feature",
      "geometry": {
        "type": "Point",
        "coordinates": [
          72.6710105,
          23.2497234
        ]
      },
      "properties": {
        "name": "Gandhinagar Thermal Power Station",
        "type": "coal",
        "capacity_mw": 630.0,
        "operator": "Gujarat State Electricity Corporation Limited",
        "state": "Gujarat",
        "osm_id": "way/326055781"
      }
    },
    {
      "type": "Feature",
      "geometry": {
        "type": "Point",
        "coordinates": [
          83.9076894,
          27.409163
        ]
      },
      "properties": {
        "name": "Eastern Gandak Canal H.E. Project",
        "type": "hydro",
        "capacity_mw": 15.0,
        "operator": "Unknown",
        "state": "Bihar",
        "osm_id": "way/327318726"
      }
    },
    {
      "type": "Feature",
      "geometry": {
        "type": "Point",
        "coordinates": [
          81.9089763,
          24.1536074
        ]
      },
      "properties": {
        "name": "Jaypee Nigrie Super Thermal Power Plant",
        "type": "coal",
        "capacity_mw": 1320.0,
        "operator": "Jaiprakash Power Ventures Limited",
        "state": "Madhya Pradesh",
        "osm_id": "way/328548849"
      }
    },
    {
      "type": "Feature",
      "geometry": {
        "type": "Point",
        "coordinates": [
          76.876183,
          31.3821876
        ]
      },
      "properties": {
        "name": "Koldam Dam Powerhouse",
        "type": "hydro",
        "capacity_mw": 800.0,
        "operator": "NTPC Limited",
        "state": "Himachal Pradesh",
        "osm_id": "way/330267981"
      }
    },
    {
      "type": "Feature",
      "geometry": {
        "type": "Point",
        "coordinates": [
          76.8686122,
          31.4130832
        ]
      },
      "properties": {
        "name": "Bhakra Left Bank Power House",
        "type": "hydro",
        "capacity_mw": 990.0,
        "operator": "Bhakra Beas Management Board",
        "state": "Himachal Pradesh",
        "osm_id": "way/330278458"
      }
    },
    {
      "type": "Feature",
      "geometry": {
        "type": "Point",
        "coordinates": [
          78.1887691,
          31.4956767
        ]
      },
      "properties": {
        "name": "Baspa 2",
        "type": "hydro",
        "capacity_mw": 300.0,
        "operator": "JSW Energy",
        "state": "Himachal Pradesh",
        "osm_id": "way/330388003"
      }
    },
    {
      "type": "Feature",
      "geometry": {
        "type": "Point",
        "coordinates": [
          72.6691512,
          19.8325926
        ]
      },
      "properties": {
        "name": "Tarapur Atomic Power Station",
        "type": "nuclear",
        "capacity_mw": 1400.0,
        "operator": "Nuclear Power Corporation of India (NPCIL)",
        "state": "Maharashtra",
        "osm_id": "way/331427518"
      }
    },
    {
      "type": "Feature",
      "geometry": {
        "type": "Point",
        "coordinates": [
          88.1216152,
          22.0539034
        ]
      },
      "properties": {
        "name": "Haldia Coal Plant",
        "type": "coal",
        "capacity_mw": 600.0,
        "operator": "Tata Power Ltd.",
        "state": "West Bengal",
        "osm_id": "way/335946818"
      }
    },
    {
      "type": "Feature",
      "geometry": {
        "type": "Point",
        "coordinates": [
          79.4497437,
          10.5410009
        ]
      },
      "properties": {
        "name": "Thirumakotai Power Station",
        "type": "gas",
        "capacity_mw": 107.0,
        "operator": "Tamil Nadu Generation and Distribution Corporation",
        "state": "Tamil Nadu",
        "osm_id": "way/341599763"
      }
    },
    {
      "type": "Feature",
      "geometry": {
        "type": "Point",
        "coordinates": [
          79.4515461,
          11.5896913
        ]
      },
      "properties": {
        "name": "Neyveli New Thermal Power Station",
        "type": "coal",
        "capacity_mw": 1000.0,
        "operator": "NLC India",
        "state": "Tamil Nadu",
        "osm_id": "way/345057949"
      }
    },
    {
      "type": "Feature",
      "geometry": {
        "type": "Point",
        "coordinates": [
          88.6655182,
          27.2094727
        ]
      },
      "properties": {
        "name": "Chuzachen Hydroelectric Power Station",
        "type": "hydro",
        "capacity_mw": 110.0,
        "operator": "Gati Infrastructure",
        "state": "Sikkim",
        "osm_id": "way/353285070"
      }
    },
    {
      "type": "Feature",
      "geometry": {
        "type": "Point",
        "coordinates": [
          72.8257992,
          18.9213158
        ]
      },
      "properties": {
        "name": "Tata Power",
        "type": "coal",
        "capacity_mw": 1580.0,
        "operator": "Tata Power",
        "state": "Maharashtra",
        "osm_id": "way/353758535"
      }
    },
    {
      "type": "Feature",
      "geometry": {
        "type": "Point",
        "coordinates": [
          72.8259269,
          18.9219654
        ]
      },
      "properties": {
        "name": "BEST Receiving Station",
        "type": "gas",
        "capacity_mw": 0,
        "operator": "BEST (Brihanmumbai Electric Supply and Transport)",
        "state": "Maharashtra",
        "osm_id": "way/353758540"
      }
    },
    {
      "type": "Feature",
      "geometry": {
        "type": "Point",
        "coordinates": [
          71.5220843,
          23.9255381
        ]
      },
      "properties": {
        "name": "Dahisar",
        "type": "solar",
        "capacity_mw": 20.0,
        "operator": "Unknown",
        "state": "Gujarat",
        "osm_id": "way/353881219"
      }
    },
    {
      "type": "Feature",
      "geometry": {
        "type": "Point",
        "coordinates": [
          83.450249,
          22.1047558
        ]
      },
      "properties": {
        "name": "Tamnar Power Station",
        "type": "coal",
        "capacity_mw": 3400.0,
        "operator": "Jindal Power Limited",
        "state": "Chhattisgarh",
        "osm_id": "way/353914770"
      }
    },
    {
      "type": "Feature",
      "geometry": {
        "type": "Point",
        "coordinates": [
          83.262776,
          22.1327071
        ]
      },
      "properties": {
        "name": "Raigarh TRN Energy Power Plant",
        "type": "coal",
        "capacity_mw": 600.0,
        "operator": "TRN Energy Private Limited",
        "state": "Chhattisgarh",
        "osm_id": "way/353914867"
      }
    },
    {
      "type": "Feature",
      "geometry": {
        "type": "Point",
        "coordinates": [
          83.9229431,
          21.664922
        ]
      },
      "properties": {
        "name": "Sahajbahal Jharsuguda Ind-Barath Power Plant",
        "type": "coal",
        "capacity_mw": 0,
        "operator": "Unknown",
        "state": "Odisha",
        "osm_id": "way/353917008"
      }
    },
    {
      "type": "Feature",
      "geometry": {
        "type": "Point",
        "coordinates": [
          84.9904421,
          21.1310415
        ]
      },
      "properties": {
        "name": "Angul power station",
        "type": "coal",
        "capacity_mw": 1200.0,
        "operator": "Jindal Power Limited",
        "state": "Odisha",
        "osm_id": "way/354070558"
      }
    },
    {
      "type": "Feature",
      "geometry": {
        "type": "Point",
        "coordinates": [
          83.4491144,
          21.7564706
        ]
      },
      "properties": {
        "name": "LARA Super Thermal Power Station",
        "type": "coal",
        "capacity_mw": 1600.0,
        "operator": "NTPC Limited",
        "state": "Chhattisgarh",
        "osm_id": "way/354073569"
      }
    },
    {
      "type": "Feature",
      "geometry": {
        "type": "Point",
        "coordinates": [
          79.913611,
          22.7343273
        ]
      },
      "properties": {
        "name": "Jhabua Power Limited",
        "type": "coal",
        "capacity_mw": 600.0,
        "operator": "Avantha Power & Infrastructure Limited",
        "state": "Madhya Pradesh",
        "osm_id": "way/360554668"
      }
    },
    {
      "type": "Feature",
      "geometry": {
        "type": "Point",
        "coordinates": [
          82.2715207,
          16.9493449
        ]
      },
      "properties": {
        "name": "Kakinada (Rural) Coal Plant",
        "type": "coal",
        "capacity_mw": 0,
        "operator": "Unknown",
        "state": "Andhra Pradesh",
        "osm_id": "way/362421139"
      }
    },
    {
      "type": "Feature",
      "geometry": {
        "type": "Point",
        "coordinates": [
          72.5238035,
          22.4808619
        ]
      },
      "properties": {
        "name": "Isanpur",
        "type": "solar",
        "capacity_mw": 1.0,
        "operator": "Harsha Engineers",
        "state": "Gujarat",
        "osm_id": "way/364995920"
      }
    },
    {
      "type": "Feature",
      "geometry": {
        "type": "Point",
        "coordinates": [
          71.2796689,
          20.8783175
        ]
      },
      "properties": {
        "name": "Jafrabad",
        "type": "solar",
        "capacity_mw": 15.0,
        "operator": "Sunkon Energy",
        "state": "Gujarat",
        "osm_id": "way/364995923"
      }
    },
    {
      "type": "Feature",
      "geometry": {
        "type": "Point",
        "coordinates": [
          77.0078362,
          10.4546665
        ]
      },
      "properties": {
        "name": "Aliyar hydro power station",
        "type": "hydro",
        "capacity_mw": 60.0,
        "operator": "TANGEDCO",
        "state": "Tamil Nadu",
        "osm_id": "way/373398417"
      }
    },
    {
      "type": "Feature",
      "geometry": {
        "type": "Point",
        "coordinates": [
          91.4389992,
          23.4955669
        ]
      },
      "properties": {
        "name": "ONGC Tripura (Palatana) Power Plant",
        "type": "gas",
        "capacity_mw": 726.6,
        "operator": "ONGC",
        "state": "Tripura",
        "osm_id": "way/373836928"
      }
    },
    {
      "type": "Feature",
      "geometry": {
        "type": "Point",
        "coordinates": [
          79.5290129,
          11.1214883
        ]
      },
      "properties": {
        "name": "Lanco Tanjore Power Plant",
        "type": "gas",
        "capacity_mw": 120.0,
        "operator": "Lanco",
        "state": "Tamil Nadu",
        "osm_id": "way/374825637"
      }
    },
    {
      "type": "Feature",
      "geometry": {
        "type": "Point",
        "coordinates": [
          93.7924599,
          27.2577482
        ]
      },
      "properties": {
        "name": "Ranganadi hydro power station",
        "type": "hydro",
        "capacity_mw": 405.0,
        "operator": "NEEPCO",
        "state": "Arunachal Pradesh",
        "osm_id": "way/375084329"
      }
    },
    {
      "type": "Feature",
      "geometry": {
        "type": "Point",
        "coordinates": [
          95.4072527,
          27.3418387
        ]
      },
      "properties": {
        "name": "Assam Gas Based Power Plant Bokuloni",
        "type": "gas",
        "capacity_mw": 291.0,
        "operator": "North Eastern Electric Power Corporation",
        "state": "Assam",
        "osm_id": "way/375227630"
      }
    },
    {
      "type": "Feature",
      "geometry": {
        "type": "Point",
        "coordinates": [
          94.9304693,
          26.9847929
        ]
      },
      "properties": {
        "name": "LTPS",
        "type": "gas",
        "capacity_mw": 97.2,
        "operator": "Unknown",
        "state": "Assam",
        "osm_id": "way/375233192"
      }
    },
    {
      "type": "Feature",
      "geometry": {
        "type": "Point",
        "coordinates": [
          72.9707029,
          18.8811927
        ]
      },
      "properties": {
        "name": "Uran",
        "type": "gas",
        "capacity_mw": 672.0,
        "operator": "Maharashtra State Power Generation Company",
        "state": "Maharashtra",
        "osm_id": "way/377548455"
      }
    },
    {
      "type": "Feature",
      "geometry": {
        "type": "Point",
        "coordinates": [
          73.2120345,
          17.2973138
        ]
      },
      "properties": {
        "name": "JSW Ratnagiri Power Plant",
        "type": "coal",
        "capacity_mw": 1200.0,
        "operator": "JSW Energy",
        "state": "Maharashtra",
        "osm_id": "way/377680479"
      }
    },
    {
      "type": "Feature",
      "geometry": {
        "type": "Point",
        "coordinates": [
          77.7055336,
          8.1725383
        ]
      },
      "properties": {
        "name": "Kudankulam Nuclear Power Plant",
        "type": "nuclear",
        "capacity_mw": 1864.0,
        "operator": "Nuclear Power Corporation of India Ltd.",
        "state": "Tamil Nadu",
        "osm_id": "way/384663588"
      }
    },
    {
      "type": "Feature",
      "geometry": {
        "type": "Point",
        "coordinates": [
          83.1395378,
          17.5640681
        ]
      },
      "properties": {
        "name": "Vizag Thermal Power Station",
        "type": "coal",
        "capacity_mw": 1040.0,
        "operator": "Hinduja National Power Company Limited",
        "state": "Andhra Pradesh",
        "osm_id": "way/385123914"
      }
    },
    {
      "type": "Feature",
      "geometry": {
        "type": "Point",
        "coordinates": [
          83.1656648,
          17.6176525
        ]
      },
      "properties": {
        "name": "Pedagantyada Gas Plant",
        "type": "gas",
        "capacity_mw": 120.0,
        "operator": "Unknown",
        "state": "Andhra Pradesh",
        "osm_id": "way/385123922"
      }
    },
    {
      "type": "Feature",
      "geometry": {
        "type": "Point",
        "coordinates": [
          77.7999839,
          30.5085043
        ]
      },
      "properties": {
        "name": "Khodri Power Plant",
        "type": "hydro",
        "capacity_mw": 120.0,
        "operator": "UJVNL (Uttarakhand Jal Vidyut Nigam)",
        "state": "Uttarakhand",
        "osm_id": "way/385247308"
      }
    },
    {
      "type": "Feature",
      "geometry": {
        "type": "Point",
        "coordinates": [
          78.0896501,
          8.816583
        ]
      },
      "properties": {
        "name": "Thoothukkudi Coal Plant",
        "type": "coal",
        "capacity_mw": 0,
        "operator": "Unknown",
        "state": "Tamil Nadu",
        "osm_id": "way/385432377"
      }
    },
    {
      "type": "Feature",
      "geometry": {
        "type": "Point",
        "coordinates": [
          78.1086516,
          8.8660609
        ]
      },
      "properties": {
        "name": "Thoothukudi IBPGL",
        "type": "coal",
        "capacity_mw": 0,
        "operator": "Unknown",
        "state": "Tamil Nadu",
        "osm_id": "way/385432381"
      }
    },
    {
      "type": "Feature",
      "geometry": {
        "type": "Point",
        "coordinates": [
          78.0544525,
          8.8851369
        ]
      },
      "properties": {
        "name": "Thoothukudi IBTPL power station",
        "type": "coal",
        "capacity_mw": 1050,
        "operator": "Ind-Barath Thermal Power Ltd",
        "state": "Tamil Nadu",
        "osm_id": "way/385432388"
      }
    },
    {
      "type": "Feature",
      "geometry": {
        "type": "Point",
        "coordinates": [
          75.4225407,
          12.4474757
        ]
      },
      "properties": {
        "name": "Madikeri taluku Hydro Plant",
        "type": "hydro",
        "capacity_mw": 0,
        "operator": "Unknown",
        "state": "Karnataka",
        "osm_id": "way/385485121"
      }
    },
    {
      "type": "Feature",
      "geometry": {
        "type": "Point",
        "coordinates": [
          78.4087061,
          12.2868552
        ]
      },
      "properties": {
        "name": "Uthangarai Coal Plant",
        "type": "coal",
        "capacity_mw": 0,
        "operator": "Unknown",
        "state": "Tamil Nadu",
        "osm_id": "way/386718594"
      }
    },
    {
      "type": "Feature",
      "geometry": {
        "type": "Point",
        "coordinates": [
          83.4573,
          21.757
        ]
      },
      "properties": {
        "name": "Lar Hydro Plant",
        "type": "hydro",
        "capacity_mw": 800.0,
        "operator": "Unknown",
        "state": "Jammu and Kashmir",
        "osm_id": "way/388312494"
      }
    },
    {
      "type": "Feature",
      "geometry": {
        "type": "Point",
        "coordinates": [
          75.4318526,
          17.5377547
        ]
      },
      "properties": {
        "name": "Mangalwedha",
        "type": "solar",
        "capacity_mw": 20.0,
        "operator": "Unknown",
        "state": "Maharashtra",
        "osm_id": "way/391353485"
      }
    },
    {
      "type": "Feature",
      "geometry": {
        "type": "Point",
        "coordinates": [
          76.5441576,
          32.1574065
        ]
      },
      "properties": {
        "name": "Neugal Power House",
        "type": "hydro",
        "capacity_mw": 0,
        "operator": "Private",
        "state": "Himachal Pradesh",
        "osm_id": "way/391428602"
      }
    },
    {
      "type": "Feature",
      "geometry": {
        "type": "Point",
        "coordinates": [
          72.6115622,
          21.7069628
        ]
      },
      "properties": {
        "name": "DGEN Mega Power Plant",
        "type": "gas",
        "capacity_mw": 1200.0,
        "operator": "Torrent Power",
        "state": "Gujarat",
        "osm_id": "way/391690051"
      }
    },
    {
      "type": "Feature",
      "geometry": {
        "type": "Point",
        "coordinates": [
          69.8961685,
          22.8929928
        ]
      },
      "properties": {
        "name": "OPG Power",
        "type": "coal",
        "capacity_mw": 300.0,
        "operator": "OPG Power Ventures",
        "state": "Gujarat",
        "osm_id": "way/391690052"
      }
    },
    {
      "type": "Feature",
      "geometry": {
        "type": "Point",
        "coordinates": [
          76.5694192,
          30.5547477
        ]
      },
      "properties": {
        "name": "Rajpura Thermal Power Plant",
        "type": "coal",
        "capacity_mw": 1400.0,
        "operator": "Larsen & Toubro",
        "state": "Punjab",
        "osm_id": "way/392090790"
      }
    },
    {
      "type": "Feature",
      "geometry": {
        "type": "Point",
        "coordinates": [
          75.6275764,
          29.8719247
        ]
      },
      "properties": {
        "name": "Gobindpura",
        "type": "solar",
        "capacity_mw": 25.0,
        "operator": "Unknown",
        "state": "Punjab",
        "osm_id": "way/392094386"
      }
    },
    {
      "type": "Feature",
      "geometry": {
        "type": "Point",
        "coordinates": [
          75.0384958,
          24.7213523
        ]
      },
      "properties": {
        "name": "Suntholi",
        "type": "solar",
        "capacity_mw": 25.0,
        "operator": "Unknown",
        "state": "Madhya Pradesh",
        "osm_id": "way/392354786"
      }
    },
    {
      "type": "Feature",
      "geometry": {
        "type": "Point",
        "coordinates": [
          75.0878578,
          24.7875131
        ]
      },
      "properties": {
        "name": "Padliya",
        "type": "solar",
        "capacity_mw": 25.0,
        "operator": "Unknown",
        "state": "Madhya Pradesh",
        "osm_id": "way/392354793"
      }
    },
    {
      "type": "Feature",
      "geometry": {
        "type": "Point",
        "coordinates": [
          75.1295707,
          24.6899479
        ]
      },
      "properties": {
        "name": "Welspun Solar MP project Bhagwanpura",
        "type": "solar",
        "capacity_mw": 151,
        "operator": "Welspun Energy",
        "state": "Madhya Pradesh",
        "osm_id": "way/392354797"
      }
    },
    {
      "type": "Feature",
      "geometry": {
        "type": "Point",
        "coordinates": [
          74.6566768,
          25.8592472
        ]
      },
      "properties": {
        "name": "Gulabpura",
        "type": "solar",
        "capacity_mw": 5.0,
        "operator": "Unknown",
        "state": "Rajasthan",
        "osm_id": "way/393038006"
      }
    },
    {
      "type": "Feature",
      "geometry": {
        "type": "Point",
        "coordinates": [
          72.3966954,
          27.4297614
        ]
      },
      "properties": {
        "name": "Gadna 2",
        "type": "solar",
        "capacity_mw": 5.0,
        "operator": "Unknown",
        "state": "Rajasthan",
        "osm_id": "way/393047722"
      }
    },
    {
      "type": "Feature",
      "geometry": {
        "type": "Point",
        "coordinates": [
          71.9937573,
          26.8612268
        ]
      },
      "properties": {
        "name": "Pokaran Tehsil Solar Plant",
        "type": "solar",
        "capacity_mw": 100.0,
        "operator": "Reliance Power Limited",
        "state": "Rajasthan",
        "osm_id": "way/440212611"
      }
    },
    {
      "type": "Feature",
      "geometry": {
        "type": "Point",
        "coordinates": [
          72.3887594,
          27.4277573
        ]
      },
      "properties": {
        "name": "Gadna 1",
        "type": "solar",
        "capacity_mw": 5.0,
        "operator": "Unknown",
        "state": "Rajasthan",
        "osm_id": "way/393047725"
      }
    },
    {
      "type": "Feature",
      "geometry": {
        "type": "Point",
        "coordinates": [
          76.1210381,
          23.9294184
        ]
      },
      "properties": {
        "name": "Amla Nankar-Susner",
        "type": "solar",
        "capacity_mw": 12.9,
        "operator": "Unknown",
        "state": "Madhya Pradesh",
        "osm_id": "way/394947469"
      }
    },
    {
      "type": "Feature",
      "geometry": {
        "type": "Point",
        "coordinates": [
          75.8972771,
          23.8847863
        ]
      },
      "properties": {
        "name": "Kachhaliya",
        "type": "solar",
        "capacity_mw": 40.0,
        "operator": "Unknown",
        "state": "Madhya Pradesh",
        "osm_id": "way/394947474"
      }
    },
    {
      "type": "Feature",
      "geometry": {
        "type": "Point",
        "coordinates": [
          75.6398523,
          23.7486344
        ]
      },
      "properties": {
        "name": "Goyalkhedi",
        "type": "solar",
        "capacity_mw": 32.0,
        "operator": "Unknown",
        "state": "Madhya Pradesh",
        "osm_id": "way/394947475"
      }
    },
    {
      "type": "Feature",
      "geometry": {
        "type": "Point",
        "coordinates": [
          78.8643595,
          22.8630384
        ]
      },
      "properties": {
        "name": "Gadarwara Super Thermal Power Station",
        "type": "coal",
        "capacity_mw": 1600.0,
        "operator": "NTPC Limited",
        "state": "Madhya Pradesh",
        "osm_id": "way/394955715"
      }
    },
    {
      "type": "Feature",
      "geometry": {
        "type": "Point",
        "coordinates": [
          81.6339262,
          23.164236
        ]
      },
      "properties": {
        "name": "Amarkantak Thermal Power Station",
        "type": "coal",
        "capacity_mw": 210.0,
        "operator": "Madhya Pradesh Power Generating Company Limited",
        "state": "Madhya Pradesh",
        "osm_id": "way/395125076"
      }
    },
    {
      "type": "Feature",
      "geometry": {
        "type": "Point",
        "coordinates": [
          81.9624189,
          23.2312342
        ]
      },
      "properties": {
        "name": "Kotma Tehsil Biomass Plant",
        "type": "biomass",
        "capacity_mw": 12.0,
        "operator": "Arya Eenergy",
        "state": "Madhya Pradesh",
        "osm_id": "way/395125079"
      }
    },
    {
      "type": "Feature",
      "geometry": {
        "type": "Point",
        "coordinates": [
          86.0593502,
          22.8376403
        ]
      },
      "properties": {
        "name": "Mahadev Prasad Super Thermal Power Plant",
        "type": "coal",
        "capacity_mw": 540.0,
        "operator": "DVC (Damodar Valley Corporation)",
        "state": "Jharkhand",
        "osm_id": "way/395142061"
      }
    },
    {
      "type": "Feature",
      "geometry": {
        "type": "Point",
        "coordinates": [
          82.3096041,
          17.0574855
        ]
      },
      "properties": {
        "name": "Spectrum Power Generation Kakinada Plant",
        "type": "gas",
        "capacity_mw": 208.0,
        "operator": "Spectrum Power Generation",
        "state": "Andhra Pradesh",
        "osm_id": "way/396376950"
      }
    },
    {
      "type": "Feature",
      "geometry": {
        "type": "Point",
        "coordinates": [
          83.4537773,
          20.7308685
        ]
      },
      "properties": {
        "name": "Balangir Solar Plant",
        "type": "solar",
        "capacity_mw": 25.0,
        "operator": "Unknown",
        "state": "Odisha",
        "osm_id": "way/396920339"
      }
    },
    {
      "type": "Feature",
      "geometry": {
        "type": "Point",
        "coordinates": [
          85.2536075,
          20.8066389
        ]
      },
      "properties": {
        "name": "Meramandali Power Station",
        "type": "coal",
        "capacity_mw": 250.0,
        "operator": "Tata Steel BSL Limited",
        "state": "Odisha",
        "osm_id": "way/396925738"
      }
    },
    {
      "type": "Feature",
      "geometry": {
        "type": "Point",
        "coordinates": [
          85.2653241,
          20.8652362
        ]
      },
      "properties": {
        "name": "Kamalanga Thermal Power Plant",
        "type": "coal",
        "capacity_mw": 1050.0,
        "operator": "GMR Energy",
        "state": "Odisha",
        "osm_id": "way/396925739"
      }
    },
    {
      "type": "Feature",
      "geometry": {
        "type": "Point",
        "coordinates": [
          78.2385457,
          14.4630812
        ]
      },
      "properties": {
        "name": "Pulivendula",
        "type": "solar",
        "capacity_mw": 5.0,
        "operator": "Unknown",
        "state": "Andhra Pradesh",
        "osm_id": "way/400498254"
      }
    },
    {
      "type": "Feature",
      "geometry": {
        "type": "Point",
        "coordinates": [
          77.6849195,
          14.9480647
        ]
      },
      "properties": {
        "name": "Megha Solar Plant",
        "type": "solar",
        "capacity_mw": 0,
        "operator": "Unknown",
        "state": "Andhra Pradesh",
        "osm_id": "way/400498277"
      }
    },
    {
      "type": "Feature",
      "geometry": {
        "type": "Point",
        "coordinates": [
          75.8371387,
          16.5053241
        ]
      },
      "properties": {
        "name": "Kudgi Super Thermal Power Project",
        "type": "coal",
        "capacity_mw": 2400.0,
        "operator": "NTPS",
        "state": "Karnataka",
        "osm_id": "way/409304651"
      }
    },
    {
      "type": "Feature",
      "geometry": {
        "type": "Point",
        "coordinates": [
          78.9645215,
          29.1415087
        ]
      },
      "properties": {
        "name": "Gama Infraprop Private Limited",
        "type": "gas",
        "capacity_mw": 225.0,
        "operator": "Gama Infraprop Private Limited",
        "state": "Uttar Pradesh",
        "osm_id": "way/409621305"
      }
    },
    {
      "type": "Feature",
      "geometry": {
        "type": "Point",
        "coordinates": [
          78.9555448,
          29.137646
        ]
      },
      "properties": {
        "name": "Kashipur Hydro Plant",
        "type": "hydro",
        "capacity_mw": 0,
        "operator": "Unknown",
        "state": "Uttar Pradesh",
        "osm_id": "way/409621306"
      }
    },
    {
      "type": "Feature",
      "geometry": {
        "type": "Point",
        "coordinates": [
          78.9752716,
          29.155098
        ]
      },
      "properties": {
        "name": "Kashipur Sravanthi power station",
        "type": "gas",
        "capacity_mw": 439.0,
        "operator": "Sravanthi Energy Private Limited",
        "state": "Uttar Pradesh",
        "osm_id": "way/409621335"
      }
    },
    {
      "type": "Feature",
      "geometry": {
        "type": "Point",
        "coordinates": [
          85.1355152,
          25.599371
        ]
      },
      "properties": {
        "name": "Karbigahiya Thermal Power Plant",
        "type": "coal",
        "capacity_mw": 0,
        "operator": "Bihar State Electricity Board",
        "state": "Bihar",
        "osm_id": "way/413347466"
      }
    },
    {
      "type": "Feature",
      "geometry": {
        "type": "Point",
        "coordinates": [
          73.1007284,
          22.3758994
        ]
      },
      "properties": {
        "name": "Vadodara Power Plant",
        "type": "gas",
        "capacity_mw": 305.0,
        "operator": "Gujarat Industries Power Company Ltd.",
        "state": "Gujarat",
        "osm_id": "way/415852203"
      }
    },
    {
      "type": "Feature",
      "geometry": {
        "type": "Point",
        "coordinates": [
          68.7654929,
          23.6788972
        ]
      },
      "properties": {
        "name": "Panandhro",
        "type": "solar",
        "capacity_mw": 5.0,
        "operator": "Unknown",
        "state": "Gujarat",
        "osm_id": "way/415869398"
      }
    },
    {
      "type": "Feature",
      "geometry": {
        "type": "Point",
        "coordinates": [
          71.6991052,
          23.6509613
        ]
      },
      "properties": {
        "name": "Nayka",
        "type": "solar",
        "capacity_mw": 11.0,
        "operator": "Unknown",
        "state": "Gujarat",
        "osm_id": "way/416136629"
      }
    },
    {
      "type": "Feature",
      "geometry": {
        "type": "Point",
        "coordinates": [
          71.6196516,
          23.4188095
        ]
      },
      "properties": {
        "name": "Fatepur MySolar",
        "type": "solar",
        "capacity_mw": 30.0,
        "operator": "Dreisatz MySolar24",
        "state": "Gujarat",
        "osm_id": "way/416136631"
      }
    },
    {
      "type": "Feature",
      "geometry": {
        "type": "Point",
        "coordinates": [
          71.5829258,
          23.4739369
        ]
      },
      "properties": {
        "name": "Surel Visual Solar",
        "type": "solar",
        "capacity_mw": 25.0,
        "operator": "Visual Percept Solar Projects",
        "state": "Gujarat",
        "osm_id": "way/416136639"
      }
    },
    {
      "type": "Feature",
      "geometry": {
        "type": "Point",
        "coordinates": [
          75.055718,
          12.4470584
        ]
      },
      "properties": {
        "name": "Hosdurg Gas Plant",
        "type": "gas",
        "capacity_mw": 20.0,
        "operator": "Unknown",
        "state": "Kerala",
        "osm_id": "way/417103921"
      }
    },
    {
      "type": "Feature",
      "geometry": {
        "type": "Point",
        "coordinates": [
          75.1629464,
          30.2643701
        ]
      },
      "properties": {
        "name": "Rampura Phul Tahsil Gas Plant",
        "type": "gas",
        "capacity_mw": 0,
        "operator": "Unknown",
        "state": "Punjab",
        "osm_id": "way/417861060"
      }
    },
    {
      "type": "Feature",
      "geometry": {
        "type": "Point",
        "coordinates": [
          76.1507412,
          32.8778006
        ]
      },
      "properties": {
        "name": "Chaurah Hydro Plant",
        "type": "hydro",
        "capacity_mw": 0,
        "operator": "Unknown",
        "state": "Himachal Pradesh",
        "osm_id": "way/418309764"
      }
    },
    {
      "type": "Feature",
      "geometry": {
        "type": "Point",
        "coordinates": [
          76.1700574,
          32.5066571
        ]
      },
      "properties": {
        "name": "Chamera II Power Station",
        "type": "hydro",
        "capacity_mw": 300.0,
        "operator": "National Hydel Power Corporation",
        "state": "Himachal Pradesh",
        "osm_id": "way/418309786"
      }
    },
    {
      "type": "Feature",
      "geometry": {
        "type": "Point",
        "coordinates": [
          74.9172923,
          34.0035186
        ]
      },
      "properties": {
        "name": "Pampore Power Plant",
        "type": "gas",
        "capacity_mw": 175.0,
        "operator": "Unknown",
        "state": "Jammu and Kashmir",
        "osm_id": "way/418645215"
      }
    },
    {
      "type": "Feature",
      "geometry": {
        "type": "Point",
        "coordinates": [
          74.196861,
          34.151249
        ]
      },
      "properties": {
        "name": "Lower Jhelum",
        "type": "hydro",
        "capacity_mw": 105.0,
        "operator": "Jammu and Kashmir State Power Development Corporation",
        "state": "Jammu and Kashmir",
        "osm_id": "way/418808571"
      }
    },
    {
      "type": "Feature",
      "geometry": {
        "type": "Point",
        "coordinates": [
          74.8969355,
          34.2673994
        ]
      },
      "properties": {
        "name": "Upper Sindh II",
        "type": "hydro",
        "capacity_mw": 105.0,
        "operator": "Jammu and Kashmir State Power Development Corporation",
        "state": "Jammu and Kashmir",
        "osm_id": "way/419055245"
      }
    },
    {
      "type": "Feature",
      "geometry": {
        "type": "Point",
        "coordinates": [
          81.8002336,
          21.1591059
        ]
      },
      "properties": {
        "name": "Solar Plant",
        "type": "solar",
        "capacity_mw": 0,
        "operator": "Unknown",
        "state": "Chhattisgarh",
        "osm_id": "way/419910221"
      }
    },
    {
      "type": "Feature",
      "geometry": {
        "type": "Point",
        "coordinates": [
          72.9194658,
          19.0077866
        ]
      },
      "properties": {
        "name": "Jaitapur Nuclear Power Project",
        "type": "nuclear",
        "capacity_mw": 10380,
        "operator": "Nuclear Power Corporation of India",
        "state": "Maharashtra",
        "osm_id": "way/421287222"
      }
    },
    {
      "type": "Feature",
      "geometry": {
        "type": "Point",
        "coordinates": [
          73.6398051,
          18.7125423
        ]
      },
      "properties": {
        "name": "Urse",
        "type": "solar",
        "capacity_mw": 5.5,
        "operator": "Unknown",
        "state": "Maharashtra",
        "osm_id": "way/421293013"
      }
    },
    {
      "type": "Feature",
      "geometry": {
        "type": "Point",
        "coordinates": [
          87.3874614,
          22.2487672
        ]
      },
      "properties": {
        "name": "BEL Power Plant",
        "type": "coal",
        "capacity_mw": 40.0,
        "operator": "Bengal Energy Limited",
        "state": "West Bengal",
        "osm_id": "way/421635559"
      }
    },
    {
      "type": "Feature",
      "geometry": {
        "type": "Point",
        "coordinates": [
          81.952578,
          25.143354
        ]
      },
      "properties": {
        "name": "Meja Thermal Power Station",
        "type": "coal",
        "capacity_mw": 1320.0,
        "operator": "Meja Urja Nigam Private Limited",
        "state": "Uttar Pradesh",
        "osm_id": "way/422180992"
      }
    },
    {
      "type": "Feature",
      "geometry": {
        "type": "Point",
        "coordinates": [
          81.6552633,
          25.1982506
        ]
      },
      "properties": {
        "name": "Prayagraj Super Thermal Power Station",
        "type": "coal",
        "capacity_mw": 1980.0,
        "operator": "Prayagraj Power Generation Company",
        "state": "Uttar Pradesh",
        "osm_id": "way/422204221"
      }
    },
    {
      "type": "Feature",
      "geometry": {
        "type": "Point",
        "coordinates": [
          73.7504115,
          17.4019917
        ]
      },
      "properties": {
        "name": "Koyna Dam Powerhouse",
        "type": "hydro",
        "capacity_mw": 36.0,
        "operator": "Maharashtra State Power Generation Company",
        "state": "Maharashtra",
        "osm_id": "way/422311321"
      }
    },
    {
      "type": "Feature",
      "geometry": {
        "type": "Point",
        "coordinates": [
          82.7442736,
          17.5934702
        ]
      },
      "properties": {
        "name": "Anrak Makavarapalem Smelter Power Plant",
        "type": "coal",
        "capacity_mw": 0,
        "operator": "Unknown",
        "state": "Andhra Pradesh",
        "osm_id": "way/423420657"
      }
    },
    {
      "type": "Feature",
      "geometry": {
        "type": "Point",
        "coordinates": [
          71.6921681,
          27.3474697
        ]
      },
      "properties": {
        "name": "DDE Renewable Energy Pvt. Ltd",
        "type": "solar",
        "capacity_mw": 0,
        "operator": "Unknown",
        "state": "Rajasthan",
        "osm_id": "way/423619207"
      }
    },
    {
      "type": "Feature",
      "geometry": {
        "type": "Point",
        "coordinates": [
          71.6920758,
          27.3601846
        ]
      },
      "properties": {
        "name": "Electromech Maritech Pvt. Ltd",
        "type": "solar",
        "capacity_mw": 0,
        "operator": "Unknown",
        "state": "Rajasthan",
        "osm_id": "way/423619208"
      }
    },
    {
      "type": "Feature",
      "geometry": {
        "type": "Point",
        "coordinates": [
          71.6920867,
          27.3633683
        ]
      },
      "properties": {
        "name": "Finehope allied Engg. Pvt. Ltd",
        "type": "solar",
        "capacity_mw": 0,
        "operator": "Unknown",
        "state": "Rajasthan",
        "osm_id": "way/423619209"
      }
    },
    {
      "type": "Feature",
      "geometry": {
        "type": "Point",
        "coordinates": [
          71.6921058,
          27.3665318
        ]
      },
      "properties": {
        "name": "Khaya Solar Energy Pvt. Ltd",
        "type": "solar",
        "capacity_mw": 0,
        "operator": "Unknown",
        "state": "Rajasthan",
        "osm_id": "way/423619211"
      }
    },
    {
      "type": "Feature",
      "geometry": {
        "type": "Point",
        "coordinates": [
          73.238723,
          28.1818839
        ]
      },
      "properties": {
        "name": "Bikaner Tehsil Solar Plant",
        "type": "solar",
        "capacity_mw": 2.5,
        "operator": "Unknown",
        "state": "Rajasthan",
        "osm_id": "way/423619213"
      }
    },
    {
      "type": "Feature",
      "geometry": {
        "type": "Point",
        "coordinates": [
          71.692073,
          27.3538443
        ]
      },
      "properties": {
        "name": "Newton Solar Pvt. Ltd",
        "type": "solar",
        "capacity_mw": 0,
        "operator": "Unknown",
        "state": "Rajasthan",
        "osm_id": "way/423619214"
      }
    },
    {
      "type": "Feature",
      "geometry": {
        "type": "Point",
        "coordinates": [
          71.6921681,
          27.3506555
        ]
      },
      "properties": {
        "name": "Saidham Overseas Pvt. Ltd",
        "type": "solar",
        "capacity_mw": 0,
        "operator": "Unknown",
        "state": "Rajasthan",
        "osm_id": "way/423619215"
      }
    },
    {
      "type": "Feature",
      "geometry": {
        "type": "Point",
        "coordinates": [
          71.6920865,
          27.3569889
        ]
      },
      "properties": {
        "name": "Vasavi Solar Power Ltd",
        "type": "solar",
        "capacity_mw": 5.0,
        "operator": "Vasavi Solar Power Private Limited",
        "state": "Rajasthan",
        "osm_id": "way/423619216"
      }
    },
    {
      "type": "Feature",
      "geometry": {
        "type": "Point",
        "coordinates": [
          78.6466009,
          24.7935639
        ]
      },
      "properties": {
        "name": "Lalitpur Thermal Power Station",
        "type": "coal",
        "capacity_mw": 1980.0,
        "operator": "Lalitpur Power Generation Company Limited",
        "state": "Uttar Pradesh",
        "osm_id": "way/423702259"
      }
    },
    {
      "type": "Feature",
      "geometry": {
        "type": "Point",
        "coordinates": [
          78.4444951,
          24.7695669
        ]
      },
      "properties": {
        "name": "Amarpur",
        "type": "solar",
        "capacity_mw": 30.0,
        "operator": "Solar Power Plant-Jackson Group-30 MW",
        "state": "Uttar Pradesh",
        "osm_id": "way/423702260"
      }
    },
    {
      "type": "Feature",
      "geometry": {
        "type": "Point",
        "coordinates": [
          76.2847776,
          32.4823924
        ]
      },
      "properties": {
        "name": "Chamera III Power Station",
        "type": "hydro",
        "capacity_mw": 231.0,
        "operator": "NHPC",
        "state": "Himachal Pradesh",
        "osm_id": "way/429545513"
      }
    },
    {
      "type": "Feature",
      "geometry": {
        "type": "Point",
        "coordinates": [
          75.8214702,
          32.6765149
        ]
      },
      "properties": {
        "name": "Sewa II Hydroelectric Power Station",
        "type": "hydro",
        "capacity_mw": 120.0,
        "operator": "NHPC Limited",
        "state": "Jammu and Kashmir",
        "osm_id": "way/429545514"
      }
    },
    {
      "type": "Feature",
      "geometry": {
        "type": "Point",
        "coordinates": [
          75.921769,
          32.6190573
        ]
      },
      "properties": {
        "name": "Chamera I Power Station",
        "type": "hydro",
        "capacity_mw": 540.0,
        "operator": "NHPC Limited",
        "state": "Himachal Pradesh",
        "osm_id": "way/429545547"
      }
    },
    {
      "type": "Feature",
      "geometry": {
        "type": "Point",
        "coordinates": [
          78.014018,
          31.5443759
        ]
      },
      "properties": {
        "name": "Karcham Wangtoo Hydroelectric Plant",
        "type": "hydro",
        "capacity_mw": 1045.0,
        "operator": "JSW Energy",
        "state": "Himachal Pradesh",
        "osm_id": "way/429548141"
      }
    },
    {
      "type": "Feature",
      "geometry": {
        "type": "Point",
        "coordinates": [
          77.7084874,
          31.4945902
        ]
      },
      "properties": {
        "name": "Nathpa Jhakri Hydro Power station",
        "type": "hydro",
        "capacity_mw": 1500.0,
        "operator": "SJVN",
        "state": "Himachal Pradesh",
        "osm_id": "way/429548142"
      }
    },
    {
      "type": "Feature",
      "geometry": {
        "type": "Point",
        "coordinates": [
          74.8106222,
          33.1398438
        ]
      },
      "properties": {
        "name": "Salal Powerhouse",
        "type": "hydro",
        "capacity_mw": 690.0,
        "operator": "National Hydel Power Corporation",
        "state": "Jammu and Kashmir",
        "osm_id": "way/429548143"
      }
    },
    {
      "type": "Feature",
      "geometry": {
        "type": "Point",
        "coordinates": [
          78.1784715,
          31.4993602
        ]
      },
      "properties": {
        "name": "Kalpa Hydro Plant",
        "type": "hydro",
        "capacity_mw": 0,
        "operator": "Unknown",
        "state": "Himachal Pradesh",
        "osm_id": "way/429548144"
      }
    },
    {
      "type": "Feature",
      "geometry": {
        "type": "Point",
        "coordinates": [
          78.498931,
          30.2600714
        ]
      },
      "properties": {
        "name": "Koteshwar Dam power plant",
        "type": "hydro",
        "capacity_mw": 400.0,
        "operator": "THDC India Limited",
        "state": "Uttarakhand",
        "osm_id": "way/429714426"
      }
    },
    {
      "type": "Feature",
      "geometry": {
        "type": "Point",
        "coordinates": [
          78.4793839,
          30.3700235
        ]
      },
      "properties": {
        "name": "Tehri Dam Power House",
        "type": "hydro",
        "capacity_mw": 1000.0,
        "operator": "Tehri Hydro Development Corporation Limited",
        "state": "Uttarakhand",
        "osm_id": "way/429714428"
      }
    },
    {
      "type": "Feature",
      "geometry": {
        "type": "Point",
        "coordinates": [
          80.5713486,
          29.9253386
        ]
      },
      "properties": {
        "name": "Dhauliganga power house",
        "type": "hydro",
        "capacity_mw": 280.0,
        "operator": "NHPC",
        "state": "Uttarakhand",
        "osm_id": "way/429776295"
      }
    },
    {
      "type": "Feature",
      "geometry": {
        "type": "Point",
        "coordinates": [
          74.6483225,
          15.0787228
        ]
      },
      "properties": {
        "name": "Supa Dam Power Station",
        "type": "hydro",
        "capacity_mw": 900.0,
        "operator": "Karnataka Power Corporation Limited",
        "state": "Karnataka",
        "osm_id": "way/429778835"
      }
    },
    {
      "type": "Feature",
      "geometry": {
        "type": "Point",
        "coordinates": [
          79.2621326,
          16.6637448
        ]
      },
      "properties": {
        "name": "Nagarjunasagar Left Canal power plant",
        "type": "hydro",
        "capacity_mw": 60.0,
        "operator": "Telangana State Power Generation Corporation Limited",
        "state": "Telangana",
        "osm_id": "way/429779733"
      }
    },
    {
      "type": "Feature",
      "geometry": {
        "type": "Point",
        "coordinates": [
          73.6425806,
          17.4744587
        ]
      },
      "properties": {
        "name": "Koyna Hydroelectric Project Power House 3",
        "type": "hydro",
        "capacity_mw": 1960.0,
        "operator": "Maharashtra State Power Generation Company",
        "state": "Maharashtra",
        "osm_id": "way/429782239"
      }
    },
    {
      "type": "Feature",
      "geometry": {
        "type": "Point",
        "coordinates": [
          73.6849376,
          17.4589311
        ]
      },
      "properties": {
        "name": "Koyna Hydroelectric Project Power House 4",
        "type": "hydro",
        "capacity_mw": 1960.0,
        "operator": "Maharashtra State Power Generation Company",
        "state": "Maharashtra",
        "osm_id": "way/429782240"
      }
    },
    {
      "type": "Feature",
      "geometry": {
        "type": "Point",
        "coordinates": [
          73.6893248,
          17.4384635
        ]
      },
      "properties": {
        "name": "Koyna Hydroelectric Project Power House I & 2",
        "type": "hydro",
        "capacity_mw": 1960.0,
        "operator": "Maharashtra State Power Generation Company",
        "state": "Maharashtra",
        "osm_id": "way/429782241"
      }
    },
    {
      "type": "Feature",
      "geometry": {
        "type": "Point",
        "coordinates": [
          77.7793245,
          11.72751
        ]
      },
      "properties": {
        "name": "Lower Mettur Barrage I Power House",
        "type": "hydro",
        "capacity_mw": 30.0,
        "operator": "TANGEDCO",
        "state": "Tamil Nadu",
        "osm_id": "way/429967361"
      }
    },
    {
      "type": "Feature",
      "geometry": {
        "type": "Point",
        "coordinates": [
          77.7564747,
          11.6435964
        ]
      },
      "properties": {
        "name": "Lower Mettur Barrage II Power House",
        "type": "hydro",
        "capacity_mw": 30.0,
        "operator": "TANGEDCO",
        "state": "Tamil Nadu",
        "osm_id": "way/429967362"
      }
    },
    {
      "type": "Feature",
      "geometry": {
        "type": "Point",
        "coordinates": [
          77.7419765,
          11.5751953
        ]
      },
      "properties": {
        "name": "Lower Mettur Barrage III Power House",
        "type": "hydro",
        "capacity_mw": 30.0,
        "operator": "TANGEDCO",
        "state": "Tamil Nadu",
        "osm_id": "way/429967363"
      }
    },
    {
      "type": "Feature",
      "geometry": {
        "type": "Point",
        "coordinates": [
          77.7017149,
          11.4854514
        ]
      },
      "properties": {
        "name": "Lower Mettur Barrage IV Power House",
        "type": "hydro",
        "capacity_mw": 30.0,
        "operator": "TANGEDCO",
        "state": "Tamil Nadu",
        "osm_id": "way/429967364"
      }
    },
    {
      "type": "Feature",
      "geometry": {
        "type": "Point",
        "coordinates": [
          77.8096193,
          11.8006979
        ]
      },
      "properties": {
        "name": "Mettur Dam Power House",
        "type": "hydro",
        "capacity_mw": 50.0,
        "operator": "TNEB",
        "state": "Tamil Nadu",
        "osm_id": "way/429967365"
      }
    },
    {
      "type": "Feature",
      "geometry": {
        "type": "Point",
        "coordinates": [
          77.8154167,
          11.7754657
        ]
      },
      "properties": {
        "name": "Mettur Thermal Power Plant",
        "type": "coal",
        "capacity_mw": 1440.0,
        "operator": "Tamil Nadu Generation and Distribution Corporation",
        "state": "Tamil Nadu",
        "osm_id": "way/429967366"
      }
    },
    {
      "type": "Feature",
      "geometry": {
        "type": "Point",
        "coordinates": [
          77.8107626,
          11.797967
        ]
      },
      "properties": {
        "name": "Mettur Tunnel Power House",
        "type": "hydro",
        "capacity_mw": 200.0,
        "operator": "Unknown",
        "state": "Tamil Nadu",
        "osm_id": "way/429967367"
      }
    },
    {
      "type": "Feature",
      "geometry": {
        "type": "Point",
        "coordinates": [
          77.7580653,
          11.3309081
        ]
      },
      "properties": {
        "name": "Bhavani Kattalai II",
        "type": "hydro",
        "capacity_mw": 30.0,
        "operator": "TANGEDCO",
        "state": "Tamil Nadu",
        "osm_id": "way/429967370"
      }
    },
    {
      "type": "Feature",
      "geometry": {
        "type": "Point",
        "coordinates": [
          77.7147408,
          11.38418
        ]
      },
      "properties": {
        "name": "Bhavani Kattalai I",
        "type": "hydro",
        "capacity_mw": 30.0,
        "operator": "TANGEDCO",
        "state": "Tamil Nadu",
        "osm_id": "way/429967371"
      }
    },
    {
      "type": "Feature",
      "geometry": {
        "type": "Point",
        "coordinates": [
          77.8659469,
          11.2428577
        ]
      },
      "properties": {
        "name": "Bhavani Kattalai III",
        "type": "hydro",
        "capacity_mw": 30.0,
        "operator": "TANGEDCO",
        "state": "Tamil Nadu",
        "osm_id": "way/429967372"
      }
    },
    {
      "type": "Feature",
      "geometry": {
        "type": "Point",
        "coordinates": [
          72.8995227,
          19.0005717
        ]
      },
      "properties": {
        "name": "Trombay Thermal Power Station",
        "type": "coal",
        "capacity_mw": 930.0,
        "operator": "TATA Power",
        "state": "Maharashtra",
        "osm_id": "way/430025268"
      }
    },
    {
      "type": "Feature",
      "geometry": {
        "type": "Point",
        "coordinates": [
          73.3089863,
          23.3046861
        ]
      },
      "properties": {
        "name": "Atas Sirdi Sarkhandi",
        "type": "solar",
        "capacity_mw": 6.0,
        "operator": "Unknown",
        "state": "Gujarat",
        "osm_id": "way/430372978"
      }
    },
    {
      "type": "Feature",
      "geometry": {
        "type": "Point",
        "coordinates": [
          84.1600811,
          24.7703771
        ]
      },
      "properties": {
        "name": "Nabinagar Super Thermal Power Project",
        "type": "coal",
        "capacity_mw": 1980.0,
        "operator": "Nabinagar Power Generating Company",
        "state": "Bihar",
        "osm_id": "way/433278182"
      }
    },
    {
      "type": "Feature",
      "geometry": {
        "type": "Point",
        "coordinates": [
          77.3609322,
          16.3021616
        ]
      },
      "properties": {
        "name": "Rayachuru taluku Coal Plant",
        "type": "coal",
        "capacity_mw": 0,
        "operator": "Unknown",
        "state": "Karnataka",
        "osm_id": "way/433546019"
      }
    },
    {
      "type": "Feature",
      "geometry": {
        "type": "Point",
        "coordinates": [
          77.3581065,
          16.295816
        ]
      },
      "properties": {
        "name": "Yermarus Thermal Power Station",
        "type": "coal",
        "capacity_mw": 1600.0,
        "operator": "Karnataka Power Corporation Limited",
        "state": "Karnataka",
        "osm_id": "way/433546020"
      }
    },
    {
      "type": "Feature",
      "geometry": {
        "type": "Point",
        "coordinates": [
          77.3176939,
          28.2830979
        ]
      },
      "properties": {
        "name": "Jajru",
        "type": "solar",
        "capacity_mw": 5.0,
        "operator": "Unknown",
        "state": "Haryana",
        "osm_id": "way/435627652"
      }
    },
    {
      "type": "Feature",
      "geometry": {
        "type": "Point",
        "coordinates": [
          71.6389563,
          23.395604
        ]
      },
      "properties": {
        "name": "Fatepur Emco",
        "type": "solar",
        "capacity_mw": 5.0,
        "operator": "Unknown",
        "state": "Gujarat",
        "osm_id": "way/435850440"
      }
    },
    {
      "type": "Feature",
      "geometry": {
        "type": "Point",
        "coordinates": [
          71.780131,
          23.2593322
        ]
      },
      "properties": {
        "name": "Savda",
        "type": "solar",
        "capacity_mw": 25.0,
        "operator": "Unknown",
        "state": "Gujarat",
        "osm_id": "way/435850473"
      }
    },
    {
      "type": "Feature",
      "geometry": {
        "type": "Point",
        "coordinates": [
          75.785,
          20.275
        ]
      },
      "properties": {
        "name": "Kamlapur",
        "type": "solar",
        "capacity_mw": 47.0,
        "operator": "Ujjawala Power Private Limited",
        "state": "Gujarat",
        "osm_id": "way/435850476"
      }
    },
    {
      "type": "Feature",
      "geometry": {
        "type": "Point",
        "coordinates": [
          79.4864192,
          18.7641737
        ]
      },
      "properties": {
        "name": "Ramagundam mandal Solar Plant",
        "type": "solar",
        "capacity_mw": 10.0,
        "operator": "Government of India",
        "state": "Telangana",
        "osm_id": "way/436023261"
      }
    },
    {
      "type": "Feature",
      "geometry": {
        "type": "Point",
        "coordinates": [
          79.4502796,
          18.7671355
        ]
      },
      "properties": {
        "name": "Ramagundam B thermal power plant",
        "type": "coal",
        "capacity_mw": 62.5,
        "operator": "Telangana State Power Generation Corporation Limited",
        "state": "Telangana",
        "osm_id": "way/436970134"
      }
    },
    {
      "type": "Feature",
      "geometry": {
        "type": "Point",
        "coordinates": [
          79.4604408,
          18.7564751
        ]
      },
      "properties": {
        "name": "NTPC Ramagundam Thermal power plant",
        "type": "coal",
        "capacity_mw": 2600.0,
        "operator": "NTPC",
        "state": "Telangana",
        "osm_id": "way/436970135"
      }
    },
    {
      "type": "Feature",
      "geometry": {
        "type": "Point",
        "coordinates": [
          82.433786,
          22.3419078
        ]
      },
      "properties": {
        "name": "Bhandhakhar Power Station",
        "type": "coal",
        "capacity_mw": 300.0,
        "operator": "Maruti Clean Coal and Power Limited",
        "state": "Chhattisgarh",
        "osm_id": "way/437012404"
      }
    },
    {
      "type": "Feature",
      "geometry": {
        "type": "Point",
        "coordinates": [
          82.7403829,
          22.3976326
        ]
      },
      "properties": {
        "name": "Balco - III",
        "type": "coal",
        "capacity_mw": 1200.0,
        "operator": "BALCO",
        "state": "Chhattisgarh",
        "osm_id": "way/437012405"
      }
    },
    {
      "type": "Feature",
      "geometry": {
        "type": "Point",
        "coordinates": [
          82.7435708,
          22.3935587
        ]
      },
      "properties": {
        "name": "Balco-II Power Station",
        "type": "coal",
        "capacity_mw": 540.0,
        "operator": "BALCO",
        "state": "Chhattisgarh",
        "osm_id": "way/437012406"
      }
    },
    {
      "type": "Feature",
      "geometry": {
        "type": "Point",
        "coordinates": [
          82.67395,
          22.3945873
        ]
      },
      "properties": {
        "name": "Balco-I Captive Power Plant",
        "type": "coal",
        "capacity_mw": 270.0,
        "operator": "Vedanta",
        "state": "Chhattisgarh",
        "osm_id": "way/437012407"
      }
    },
    {
      "type": "Feature",
      "geometry": {
        "type": "Point",
        "coordinates": [
          82.55243,
          22.38715
        ]
      },
      "properties": {
        "name": "Kasaipalli Power Station",
        "type": "coal",
        "capacity_mw": 270.0,
        "operator": "ACB (India)",
        "state": "Chhattisgarh",
        "osm_id": "way/437012408"
      }
    },
    {
      "type": "Feature",
      "geometry": {
        "type": "Point",
        "coordinates": [
          82.4955104,
          22.3405148
        ]
      },
      "properties": {
        "name": "Ratija Power Project",
        "type": "coal",
        "capacity_mw": 100.0,
        "operator": "ACB (India)",
        "state": "Chhattisgarh",
        "osm_id": "way/437012409"
      }
    },
    {
      "type": "Feature",
      "geometry": {
        "type": "Point",
        "coordinates": [
          82.527652,
          22.2953082
        ]
      },
      "properties": {
        "name": "S V Power Private Limited Renki",
        "type": "coal",
        "capacity_mw": 63.0,
        "operator": "ACB (India)",
        "state": "Chhattisgarh",
        "osm_id": "way/437012410"
      }
    },
    {
      "type": "Feature",
      "geometry": {
        "type": "Point",
        "coordinates": [
          91.3601053,
          23.8698049
        ]
      },
      "properties": {
        "name": "Palatana Power Plant",
        "type": "gas",
        "capacity_mw": 726.6,
        "operator": "ONGC Tripura Power Company",
        "state": "Tripura",
        "osm_id": "way/438832955"
      }
    },
    {
      "type": "Feature",
      "geometry": {
        "type": "Point",
        "coordinates": [
          75.1524946,
          31.3900472
        ]
      },
      "properties": {
        "name": "Goindwal Sahib thermal Power plant",
        "type": "coal",
        "capacity_mw": 540.0,
        "operator": "GVK",
        "state": "Punjab",
        "osm_id": "way/439700097"
      }
    },
    {
      "type": "Feature",
      "geometry": {
        "type": "Point",
        "coordinates": [
          75.7405801,
          31.9635369
        ]
      },
      "properties": {
        "name": "Mukerian Hydel Project II",
        "type": "hydro",
        "capacity_mw": 45.0,
        "operator": "Punjab State Power Corporation",
        "state": "Punjab",
        "osm_id": "way/439747277"
      }
    },
    {
      "type": "Feature",
      "geometry": {
        "type": "Point",
        "coordinates": [
          72.7791912,
          27.1166267
        ]
      },
      "properties": {
        "name": "Jatisara",
        "type": "solar",
        "capacity_mw": 5.0,
        "operator": "Unknown",
        "state": "Rajasthan",
        "osm_id": "way/440212609"
      }
    },
    {
      "type": "Feature",
      "geometry": {
        "type": "Point",
        "coordinates": [
          71.9081948,
          26.8716159
        ]
      },
      "properties": {
        "name": "Pokhran Seamless",
        "type": "solar",
        "capacity_mw": 5.0,
        "operator": "Unknown",
        "state": "Rajasthan",
        "osm_id": "way/440212610"
      }
    },
    {
      "type": "Feature",
      "geometry": {
        "type": "Point",
        "coordinates": [
          71.8141806,
          26.8351456
        ]
      },
      "properties": {
        "name": "That",
        "type": "solar",
        "capacity_mw": 35.0,
        "operator": "Unknown",
        "state": "Rajasthan",
        "osm_id": "way/440212612"
      }
    },
    {
      "type": "Feature",
      "geometry": {
        "type": "Point",
        "coordinates": [
          77.5622024,
          13.7267539
        ]
      },
      "properties": {
        "name": "Gowriganipalli",
        "type": "solar",
        "capacity_mw": 15.0,
        "operator": "Unknown",
        "state": "Andhra Pradesh",
        "osm_id": "way/440216645"
      }
    },
    {
      "type": "Feature",
      "geometry": {
        "type": "Point",
        "coordinates": [
          86.8531043,
          23.67977
        ]
      },
      "properties": {
        "name": "Chinakuri Power Station",
        "type": "coal",
        "capacity_mw": 30.0,
        "operator": "Eastern Coalfields Limited",
        "state": "West Bengal",
        "osm_id": "way/440768835"
      }
    },
    {
      "type": "Feature",
      "geometry": {
        "type": "Point",
        "coordinates": [
          77.1632015,
          31.6977952
        ]
      },
      "properties": {
        "name": "Bali Chowki Hydro Plant",
        "type": "hydro",
        "capacity_mw": 0,
        "operator": "Unknown",
        "state": "Himachal Pradesh",
        "osm_id": "way/444232921"
      }
    },
    {
      "type": "Feature",
      "geometry": {
        "type": "Point",
        "coordinates": [
          93.6697334,
          24.5873732
        ]
      },
      "properties": {
        "name": "Loktak hydro power station",
        "type": "hydro",
        "capacity_mw": 105.0,
        "operator": "NHPC Limited",
        "state": "Manipur",
        "osm_id": "way/455087617"
      }
    },
    {
      "type": "Feature",
      "geometry": {
        "type": "Point",
        "coordinates": [
          78.1328049,
          28.0127554
        ]
      },
      "properties": {
        "name": "H'duaganj",
        "type": "coal",
        "capacity_mw": 1265.0,
        "operator": "Uttar Pradesh Rajya Vidyut Utpadan Nigam Limited",
        "state": "Uttar Pradesh",
        "osm_id": "way/456185165"
      }
    },
    {
      "type": "Feature",
      "geometry": {
        "type": "Point",
        "coordinates": [
          93.6184363,
          27.0990989
        ]
      },
      "properties": {
        "name": "Energy park, APEDA",
        "type": "solar",
        "capacity_mw": 0,
        "operator": "Unknown",
        "state": "Arunachal Pradesh",
        "osm_id": "way/458440420"
      }
    },
    {
      "type": "Feature",
      "geometry": {
        "type": "Point",
        "coordinates": [
          85.3028978,
          26.1921284
        ]
      },
      "properties": {
        "name": "Kanti Thermal Power Station",
        "type": "coal",
        "capacity_mw": 390.0,
        "operator": "NTPC",
        "state": "Bihar",
        "osm_id": "way/465795982"
      }
    },
    {
      "type": "Feature",
      "geometry": {
        "type": "Point",
        "coordinates": [
          82.1289705,
          17.0396919
        ]
      },
      "properties": {
        "name": "Gautami Combined Cycle Power Plant",
        "type": "gas",
        "capacity_mw": 0,
        "operator": "GVK",
        "state": "Andhra Pradesh",
        "osm_id": "way/465797713"
      }
    },
    {
      "type": "Feature",
      "geometry": {
        "type": "Point",
        "coordinates": [
          79.4719788,
          11.5924804
        ]
      },
      "properties": {
        "name": "Neyveli Thermal Power Station I",
        "type": "coal",
        "capacity_mw": 420.0,
        "operator": "NLC India",
        "state": "Tamil Nadu",
        "osm_id": "way/465874233"
      }
    },
    {
      "type": "Feature",
      "geometry": {
        "type": "Point",
        "coordinates": [
          77.4850633,
          15.6666514
        ]
      },
      "properties": {
        "name": "Yemmiganur Solar Plant",
        "type": "solar",
        "capacity_mw": 0,
        "operator": "Unknown",
        "state": "Andhra Pradesh",
        "osm_id": "way/465940159"
      }
    },
    {
      "type": "Feature",
      "geometry": {
        "type": "Point",
        "coordinates": [
          78.0028114,
          15.9016418
        ]
      },
      "properties": {
        "name": "Alampur SP",
        "type": "solar",
        "capacity_mw": 10.0,
        "operator": "Unknown",
        "state": "Telangana",
        "osm_id": "way/465978058"
      }
    },
    {
      "type": "Feature",
      "geometry": {
        "type": "Point",
        "coordinates": [
          78.2015899,
          15.2323525
        ]
      },
      "properties": {
        "name": "Owk Solar Plant",
        "type": "solar",
        "capacity_mw": 0,
        "operator": "Unknown",
        "state": "Andhra Pradesh",
        "osm_id": "way/465978059"
      }
    },
    {
      "type": "Feature",
      "geometry": {
        "type": "Point",
        "coordinates": [
          77.7447131,
          8.912019
        ]
      },
      "properties": {
        "name": "Kayanathar",
        "type": "solar",
        "capacity_mw": 49.0,
        "operator": "Unknown",
        "state": "Tamil Nadu",
        "osm_id": "way/466142896"
      }
    },
    {
      "type": "Feature",
      "geometry": {
        "type": "Point",
        "coordinates": [
          77.9770955,
          17.2276175
        ]
      },
      "properties": {
        "name": "Peddaumenthal",
        "type": "solar",
        "capacity_mw": 5.0,
        "operator": "Unknown",
        "state": "Telangana",
        "osm_id": "way/466424160"
      }
    },
    {
      "type": "Feature",
      "geometry": {
        "type": "Point",
        "coordinates": [
          78.4927851,
          17.2444069
        ]
      },
      "properties": {
        "name": "Balapur mandal Solar Plant",
        "type": "solar",
        "capacity_mw": 0,
        "operator": "Unknown",
        "state": "Telangana",
        "osm_id": "way/466424161"
      }
    },
    {
      "type": "Feature",
      "geometry": {
        "type": "Point",
        "coordinates": [
          73.8270588,
          23.3065274
        ]
      },
      "properties": {
        "name": "Kadana Hydro Power Station",
        "type": "hydro",
        "capacity_mw": 240.0,
        "operator": "Gujarat State Electricity Corporation Limited",
        "state": "Gujarat",
        "osm_id": "way/466543122"
      }
    },
    {
      "type": "Feature",
      "geometry": {
        "type": "Point",
        "coordinates": [
          69.8300042,
          22.4211152
        ]
      },
      "properties": {
        "name": "Sikka Thermal Power Station",
        "type": "coal",
        "capacity_mw": 500.0,
        "operator": "Gujarat State Electricity Corporation Limited",
        "state": "Gujarat",
        "osm_id": "way/466543124"
      }
    },
    {
      "type": "Feature",
      "geometry": {
        "type": "Point",
        "coordinates": [
          73.5915495,
          21.2325235
        ]
      },
      "properties": {
        "name": "Ukai Left Bank Canal Hydro Power Station",
        "type": "hydro",
        "capacity_mw": 5.0,
        "operator": "Gujarat State Electricity Corporation Limited",
        "state": "Gujarat",
        "osm_id": "way/466543125"
      }
    },
    {
      "type": "Feature",
      "geometry": {
        "type": "Point",
        "coordinates": [
          73.5893938,
          21.248265
        ]
      },
      "properties": {
        "name": "Ukai Hydro Power Station",
        "type": "hydro",
        "capacity_mw": 300.0,
        "operator": "Gujarat State Electricity Corporation Limited",
        "state": "Gujarat",
        "osm_id": "way/466543126"
      }
    },
    {
      "type": "Feature",
      "geometry": {
        "type": "Point",
        "coordinates": [
          92.6659991,
          25.5171418
        ]
      },
      "properties": {
        "name": "Khandong power station",
        "type": "hydro",
        "capacity_mw": 50.0,
        "operator": "North Eastern Electric Power Corporation",
        "state": "Assam",
        "osm_id": "way/466563467"
      }
    },
    {
      "type": "Feature",
      "geometry": {
        "type": "Point",
        "coordinates": [
          92.7229423,
          25.586031
        ]
      },
      "properties": {
        "name": "Kopili power station",
        "type": "hydro",
        "capacity_mw": 200.0,
        "operator": "North Eastern Electric Power Corporation",
        "state": "Assam",
        "osm_id": "way/466563468"
      }
    },
    {
      "type": "Feature",
      "geometry": {
        "type": "Point",
        "coordinates": [
          76.6168845,
          10.3121522
        ]
      },
      "properties": {
        "name": "Poringalkuthu Power Plant",
        "type": "hydro",
        "capacity_mw": 36.0,
        "operator": "Kerala State Electricity Board",
        "state": "Kerala",
        "osm_id": "way/469501260"
      }
    },
    {
      "type": "Feature",
      "geometry": {
        "type": "Point",
        "coordinates": [
          76.6164581,
          10.3102619
        ]
      },
      "properties": {
        "name": "Chalakkudy Hydro Plant",
        "type": "hydro",
        "capacity_mw": 0,
        "operator": "Unknown",
        "state": "Kerala",
        "osm_id": "way/469501270"
      }
    },
    {
      "type": "Feature",
      "geometry": {
        "type": "Point",
        "coordinates": [
          74.2532243,
          27.21037
        ]
      },
      "properties": {
        "name": "Jayal Tehsil Solar Plant",
        "type": "solar",
        "capacity_mw": 60.0,
        "operator": "Unknown",
        "state": "Rajasthan",
        "osm_id": "way/693252580"
      }
    },
    {
      "type": "Feature",
      "geometry": {
        "type": "Point",
        "coordinates": [
          72.976324,
          28.1252614
        ]
      },
      "properties": {
        "name": "Kolayat Tehsil Solar Plant",
        "type": "solar",
        "capacity_mw": 0,
        "operator": "Unknown",
        "state": "Rajasthan",
        "osm_id": "way/474417451"
      }
    },
    {
      "type": "Feature",
      "geometry": {
        "type": "Point",
        "coordinates": [
          77.5261084,
          28.4374087
        ]
      },
      "properties": {
        "name": "Gautam Buddha Nagar Solar Plant",
        "type": "solar",
        "capacity_mw": 0,
        "operator": "Unknown",
        "state": "Uttar Pradesh",
        "osm_id": "way/475161496"
      }
    },
    {
      "type": "Feature",
      "geometry": {
        "type": "Point",
        "coordinates": [
          79.2469872,
          20.9270686
        ]
      },
      "properties": {
        "name": "Lodha Industries Power Plant",
        "type": "coal",
        "capacity_mw": 0,
        "operator": "Lodha Industries",
        "state": "Maharashtra",
        "osm_id": "way/475908394"
      }
    },
    {
      "type": "Feature",
      "geometry": {
        "type": "Point",
        "coordinates": [
          88.1027062,
          22.0804235
        ]
      },
      "properties": {
        "name": "Hiranmaye Haldia Power Plant",
        "type": "coal",
        "capacity_mw": 60.0,
        "operator": "Hiranmaye Energy Limited",
        "state": "West Bengal",
        "osm_id": "way/475959669"
      }
    },
    {
      "type": "Feature",
      "geometry": {
        "type": "Point",
        "coordinates": [
          71.0051108,
          20.8185123
        ]
      },
      "properties": {
        "name": "Mono Steel Kesaria",
        "type": "solar",
        "capacity_mw": 10.0,
        "operator": "Unknown",
        "state": "Gujarat",
        "osm_id": "way/477911192"
      }
    },
    {
      "type": "Feature",
      "geometry": {
        "type": "Point",
        "coordinates": [
          76.9795034,
          9.9533311
        ]
      },
      "properties": {
        "name": "Panamkutty Power House",
        "type": "hydro",
        "capacity_mw": 77.6,
        "operator": "KSEB (Kerala State Electricity Board)",
        "state": "Kerala",
        "osm_id": "way/479210951"
      }
    },
    {
      "type": "Feature",
      "geometry": {
        "type": "Point",
        "coordinates": [
          70.0205666,
          21.6974465
        ]
      },
      "properties": {
        "name": "Helabeli",
        "type": "solar",
        "capacity_mw": 10.0,
        "operator": "Unknown",
        "state": "Gujarat",
        "osm_id": "way/479313291"
      }
    },
    {
      "type": "Feature",
      "geometry": {
        "type": "Point",
        "coordinates": [
          70.1161338,
          21.7363179
        ]
      },
      "properties": {
        "name": "Dhank",
        "type": "solar",
        "capacity_mw": 5.0,
        "operator": "Unknown",
        "state": "Gujarat",
        "osm_id": "way/479313294"
      }
    },
    {
      "type": "Feature",
      "geometry": {
        "type": "Point",
        "coordinates": [
          70.0667717,
          21.7765475
        ]
      },
      "properties": {
        "name": "APCA, Khageshri",
        "type": "solar",
        "capacity_mw": 5.0,
        "operator": "Unknown",
        "state": "Gujarat",
        "osm_id": "way/479313295"
      }
    },
    {
      "type": "Feature",
      "geometry": {
        "type": "Point",
        "coordinates": [
          70.1006909,
          21.7403562
        ]
      },
      "properties": {
        "name": "Mervadar",
        "type": "solar",
        "capacity_mw": 50.0,
        "operator": "Unknown",
        "state": "Gujarat",
        "osm_id": "way/479313296"
      }
    },
    {
      "type": "Feature",
      "geometry": {
        "type": "Point",
        "coordinates": [
          77.3095282,
          28.6763708
        ]
      },
      "properties": {
        "name": "BSES Rajdhani Power Plant",
        "type": "gas",
        "capacity_mw": 0,
        "operator": "BSES Rajdhani Power Limited",
        "state": "Delhi",
        "osm_id": "way/479980889"
      }
    },
    {
      "type": "Feature",
      "geometry": {
        "type": "Point",
        "coordinates": [
          77.5819147,
          13.1164238
        ]
      },
      "properties": {
        "name": "Yelahanka Combined Cycle Power Plant",
        "type": "gas",
        "capacity_mw": 370.0,
        "operator": "Karnataka Power Corporation Limited",
        "state": "Karnataka",
        "osm_id": "way/487587784"
      }
    },
    {
      "type": "Feature",
      "geometry": {
        "type": "Point",
        "coordinates": [
          79.5378986,
          28.1703573
        ]
      },
      "properties": {
        "name": "Faridpur Solar Plant",
        "type": "solar",
        "capacity_mw": 0,
        "operator": "Unknown",
        "state": "Uttar Pradesh",
        "osm_id": "way/488286330"
      }
    },
    {
      "type": "Feature",
      "geometry": {
        "type": "Point",
        "coordinates": [
          77.2403977,
          32.2601635
        ]
      },
      "properties": {
        "name": "Allain Duhangan Hydro Project",
        "type": "hydro",
        "capacity_mw": 192.0,
        "operator": "Statkraft / SJVN",
        "state": "Himachal Pradesh",
        "osm_id": "way/489244100"
      }
    },
    {
      "type": "Feature",
      "geometry": {
        "type": "Point",
        "coordinates": [
          78.2592196,
          15.6724036
        ]
      },
      "properties": {
        "name": "Kurnool Ultra Mega Solar Park",
        "type": "solar",
        "capacity_mw": 1000.0,
        "operator": "APSPDCL",
        "state": "Andhra Pradesh",
        "osm_id": "way/490751287"
      }
    },
    {
      "type": "Feature",
      "geometry": {
        "type": "Point",
        "coordinates": [
          78.7426761,
          14.0583728
        ]
      },
      "properties": {
        "name": "Rayachoti Solar Plant",
        "type": "solar",
        "capacity_mw": 0,
        "operator": "Unknown",
        "state": "Andhra Pradesh",
        "osm_id": "way/491305673"
      }
    },
    {
      "type": "Feature",
      "geometry": {
        "type": "Point",
        "coordinates": [
          76.8080404,
          31.9901288
        ]
      },
      "properties": {
        "name": "Shanan Power Project",
        "type": "hydro",
        "capacity_mw": 110.0,
        "operator": "Punjab State Power Corporation",
        "state": "Himachal Pradesh",
        "osm_id": "way/493723417"
      }
    },
    {
      "type": "Feature",
      "geometry": {
        "type": "Point",
        "coordinates": [
          75.7902687,
          22.6251543
        ]
      },
      "properties": {
        "name": "iim indore power generator",
        "type": "solar",
        "capacity_mw": 1.0,
        "operator": "IIM Indore",
        "state": "Madhya Pradesh",
        "osm_id": "way/494912036"
      }
    },
    {
      "type": "Feature",
      "geometry": {
        "type": "Point",
        "coordinates": [
          77.9152711,
          17.1674867
        ]
      },
      "properties": {
        "name": "Parigi SSJ",
        "type": "solar",
        "capacity_mw": 5.0,
        "operator": "Unknown",
        "state": "Telangana",
        "osm_id": "way/497692084"
      }
    },
    {
      "type": "Feature",
      "geometry": {
        "type": "Point",
        "coordinates": [
          86.6452217,
          20.3112497
        ]
      },
      "properties": {
        "name": "Paradip Coal Plant",
        "type": "coal",
        "capacity_mw": 0,
        "operator": "Unknown",
        "state": "Odisha",
        "osm_id": "way/499105807"
      }
    },
    {
      "type": "Feature",
      "geometry": {
        "type": "Point",
        "coordinates": [
          78.0377635,
          32.2394589
        ]
      },
      "properties": {
        "name": "Spiti Hydro Plant",
        "type": "hydro",
        "capacity_mw": 0,
        "operator": "Unknown",
        "state": "Himachal Pradesh",
        "osm_id": "way/506335161"
      }
    },
    {
      "type": "Feature",
      "geometry": {
        "type": "Point",
        "coordinates": [
          78.2884387,
          19.0474082
        ]
      },
      "properties": {
        "name": "Dilawarpur mandal Solar Plant",
        "type": "solar",
        "capacity_mw": 0,
        "operator": "Unknown",
        "state": "Telangana",
        "osm_id": "way/506490525"
      }
    },
    {
      "type": "Feature",
      "geometry": {
        "type": "Point",
        "coordinates": [
          70.9058285,
          22.3567601
        ]
      },
      "properties": {
        "name": "Kudava",
        "type": "solar",
        "capacity_mw": 6.0,
        "operator": "Unknown",
        "state": "Gujarat",
        "osm_id": "way/507111955"
      }
    },
    {
      "type": "Feature",
      "geometry": {
        "type": "Point",
        "coordinates": [
          81.9143228,
          24.1611045
        ]
      },
      "properties": {
        "name": "Sarai Tahsil Coal Plant",
        "type": "coal",
        "capacity_mw": 0,
        "operator": "Unknown",
        "state": "Madhya Pradesh",
        "osm_id": "way/507537388"
      }
    },
    {
      "type": "Feature",
      "geometry": {
        "type": "Point",
        "coordinates": [
          78.4447928,
          30.7261592
        ]
      },
      "properties": {
        "name": "Maneri Bhali I Power Station",
        "type": "hydro",
        "capacity_mw": 90.0,
        "operator": "Uttarakhand Jal Vidyut Nigam Limited",
        "state": "Uttarakhand",
        "osm_id": "way/508582664"
      }
    },
    {
      "type": "Feature",
      "geometry": {
        "type": "Point",
        "coordinates": [
          78.2487206,
          9.5059448
        ]
      },
      "properties": {
        "name": "Tiruchuli Solar Plant",
        "type": "solar",
        "capacity_mw": 50.0,
        "operator": "Unknown",
        "state": "Tamil Nadu",
        "osm_id": "way/510509722"
      }
    },
    {
      "type": "Feature",
      "geometry": {
        "type": "Point",
        "coordinates": [
          71.2045993,
          26.4881213
        ]
      },
      "properties": {
        "name": "Fatehgarh Tehsil Solar Plant",
        "type": "solar",
        "capacity_mw": 0,
        "operator": "Unknown",
        "state": "Rajasthan",
        "osm_id": "way/511091093"
      }
    },
    {
      "type": "Feature",
      "geometry": {
        "type": "Point",
        "coordinates": [
          88.4418652,
          27.0023196
        ]
      },
      "properties": {
        "name": "Teesta Low Dam - III Hydropower Plant",
        "type": "hydro",
        "capacity_mw": 132.0,
        "operator": "NHPC Limited",
        "state": "West Bengal",
        "osm_id": "way/511817219"
      }
    },
    {
      "type": "Feature",
      "geometry": {
        "type": "Point",
        "coordinates": [
          69.8478167,
          21.6026875
        ]
      },
      "properties": {
        "name": "Moserbear",
        "type": "solar",
        "capacity_mw": 20.0,
        "operator": "Unknown",
        "state": "Gujarat",
        "osm_id": "way/512046142"
      }
    },
    {
      "type": "Feature",
      "geometry": {
        "type": "Point",
        "coordinates": [
          69.8423021,
          21.5984005
        ]
      },
      "properties": {
        "name": "Hiraco",
        "type": "solar",
        "capacity_mw": 20.0,
        "operator": "Unknown",
        "state": "Gujarat",
        "osm_id": "way/512046144"
      }
    },
    {
      "type": "Feature",
      "geometry": {
        "type": "Point",
        "coordinates": [
          76.4348903,
          33.0026661
        ]
      },
      "properties": {
        "name": "Pangi Hydro Plant",
        "type": "hydro",
        "capacity_mw": 0,
        "operator": "Unknown",
        "state": "Himachal Pradesh",
        "osm_id": "way/513442071"
      }
    },
    {
      "type": "Feature",
      "geometry": {
        "type": "Point",
        "coordinates": [
          76.1416747,
          32.806686
        ]
      },
      "properties": {
        "name": "Baira Dam",
        "type": "hydro",
        "capacity_mw": 180,
        "operator": "NHPC",
        "state": "Himachal Pradesh",
        "osm_id": "way/513690648"
      }
    },
    {
      "type": "Feature",
      "geometry": {
        "type": "Point",
        "coordinates": [
          75.7983041,
          33.369161
        ]
      },
      "properties": {
        "name": "Dul Hasti Hydroelectric Power Station",
        "type": "hydro",
        "capacity_mw": 390.0,
        "operator": "NHPC Limited",
        "state": "Jammu and Kashmir",
        "osm_id": "way/515132909"
      }
    },
    {
      "type": "Feature",
      "geometry": {
        "type": "Point",
        "coordinates": [
          76.5822565,
          14.3748844
        ]
      },
      "properties": {
        "name": "Varavoo Kaval",
        "type": "solar",
        "capacity_mw": 170.0,
        "operator": "Karnataka Solar Power Development Corporation",
        "state": "Karnataka",
        "osm_id": "way/516693328"
      }
    },
    {
      "type": "Feature",
      "geometry": {
        "type": "Point",
        "coordinates": [
          79.8117846,
          25.3200958
        ]
      },
      "properties": {
        "name": "Karahra Kalan",
        "type": "solar",
        "capacity_mw": 10.0,
        "operator": "Unknown",
        "state": "Uttar Pradesh",
        "osm_id": "way/519130809"
      }
    },
    {
      "type": "Feature",
      "geometry": {
        "type": "Point",
        "coordinates": [
          79.8134161,
          25.3170124
        ]
      },
      "properties": {
        "name": "Mauja",
        "type": "solar",
        "capacity_mw": 8.0,
        "operator": "Unknown",
        "state": "Uttar Pradesh",
        "osm_id": "way/519130810"
      }
    },
    {
      "type": "Feature",
      "geometry": {
        "type": "Point",
        "coordinates": [
          77.4861906,
          27.7498015
        ]
      },
      "properties": {
        "name": "Usher Eco Power Limited",
        "type": "biomass",
        "capacity_mw": 16.0,
        "operator": "Unknown",
        "state": "Uttar Pradesh",
        "osm_id": "way/519130814"
      }
    },
    {
      "type": "Feature",
      "geometry": {
        "type": "Point",
        "coordinates": [
          76.3807156,
          32.2098065
        ]
      },
      "properties": {
        "name": "Dharamshala Hydro Plant",
        "type": "hydro",
        "capacity_mw": 0,
        "operator": "Unknown",
        "state": "Himachal Pradesh",
        "osm_id": "way/519692869"
      }
    },
    {
      "type": "Feature",
      "geometry": {
        "type": "Point",
        "coordinates": [
          73.2203217,
          25.3375924
        ]
      },
      "properties": {
        "name": "Solar Park Rani/Pali",
        "type": "solar",
        "capacity_mw": 25.0,
        "operator": "Unknown",
        "state": "Rajasthan",
        "osm_id": "way/521302189"
      }
    },
    {
      "type": "Feature",
      "geometry": {
        "type": "Point",
        "coordinates": [
          83.8945734,
          21.9676335
        ]
      },
      "properties": {
        "name": "Darlipali Super Thermal Power Station",
        "type": "coal",
        "capacity_mw": 1600.0,
        "operator": "NTPC Limited",
        "state": "Odisha",
        "osm_id": "way/521570800"
      }
    },
    {
      "type": "Feature",
      "geometry": {
        "type": "Point",
        "coordinates": [
          78.263694,
          18.3812714
        ]
      },
      "properties": {
        "name": "Sadashivnagar mandal Solar Plant",
        "type": "solar",
        "capacity_mw": 0,
        "operator": "Unknown",
        "state": "Telangana",
        "osm_id": "way/529548700"
      }
    },
    {
      "type": "Feature",
      "geometry": {
        "type": "Point",
        "coordinates": [
          72.3999533,
          27.4932945
        ]
      },
      "properties": {
        "name": "Bap SECI (JNNSM)",
        "type": "solar",
        "capacity_mw": 120.0,
        "operator": "Eden Renewables",
        "state": "Rajasthan",
        "osm_id": "way/529560345"
      }
    },
    {
      "type": "Feature",
      "geometry": {
        "type": "Point",
        "coordinates": [
          72.4796323,
          27.4434324
        ]
      },
      "properties": {
        "name": "Suryalabh",
        "type": "solar",
        "capacity_mw": 30.0,
        "operator": "Unknown",
        "state": "Rajasthan",
        "osm_id": "way/529560352"
      }
    },
    {
      "type": "Feature",
      "geometry": {
        "type": "Point",
        "coordinates": [
          88.2332139,
          26.9549469
        ]
      },
      "properties": {
        "name": "Jorebunglow Sukiapokhri Hydro Plant",
        "type": "hydro",
        "capacity_mw": 0,
        "operator": "Unknown",
        "state": "West Bengal",
        "osm_id": "way/532994334"
      }
    },
    {
      "type": "Feature",
      "geometry": {
        "type": "Point",
        "coordinates": [
          75.3747439,
          11.9836313
        ]
      },
      "properties": {
        "name": "Kannur Hydro Plant",
        "type": "hydro",
        "capacity_mw": 0,
        "operator": "Unknown",
        "state": "Kerala",
        "osm_id": "way/539159387"
      }
    },
    {
      "type": "Feature",
      "geometry": {
        "type": "Point",
        "coordinates": [
          88.4571782,
          26.927492
        ]
      },
      "properties": {
        "name": "Teesta Low Dam - IV Hydropower Plant",
        "type": "hydro",
        "capacity_mw": 160.0,
        "operator": "NHPC Limited",
        "state": "West Bengal",
        "osm_id": "way/539659548"
      }
    },
    {
      "type": "Feature",
      "geometry": {
        "type": "Point",
        "coordinates": [
          79.5839219,
          30.0552961
        ]
      },
      "properties": {
        "name": "Tharali Hydro Plant",
        "type": "hydro",
        "capacity_mw": 0,
        "operator": "Unknown",
        "state": "Uttarakhand",
        "osm_id": "way/543609913"
      }
    },
    {
      "type": "Feature",
      "geometry": {
        "type": "Point",
        "coordinates": [
          78.7318404,
          22.9594739
        ]
      },
      "properties": {
        "name": "Saikheda Tahsil Coal Plant",
        "type": "coal",
        "capacity_mw": 90.0,
        "operator": "Unknown",
        "state": "Madhya Pradesh",
        "osm_id": "way/545258580"
      }
    },
    {
      "type": "Feature",
      "geometry": {
        "type": "Point",
        "coordinates": [
          77.4794443,
          13.9893776
        ]
      },
      "properties": {
        "name": "Roddam Solar Plant",
        "type": "solar",
        "capacity_mw": 50,
        "operator": "Multiple (Anantapur Ultra Mega Solar Park)",
        "state": "Andhra Pradesh",
        "osm_id": "way/545357582"
      }
    },
    {
      "type": "Feature",
      "geometry": {
        "type": "Point",
        "coordinates": [
          77.5177308,
          13.9444723
        ]
      },
      "properties": {
        "name": "Beechiganipalle",
        "type": "solar",
        "capacity_mw": 10.0,
        "operator": "Unknown",
        "state": "Andhra Pradesh",
        "osm_id": "way/545357585"
      }
    },
    {
      "type": "Feature",
      "geometry": {
        "type": "Point",
        "coordinates": [
          77.4800063,
          13.9817869
        ]
      },
      "properties": {
        "name": "Kalipi",
        "type": "solar",
        "capacity_mw": 40.0,
        "operator": "Unknown",
        "state": "Andhra Pradesh",
        "osm_id": "way/545357588"
      }
    },
    {
      "type": "Feature",
      "geometry": {
        "type": "Point",
        "coordinates": [
          77.490615,
          13.9359089
        ]
      },
      "properties": {
        "name": "Seegipalle",
        "type": "solar",
        "capacity_mw": 50.0,
        "operator": "Unknown",
        "state": "Andhra Pradesh",
        "osm_id": "way/545357591"
      }
    },
    {
      "type": "Feature",
      "geometry": {
        "type": "Point",
        "coordinates": [
          80.0527529,
          16.7739238
        ]
      },
      "properties": {
        "name": "Pulichintala powerhouse",
        "type": "hydro",
        "capacity_mw": 120.0,
        "operator": "Telangana State Power Generation Corporation Limited",
        "state": "Telangana",
        "osm_id": "way/549654571"
      }
    },
    {
      "type": "Feature",
      "geometry": {
        "type": "Point",
        "coordinates": [
          84.055519,
          21.7871532
        ]
      },
      "properties": {
        "name": "Jharsuguda CPP Power Station",
        "type": "coal",
        "capacity_mw": 1215.0,
        "operator": "Vedanta Resources Ltd.",
        "state": "Odisha",
        "osm_id": "way/553145243"
      }
    },
    {
      "type": "Feature",
      "geometry": {
        "type": "Point",
        "coordinates": [
          92.2010938,
          25.2630476
        ]
      },
      "properties": {
        "name": "Myntdu Leshka Dam",
        "type": "hydro",
        "capacity_mw": 126,
        "operator": "Meghalaya Energy Corporation Limited",
        "state": "Meghalaya",
        "osm_id": "way/558327397"
      }
    },
    {
      "type": "Feature",
      "geometry": {
        "type": "Point",
        "coordinates": [
          92.2284963,
          25.2354051
        ]
      },
      "properties": {
        "name": "Myntdu Leshka hydro power station",
        "type": "hydro",
        "capacity_mw": 126.0,
        "operator": "MeECL",
        "state": "Meghalaya",
        "osm_id": "way/558327403"
      }
    },
    {
      "type": "Feature",
      "geometry": {
        "type": "Point",
        "coordinates": [
          86.6040685,
          20.2424865
        ]
      },
      "properties": {
        "name": "Abhyachandpur Solar Plant",
        "type": "solar",
        "capacity_mw": 0,
        "operator": "Unknown",
        "state": "Odisha",
        "osm_id": "way/566728529"
      }
    },
    {
      "type": "Feature",
      "geometry": {
        "type": "Point",
        "coordinates": [
          76.0537872,
          11.369073
        ]
      },
      "properties": {
        "name": "KSEB Small Hydro Projects 2",
        "type": "hydro",
        "capacity_mw": 0,
        "operator": "Unknown",
        "state": "Kerala",
        "osm_id": "way/570879232"
      }
    },
    {
      "type": "Feature",
      "geometry": {
        "type": "Point",
        "coordinates": [
          88.2919471,
          27.1600265
        ]
      },
      "properties": {
        "name": "Jorethang Loop HEP",
        "type": "hydro",
        "capacity_mw": 96.0,
        "operator": "NHPC Limited",
        "state": "Sikkim",
        "osm_id": "way/575634986"
      }
    },
    {
      "type": "Feature",
      "geometry": {
        "type": "Point",
        "coordinates": [
          77.2664416,
          15.5242802
        ]
      },
      "properties": {
        "name": "Chagi",
        "type": "solar",
        "capacity_mw": 39.0,
        "operator": "Unknown",
        "state": "Andhra Pradesh",
        "osm_id": "way/577064572"
      }
    },
    {
      "type": "Feature",
      "geometry": {
        "type": "Point",
        "coordinates": [
          81.7375383,
          17.0100123
        ]
      },
      "properties": {
        "name": "Kovvur Solar Plant",
        "type": "solar",
        "capacity_mw": 3.0,
        "operator": "Unknown",
        "state": "Andhra Pradesh",
        "osm_id": "way/577095402"
      }
    },
    {
      "type": "Feature",
      "geometry": {
        "type": "Point",
        "coordinates": [
          77.1540005,
          32.3200781
        ]
      },
      "properties": {
        "name": "Solang Hydro Power Station",
        "type": "hydro",
        "capacity_mw": 5,
        "operator": "SAIPL",
        "state": "Himachal Pradesh",
        "osm_id": "way/579968919"
      }
    },
    {
      "type": "Feature",
      "geometry": {
        "type": "Point",
        "coordinates": [
          77.1750229,
          32.3090022
        ]
      },
      "properties": {
        "name": "Manali Hydro Plant",
        "type": "hydro",
        "capacity_mw": 0,
        "operator": "Unknown",
        "state": "Himachal Pradesh",
        "osm_id": "way/582021627"
      }
    },
    {
      "type": "Feature",
      "geometry": {
        "type": "Point",
        "coordinates": [
          76.7303941,
          10.3040747
        ]
      },
      "properties": {
        "name": "Sholayar Power Station",
        "type": "hydro",
        "capacity_mw": 54.0,
        "operator": "Kerala State Electricity Board",
        "state": "Kerala",
        "osm_id": "way/588828639"
      }
    },
    {
      "type": "Feature",
      "geometry": {
        "type": "Point",
        "coordinates": [
          70.5690372,
          27.38501
        ]
      },
      "properties": {
        "name": "Raghawa IOC",
        "type": "solar",
        "capacity_mw": 5.0,
        "operator": "Unknown",
        "state": "Rajasthan",
        "osm_id": "way/589337497"
      }
    },
    {
      "type": "Feature",
      "geometry": {
        "type": "Point",
        "coordinates": [
          70.5631839,
          27.3840734
        ]
      },
      "properties": {
        "name": "Raghawa GAIL",
        "type": "solar",
        "capacity_mw": 5.0,
        "operator": "Unknown",
        "state": "Rajasthan",
        "osm_id": "way/589337498"
      }
    },
    {
      "type": "Feature",
      "geometry": {
        "type": "Point",
        "coordinates": [
          73.0716528,
          26.5805049
        ]
      },
      "properties": {
        "name": "Baori Tehsil Solar Plant",
        "type": "solar",
        "capacity_mw": 0,
        "operator": "Unknown",
        "state": "Rajasthan",
        "osm_id": "way/589337516"
      }
    },
    {
      "type": "Feature",
      "geometry": {
        "type": "Point",
        "coordinates": [
          73.0645054,
          26.5795598
        ]
      },
      "properties": {
        "name": "Tinwari Tehsil Solar Plant",
        "type": "solar",
        "capacity_mw": 0,
        "operator": "Unknown",
        "state": "Rajasthan",
        "osm_id": "way/589337519"
      }
    },
    {
      "type": "Feature",
      "geometry": {
        "type": "Point",
        "coordinates": [
          72.2887141,
          25.8037621
        ]
      },
      "properties": {
        "name": "Bithuja",
        "type": "solar",
        "capacity_mw": 5.2,
        "operator": "Unknown",
        "state": "Rajasthan",
        "osm_id": "way/589528954"
      }
    },
    {
      "type": "Feature",
      "geometry": {
        "type": "Point",
        "coordinates": [
          77.7990094,
          8.533698
        ]
      },
      "properties": {
        "name": "Munanjipatti",
        "type": "solar",
        "capacity_mw": 7.7,
        "operator": "Unknown",
        "state": "Tamil Nadu",
        "osm_id": "way/590285272"
      }
    },
    {
      "type": "Feature",
      "geometry": {
        "type": "Point",
        "coordinates": [
          78.2474862,
          9.4155892
        ]
      },
      "properties": {
        "name": "Melamudimannar",
        "type": "solar",
        "capacity_mw": 18.0,
        "operator": "Unknown",
        "state": "Tamil Nadu",
        "osm_id": "way/590858783"
      }
    },
    {
      "type": "Feature",
      "geometry": {
        "type": "Point",
        "coordinates": [
          78.3126517,
          9.5700547
        ]
      },
      "properties": {
        "name": "Narikudi",
        "type": "solar",
        "capacity_mw": 60.0,
        "operator": "Unknown",
        "state": "Tamil Nadu",
        "osm_id": "way/590858784"
      }
    },
    {
      "type": "Feature",
      "geometry": {
        "type": "Point",
        "coordinates": [
          78.2273494,
          9.5221996
        ]
      },
      "properties": {
        "name": "Tiruchuli",
        "type": "solar",
        "capacity_mw": 50.0,
        "operator": "Unknown",
        "state": "Tamil Nadu",
        "osm_id": "way/590858788"
      }
    },
    {
      "type": "Feature",
      "geometry": {
        "type": "Point",
        "coordinates": [
          82.808532,
          24.191539
        ]
      },
      "properties": {
        "name": "Anpara-D",
        "type": "coal",
        "capacity_mw": 2630.0,
        "operator": "Uttar Pradesh Rajya Vidyut Utpadan Nigam Ltd",
        "state": "Uttar Pradesh",
        "osm_id": "way/592750474"
      }
    },
    {
      "type": "Feature",
      "geometry": {
        "type": "Point",
        "coordinates": [
          81.0064837,
          26.182957
        ]
      },
      "properties": {
        "name": "Dalmau Solar Plant",
        "type": "solar",
        "capacity_mw": 0,
        "operator": "Unknown",
        "state": "Uttar Pradesh",
        "osm_id": "way/594951107"
      }
    },
    {
      "type": "Feature",
      "geometry": {
        "type": "Point",
        "coordinates": [
          73.1281462,
          21.4239355
        ]
      },
      "properties": {
        "name": "Mangrol Taluka Solar Plant",
        "type": "solar",
        "capacity_mw": 5.0,
        "operator": "Unknown",
        "state": "Gujarat",
        "osm_id": "way/597309904"
      }
    },
    {
      "type": "Feature",
      "geometry": {
        "type": "Point",
        "coordinates": [
          88.1773947,
          22.1063144
        ]
      },
      "properties": {
        "name": "Haldia Energy power station",
        "type": "coal",
        "capacity_mw": 600.0,
        "operator": "Haldia Energy Limited",
        "state": "West Bengal",
        "osm_id": "way/603765443"
      }
    },
    {
      "type": "Feature",
      "geometry": {
        "type": "Point",
        "coordinates": [
          82.3599167,
          25.1009923
        ]
      },
      "properties": {
        "name": "Dadar Kala",
        "type": "solar",
        "capacity_mw": 75.0,
        "operator": "Engie Solar",
        "state": "Uttar Pradesh",
        "osm_id": "way/607446771"
      }
    },
    {
      "type": "Feature",
      "geometry": {
        "type": "Point",
        "coordinates": [
          77.4226941,
          18.1474104
        ]
      },
      "properties": {
        "name": "Aurad taluku Solar Plant",
        "type": "solar",
        "capacity_mw": 0,
        "operator": "Unknown",
        "state": "Karnataka",
        "osm_id": "way/607709130"
      }
    },
    {
      "type": "Feature",
      "geometry": {
        "type": "Point",
        "coordinates": [
          71.4182648,
          22.7082717
        ]
      },
      "properties": {
        "name": "Waa Solar Surendranagar",
        "type": "solar",
        "capacity_mw": 10.0,
        "operator": "Unknown",
        "state": "Gujarat",
        "osm_id": "way/609526762"
      }
    },
    {
      "type": "Feature",
      "geometry": {
        "type": "Point",
        "coordinates": [
          71.4131122,
          22.7070209
        ]
      },
      "properties": {
        "name": "S.J. Green Surendranagar",
        "type": "solar",
        "capacity_mw": 5.0,
        "operator": "Unknown",
        "state": "Gujarat",
        "osm_id": "way/609526763"
      }
    },
    {
      "type": "Feature",
      "geometry": {
        "type": "Point",
        "coordinates": [
          78.0565109,
          15.7788785
        ]
      },
      "properties": {
        "name": "Kurnool Solar Plant",
        "type": "solar",
        "capacity_mw": 0,
        "operator": "Unknown",
        "state": "Andhra Pradesh",
        "osm_id": "way/613362557"
      }
    },
    {
      "type": "Feature",
      "geometry": {
        "type": "Point",
        "coordinates": [
          82.2113585,
          25.0707299
        ]
      },
      "properties": {
        "name": "Kosda Kala",
        "type": "solar",
        "capacity_mw": 0,
        "operator": "Unknown",
        "state": "Uttar Pradesh",
        "osm_id": "way/615999722"
      }
    },
    {
      "type": "Feature",
      "geometry": {
        "type": "Point",
        "coordinates": [
          77.3066,
          28.506
        ]
      },
      "properties": {
        "name": "Gadarpur Solar Plant",
        "type": "solar",
        "capacity_mw": 705.0,
        "operator": "Unknown",
        "state": "Uttarakhand",
        "osm_id": "way/615999752"
      }
    },
    {
      "type": "Feature",
      "geometry": {
        "type": "Point",
        "coordinates": [
          76.3701812,
          10.5305168
        ]
      },
      "properties": {
        "name": "Thrissur Hydro Plant",
        "type": "hydro",
        "capacity_mw": 0,
        "operator": "Unknown",
        "state": "Kerala",
        "osm_id": "way/617975602"
      }
    },
    {
      "type": "Feature",
      "geometry": {
        "type": "Point",
        "coordinates": [
          73.5844856,
          29.691046
        ]
      },
      "properties": {
        "name": "Kalpataru Biomass Power Plant",
        "type": "biomass",
        "capacity_mw": 7.8,
        "operator": "KPTL",
        "state": "Rajasthan",
        "osm_id": "way/618047278"
      }
    },
    {
      "type": "Feature",
      "geometry": {
        "type": "Point",
        "coordinates": [
          77.884541,
          9.5538784
        ]
      },
      "properties": {
        "name": "Amathur",
        "type": "solar",
        "capacity_mw": 14.0,
        "operator": "Unknown",
        "state": "Tamil Nadu",
        "osm_id": "way/618569316"
      }
    },
    {
      "type": "Feature",
      "geometry": {
        "type": "Point",
        "coordinates": [
          78.6348366,
          10.5787334
        ]
      },
      "properties": {
        "name": "Valathadippatti",
        "type": "solar",
        "capacity_mw": 10.0,
        "operator": "Unknown",
        "state": "Tamil Nadu",
        "osm_id": "way/618569337"
      }
    },
    {
      "type": "Feature",
      "geometry": {
        "type": "Point",
        "coordinates": [
          77.7008084,
          8.9214573
        ]
      },
      "properties": {
        "name": "Manur Solar Plant",
        "type": "solar",
        "capacity_mw": 0,
        "operator": "Unknown",
        "state": "Tamil Nadu",
        "osm_id": "way/618762302"
      }
    },
    {
      "type": "Feature",
      "geometry": {
        "type": "Point",
        "coordinates": [
          77.7146244,
          8.9173541
        ]
      },
      "properties": {
        "name": "Shezhilanallur",
        "type": "solar",
        "capacity_mw": 100.0,
        "operator": "Unknown",
        "state": "Tamil Nadu",
        "osm_id": "way/618762305"
      }
    },
    {
      "type": "Feature",
      "geometry": {
        "type": "Point",
        "coordinates": [
          70.5340733,
          27.3377331
        ]
      },
      "properties": {
        "name": "Ramgarh Gas Thermal Power Station",
        "type": "gas",
        "capacity_mw": 273.8,
        "operator": "Rajasthan Rajya Vidyut Utpadan Nigam",
        "state": "Rajasthan",
        "osm_id": "way/618824711"
      }
    },
    {
      "type": "Feature",
      "geometry": {
        "type": "Point",
        "coordinates": [
          86.4293589,
          23.3600758
        ]
      },
      "properties": {
        "name": "Purulia - II Solar Plant",
        "type": "solar",
        "capacity_mw": 0,
        "operator": "Unknown",
        "state": "West Bengal",
        "osm_id": "way/621118294"
      }
    },
    {
      "type": "Feature",
      "geometry": {
        "type": "Point",
        "coordinates": [
          74.6413946,
          24.6555981
        ]
      },
      "properties": {
        "name": "Nimbahera Tehsil Solar Plant",
        "type": "solar",
        "capacity_mw": 0,
        "operator": "Unknown",
        "state": "Rajasthan",
        "osm_id": "way/622808538"
      }
    },
    {
      "type": "Feature",
      "geometry": {
        "type": "Point",
        "coordinates": [
          76.271191,
          17.9326542
        ]
      },
      "properties": {
        "name": "Tuljapur Solar Plant",
        "type": "solar",
        "capacity_mw": 20.0,
        "operator": "Essel MP Energy Limited",
        "state": "Maharashtra",
        "osm_id": "way/984974648"
      }
    },
    {
      "type": "Feature",
      "geometry": {
        "type": "Point",
        "coordinates": [
          80.0871241,
          13.4249443
        ]
      },
      "properties": {
        "name": "Gummidipoondi Coal Plant",
        "type": "coal",
        "capacity_mw": 70.0,
        "operator": "Unknown",
        "state": "Tamil Nadu",
        "osm_id": "way/840721289"
      }
    },
    {
      "type": "Feature",
      "geometry": {
        "type": "Point",
        "coordinates": [
          72.6179231,
          10.5417529
        ]
      },
      "properties": {
        "name": "Solar Power Station",
        "type": "solar",
        "capacity_mw": 0,
        "operator": "Unknown",
        "state": "Lakshadweep",
        "osm_id": "way/638704818"
      }
    },
    {
      "type": "Feature",
      "geometry": {
        "type": "Point",
        "coordinates": [
          77.2328807,
          28.5438691
        ]
      },
      "properties": {
        "name": "Delhi Solar Plant",
        "type": "solar",
        "capacity_mw": 0,
        "operator": "Unknown",
        "state": "Delhi",
        "osm_id": "way/638897652"
      }
    },
    {
      "type": "Feature",
      "geometry": {
        "type": "Point",
        "coordinates": [
          87.8997556,
          26.2556375
        ]
      },
      "properties": {
        "name": "Altabari Power House",
        "type": "gas",
        "capacity_mw": 0,
        "operator": "North Bihar Power Distribution Co. Ltd.",
        "state": "Bihar",
        "osm_id": "way/640776320"
      }
    },
    {
      "type": "Feature",
      "geometry": {
        "type": "Point",
        "coordinates": [
          73.819153,
          18.5559018
        ]
      },
      "properties": {
        "name": "Pune City Solar Plant",
        "type": "solar",
        "capacity_mw": 0,
        "operator": "Unknown",
        "state": "Maharashtra",
        "osm_id": "way/641125211"
      }
    },
    {
      "type": "Feature",
      "geometry": {
        "type": "Point",
        "coordinates": [
          80.8831907,
          26.782367
        ]
      },
      "properties": {
        "name": "Lucknow Metro Depot",
        "type": "solar",
        "capacity_mw": 0,
        "operator": "Unknown",
        "state": "Uttar Pradesh",
        "osm_id": "way/643401664"
      }
    },
    {
      "type": "Feature",
      "geometry": {
        "type": "Point",
        "coordinates": [
          79.7517592,
          11.5261596
        ]
      },
      "properties": {
        "name": "IL&FS Tamil Nadu Thermal Power Station",
        "type": "coal",
        "capacity_mw": 1200.0,
        "operator": "IL&FS Tamil Nadu Power Company",
        "state": "Tamil Nadu",
        "osm_id": "way/645959123"
      }
    },
    {
      "type": "Feature",
      "geometry": {
        "type": "Point",
        "coordinates": [
          82.3551597,
          21.9627627
        ]
      },
      "properties": {
        "name": "Akaltara Tahsil Coal Plant",
        "type": "coal",
        "capacity_mw": 0,
        "operator": "KSK Energy Ventures Pvt Ltd",
        "state": "Chhattisgarh",
        "osm_id": "way/648807546"
      }
    },
    {
      "type": "Feature",
      "geometry": {
        "type": "Point",
        "coordinates": [
          82.5996539,
          26.588535
        ]
      },
      "properties": {
        "name": "NTPC Tanda",
        "type": "coal",
        "capacity_mw": 1760.0,
        "operator": "NTPC",
        "state": "Uttar Pradesh",
        "osm_id": "way/654211362"
      }
    },
    {
      "type": "Feature",
      "geometry": {
        "type": "Point",
        "coordinates": [
          71.9620371,
          27.3597951
        ]
      },
      "properties": {
        "name": "Baroo A",
        "type": "solar",
        "capacity_mw": 20.0,
        "operator": "Unknown",
        "state": "Rajasthan",
        "osm_id": "way/654730191"
      }
    },
    {
      "type": "Feature",
      "geometry": {
        "type": "Point",
        "coordinates": [
          85.7476325,
          20.4789666
        ]
      },
      "properties": {
        "name": "Bhubaneshwar Jasper Power Plant",
        "type": "coal",
        "capacity_mw": 0,
        "operator": "Unknown",
        "state": "Odisha",
        "osm_id": "way/660954413"
      }
    },
    {
      "type": "Feature",
      "geometry": {
        "type": "Point",
        "coordinates": [
          84.9084055,
          19.3229742
        ]
      },
      "properties": {
        "name": "Chhatrapur Coal Plant",
        "type": "coal",
        "capacity_mw": 0,
        "operator": "Unknown",
        "state": "Odisha",
        "osm_id": "way/661042558"
      }
    },
    {
      "type": "Feature",
      "geometry": {
        "type": "Point",
        "coordinates": [
          86.249234,
          22.7569123
        ]
      },
      "properties": {
        "name": "Jojobera power plant",
        "type": "coal",
        "capacity_mw": 547.5,
        "operator": "Tata Power",
        "state": "Jharkhand",
        "osm_id": "way/661056838"
      }
    },
    {
      "type": "Feature",
      "geometry": {
        "type": "Point",
        "coordinates": [
          87.3084488,
          24.1068712
        ]
      },
      "properties": {
        "name": "Massanjore Dam Power Station",
        "type": "hydro",
        "capacity_mw": 16.0,
        "operator": "DVC (Damodar Valley Corporation)",
        "state": "Jharkhand",
        "osm_id": "way/661432740"
      }
    },
    {
      "type": "Feature",
      "geometry": {
        "type": "Point",
        "coordinates": [
          86.7621714,
          24.4592062
        ]
      },
      "properties": {
        "name": "Mohanpur Solar Plant",
        "type": "solar",
        "capacity_mw": 0,
        "operator": "Unknown",
        "state": "Jharkhand",
        "osm_id": "way/661463463"
      }
    },
    {
      "type": "Feature",
      "geometry": {
        "type": "Point",
        "coordinates": [
          86.7551064,
          24.4615525
        ]
      },
      "properties": {
        "name": "Tapovan",
        "type": "solar",
        "capacity_mw": 14.0,
        "operator": "Unknown",
        "state": "Jharkhand",
        "osm_id": "way/661463464"
      }
    },
    {
      "type": "Feature",
      "geometry": {
        "type": "Point",
        "coordinates": [
          72.6874604,
          21.1592426
        ]
      },
      "properties": {
        "name": "Hazira Reliance Power Plant",
        "type": "gas",
        "capacity_mw": 500.0,
        "operator": "Reliance Power",
        "state": "Gujarat",
        "osm_id": "way/661885043"
      }
    },
    {
      "type": "Feature",
      "geometry": {
        "type": "Point",
        "coordinates": [
          72.661985,
          21.165881
        ]
      },
      "properties": {
        "name": "GSEG Combined Cycle Power plant",
        "type": "gas",
        "capacity_mw": 507.0,
        "operator": "Gujarat State Energy Generation",
        "state": "Gujarat",
        "osm_id": "way/661885044"
      }
    },
    {
      "type": "Feature",
      "geometry": {
        "type": "Point",
        "coordinates": [
          78.1688645,
          8.7616304
        ]
      },
      "properties": {
        "name": "NTPL Thermal Power Station",
        "type": "coal",
        "capacity_mw": 1000.0,
        "operator": "NTPC Tamil Nadu Energy Company Limited",
        "state": "Tamil Nadu",
        "osm_id": "way/662798206"
      }
    },
    {
      "type": "Feature",
      "geometry": {
        "type": "Point",
        "coordinates": [
          78.1759041,
          8.7627686
        ]
      },
      "properties": {
        "name": "Tuticorin Thermal Power Station",
        "type": "coal",
        "capacity_mw": 1050.0,
        "operator": "TANGEDCO",
        "state": "Tamil Nadu",
        "osm_id": "way/662798207"
      }
    },
    {
      "type": "Feature",
      "geometry": {
        "type": "Point",
        "coordinates": [
          82.7030558,
          22.2985467
        ]
      },
      "properties": {
        "name": "Swastik Power and Mineral Resources Private Limited",
        "type": "coal",
        "capacity_mw": 25.0,
        "operator": "Unknown",
        "state": "Chhattisgarh",
        "osm_id": "way/663471185"
      }
    },
    {
      "type": "Feature",
      "geometry": {
        "type": "Point",
        "coordinates": [
          73.3615963,
          18.4079896
        ]
      },
      "properties": {
        "name": "Mangaon Combined Cycle Power Plant",
        "type": "gas",
        "capacity_mw": 0,
        "operator": "Unknown",
        "state": "Maharashtra",
        "osm_id": "way/663520476"
      }
    },
    {
      "type": "Feature",
      "geometry": {
        "type": "Point",
        "coordinates": [
          81.6025467,
          17.1293779
        ]
      },
      "properties": {
        "name": "Tallapudi Coal Plant",
        "type": "coal",
        "capacity_mw": 0,
        "operator": "Unknown",
        "state": "Andhra Pradesh",
        "osm_id": "way/663883128"
      }
    },
    {
      "type": "Feature",
      "geometry": {
        "type": "Point",
        "coordinates": [
          85.2235114,
          21.9289533
        ]
      },
      "properties": {
        "name": "Rungta Kamanda Power Station",
        "type": "coal",
        "capacity_mw": 0,
        "operator": "Rungta Mines",
        "state": "Odisha",
        "osm_id": "way/664709787"
      }
    },
    {
      "type": "Feature",
      "geometry": {
        "type": "Point",
        "coordinates": [
          92.4994285,
          25.9131499
        ]
      },
      "properties": {
        "name": "Karbi Langpi Dam",
        "type": "hydro",
        "capacity_mw": 100.0,
        "operator": "NEEPCO",
        "state": "Assam",
        "osm_id": "way/667431851"
      }
    },
    {
      "type": "Feature",
      "geometry": {
        "type": "Point",
        "coordinates": [
          92.5172907,
          25.9554666
        ]
      },
      "properties": {
        "name": "Karbi Langpi Power Station",
        "type": "hydro",
        "capacity_mw": 100,
        "operator": "APGCL",
        "state": "Assam",
        "osm_id": "way/667431859"
      }
    },
    {
      "type": "Feature",
      "geometry": {
        "type": "Point",
        "coordinates": [
          76.9717708,
          9.3275423
        ]
      },
      "properties": {
        "name": "Kakkad Hydro Electric Power Station",
        "type": "hydro",
        "capacity_mw": 50.0,
        "operator": "Kerala State Electricity Board",
        "state": "Kerala",
        "osm_id": "way/669459219"
      }
    },
    {
      "type": "Feature",
      "geometry": {
        "type": "Point",
        "coordinates": [
          91.8114513,
          26.0068577
        ]
      },
      "properties": {
        "name": "Umtru Dam",
        "type": "hydro",
        "capacity_mw": 0,
        "operator": "Unknown",
        "state": "Meghalaya",
        "osm_id": "way/671323843"
      }
    },
    {
      "type": "Feature",
      "geometry": {
        "type": "Point",
        "coordinates": [
          74.1212877,
          24.9662472
        ]
      },
      "properties": {
        "name": "Captive Power Plant Rajpura Dariba",
        "type": "coal",
        "capacity_mw": 160.0,
        "operator": "Hindustan Zinc Limited",
        "state": "Rajasthan",
        "osm_id": "way/672334315"
      }
    },
    {
      "type": "Feature",
      "geometry": {
        "type": "Point",
        "coordinates": [
          77.885,
          9.553
        ]
      },
      "properties": {
        "name": "Mathura Solar Plant",
        "type": "solar",
        "capacity_mw": 14.4,
        "operator": "Unknown",
        "state": "Uttar Pradesh",
        "osm_id": "way/672386976"
      }
    },
    {
      "type": "Feature",
      "geometry": {
        "type": "Point",
        "coordinates": [
          78.6732093,
          13.3233708
        ]
      },
      "properties": {
        "name": "Punganur",
        "type": "solar",
        "capacity_mw": 50.0,
        "operator": "Unknown",
        "state": "Andhra Pradesh",
        "osm_id": "way/672719789"
      }
    },
    {
      "type": "Feature",
      "geometry": {
        "type": "Point",
        "coordinates": [
          73.9615286,
          16.4071537
        ]
      },
      "properties": {
        "name": "Radhanagari Hydro Plant",
        "type": "hydro",
        "capacity_mw": 4.8,
        "operator": "Unknown",
        "state": "Maharashtra",
        "osm_id": "way/673320945"
      }
    },
    {
      "type": "Feature",
      "geometry": {
        "type": "Point",
        "coordinates": [
          72.2590408,
          26.9814404
        ]
      },
      "properties": {
        "name": "Sanwreej",
        "type": "solar",
        "capacity_mw": 20.0,
        "operator": "Unknown",
        "state": "Rajasthan",
        "osm_id": "way/693252589"
      }
    },
    {
      "type": "Feature",
      "geometry": {
        "type": "Point",
        "coordinates": [
          88.3705478,
          22.7316431
        ]
      },
      "properties": {
        "name": "Titagarh Power Plant",
        "type": "coal",
        "capacity_mw": 0,
        "operator": "CESC Limited",
        "state": "West Bengal",
        "osm_id": "way/693325891"
      }
    },
    {
      "type": "Feature",
      "geometry": {
        "type": "Point",
        "coordinates": [
          78.1072837,
          29.9348993
        ]
      },
      "properties": {
        "name": "BHEL SOlar Power Plant",
        "type": "solar",
        "capacity_mw": 0,
        "operator": "Unknown",
        "state": "Uttarakhand",
        "osm_id": "way/695753349"
      }
    },
    {
      "type": "Feature",
      "geometry": {
        "type": "Point",
        "coordinates": [
          78.1407456,
          17.514102
        ]
      },
      "properties": {
        "name": "BEL Solar Power plant",
        "type": "solar",
        "capacity_mw": 16.25,
        "operator": "Unknown",
        "state": "Telangana",
        "osm_id": "way/696789854"
      }
    },
    {
      "type": "Feature",
      "geometry": {
        "type": "Point",
        "coordinates": [
          78.1674312,
          34.0284827
        ]
      },
      "properties": {
        "name": "Leh Solar Plant",
        "type": "solar",
        "capacity_mw": 0,
        "operator": "Unknown",
        "state": "Jammu and Kashmir",
        "osm_id": "way/697516614"
      }
    },
    {
      "type": "Feature",
      "geometry": {
        "type": "Point",
        "coordinates": [
          75.8593458,
          22.061584
        ]
      },
      "properties": {
        "name": "Khargone power station",
        "type": "coal",
        "capacity_mw": 1320.0,
        "operator": "NTPC",
        "state": "Madhya Pradesh",
        "osm_id": "way/698045842"
      }
    },
    {
      "type": "Feature",
      "geometry": {
        "type": "Point",
        "coordinates": [
          79.3273396,
          30.3089445
        ]
      },
      "properties": {
        "name": "Rajwakti Power House",
        "type": "hydro",
        "capacity_mw": 4.4,
        "operator": "UJVNL",
        "state": "Uttarakhand",
        "osm_id": "way/701593016"
      }
    },
    {
      "type": "Feature",
      "geometry": {
        "type": "Point",
        "coordinates": [
          84.0618142,
          21.7357181
        ]
      },
      "properties": {
        "name": "Aditya Aluminum Power Station",
        "type": "coal",
        "capacity_mw": 900.0,
        "operator": "Hindalco Industries Ltd",
        "state": "Odisha",
        "osm_id": "way/704323611"
      }
    },
    {
      "type": "Feature",
      "geometry": {
        "type": "Point",
        "coordinates": [
          76.4962632,
          31.2920381
        ]
      },
      "properties": {
        "name": "Bilaspur Solar Plant",
        "type": "solar",
        "capacity_mw": 0,
        "operator": "Unknown",
        "state": "Himachal Pradesh",
        "osm_id": "way/705225339"
      }
    },
    {
      "type": "Feature",
      "geometry": {
        "type": "Point",
        "coordinates": [
          76.5881864,
          24.0683588
        ]
      },
      "properties": {
        "name": "Khilchipur",
        "type": "solar",
        "capacity_mw": 0,
        "operator": "Unknown",
        "state": "Madhya Pradesh",
        "osm_id": "way/705408532"
      }
    },
    {
      "type": "Feature",
      "geometry": {
        "type": "Point",
        "coordinates": [
          77.9480485,
          17.6058616
        ]
      },
      "properties": {
        "name": "Sadasivpet mandal Solar Plant",
        "type": "solar",
        "capacity_mw": 0,
        "operator": "Unknown",
        "state": "Telangana",
        "osm_id": "way/713180920"
      }
    },
    {
      "type": "Feature",
      "geometry": {
        "type": "Point",
        "coordinates": [
          78.3485846,
          9.3905452
        ]
      },
      "properties": {
        "name": "Kamuthi Solar Plant",
        "type": "solar",
        "capacity_mw": 648.0,
        "operator": "Adani Power Limited",
        "state": "Tamil Nadu",
        "osm_id": "way/719469800"
      }
    },
    {
      "type": "Feature",
      "geometry": {
        "type": "Point",
        "coordinates": [
          78.2177358,
          9.3593648
        ]
      },
      "properties": {
        "name": "Aruppukkottai Solar Plant",
        "type": "solar",
        "capacity_mw": 0,
        "operator": "Unknown",
        "state": "Tamil Nadu",
        "osm_id": "way/719469801"
      }
    },
    {
      "type": "Feature",
      "geometry": {
        "type": "Point",
        "coordinates": [
          76.2509966,
          30.5162835
        ]
      },
      "properties": {
        "name": "Nabha Tahsil Solar Plant",
        "type": "solar",
        "capacity_mw": 0,
        "operator": "Unknown",
        "state": "Punjab",
        "osm_id": "way/722342238"
      }
    },
    {
      "type": "Feature",
      "geometry": {
        "type": "Point",
        "coordinates": [
          82.602,
          26.586
        ]
      },
      "properties": {
        "name": "Tada Solar Plant",
        "type": "solar",
        "capacity_mw": 440.0,
        "operator": "Unknown",
        "state": "Andhra Pradesh",
        "osm_id": "way/727888732"
      }
    },
    {
      "type": "Feature",
      "geometry": {
        "type": "Point",
        "coordinates": [
          79.4725204,
          18.7522908
        ]
      },
      "properties": {
        "name": "Telangana Super Thermal Power Plant",
        "type": "coal",
        "capacity_mw": 1600.0,
        "operator": "NTPC",
        "state": "Telangana",
        "osm_id": "way/733623933"
      }
    },
    {
      "type": "Feature",
      "geometry": {
        "type": "Point",
        "coordinates": [
          79.572325,
          18.8221821
        ]
      },
      "properties": {
        "name": "Singareni Thermal Power Plant",
        "type": "coal",
        "capacity_mw": 1200.0,
        "operator": "Singareni Collieries Company Limited",
        "state": "Telangana",
        "osm_id": "way/733623934"
      }
    },
    {
      "type": "Feature",
      "geometry": {
        "type": "Point",
        "coordinates": [
          78.1450814,
          8.9129778
        ]
      },
      "properties": {
        "name": "Mutiara Thermal Power Plant",
        "type": "coal",
        "capacity_mw": 1200.0,
        "operator": "Coal and Oil Group",
        "state": "Tamil Nadu",
        "osm_id": "way/733764035"
      }
    },
    {
      "type": "Feature",
      "geometry": {
        "type": "Point",
        "coordinates": [
          88.6504412,
          27.5975417
        ]
      },
      "properties": {
        "name": "Teesta Stage III Hydroelectric",
        "type": "hydro",
        "capacity_mw": 1200.0,
        "operator": "Teesta Urja Limited",
        "state": "Sikkim",
        "osm_id": "way/733894880"
      }
    },
    {
      "type": "Feature",
      "geometry": {
        "type": "Point",
        "coordinates": [
          77.7533425,
          31.5555023
        ]
      },
      "properties": {
        "name": "Rampur Unknown Plant",
        "type": "unknown",
        "capacity_mw": 0,
        "operator": "Unknown",
        "state": "Himachal Pradesh",
        "osm_id": "way/736785474"
      }
    },
    {
      "type": "Feature",
      "geometry": {
        "type": "Point",
        "coordinates": [
          76.0610063,
          17.45547
        ]
      },
      "properties": {
        "name": "Akkalkot Solar Plant",
        "type": "solar",
        "capacity_mw": 0,
        "operator": "Unknown",
        "state": "Maharashtra",
        "osm_id": "way/747799963"
      }
    },
    {
      "type": "Feature",
      "geometry": {
        "type": "Point",
        "coordinates": [
          77.920189,
          16.4879895
        ]
      },
      "properties": {
        "name": "Addakal mandal Solar Plant",
        "type": "solar",
        "capacity_mw": 0,
        "operator": "Unknown",
        "state": "Telangana",
        "osm_id": "way/748664610"
      }
    },
    {
      "type": "Feature",
      "geometry": {
        "type": "Point",
        "coordinates": [
          77.8814269,
          16.4689294
        ]
      },
      "properties": {
        "name": "Devarkadra mandal Solar Plant",
        "type": "solar",
        "capacity_mw": 0,
        "operator": "Unknown",
        "state": "Telangana",
        "osm_id": "way/748664622"
      }
    },
    {
      "type": "Feature",
      "geometry": {
        "type": "Point",
        "coordinates": [
          77.8670342,
          16.4445318
        ]
      },
      "properties": {
        "name": "Madanapur mandal Solar Plant",
        "type": "solar",
        "capacity_mw": 0,
        "operator": "Unknown",
        "state": "Telangana",
        "osm_id": "way/748664625"
      }
    },
    {
      "type": "Feature",
      "geometry": {
        "type": "Point",
        "coordinates": [
          79.3181414,
          12.8047474
        ]
      },
      "properties": {
        "name": "Arcot Solar Plant",
        "type": "solar",
        "capacity_mw": 0,
        "operator": "Unknown",
        "state": "Tamil Nadu",
        "osm_id": "way/750523881"
      }
    },
    {
      "type": "Feature",
      "geometry": {
        "type": "Point",
        "coordinates": [
          78.4495069,
          30.8097342
        ]
      },
      "properties": {
        "name": "Bhatwari Hydro Plant",
        "type": "hydro",
        "capacity_mw": 0,
        "operator": "Unknown",
        "state": "Uttarakhand",
        "osm_id": "way/750596002"
      }
    },
    {
      "type": "Feature",
      "geometry": {
        "type": "Point",
        "coordinates": [
          77.3512454,
          14.2569029
        ]
      },
      "properties": {
        "name": "Pavagada taluk Solar Plant",
        "type": "solar",
        "capacity_mw": 0,
        "operator": "Unknown",
        "state": "Karnataka",
        "osm_id": "way/750805182"
      }
    },
    {
      "type": "Feature",
      "geometry": {
        "type": "Point",
        "coordinates": [
          78.9481616,
          12.3451243
        ]
      },
      "properties": {
        "name": "Chengam",
        "type": "solar",
        "capacity_mw": 36.0,
        "operator": "Unknown",
        "state": "Tamil Nadu",
        "osm_id": "way/751947969"
      }
    },
    {
      "type": "Feature",
      "geometry": {
        "type": "Point",
        "coordinates": [
          76.38,
          25.06
        ]
      },
      "properties": {
        "name": "Bara Solar Plant",
        "type": "solar",
        "capacity_mw": 26.3,
        "operator": "Unknown",
        "state": "Uttar Pradesh",
        "osm_id": "way/754330661"
      }
    },
    {
      "type": "Feature",
      "geometry": {
        "type": "Point",
        "coordinates": [
          75.7444448,
          26.9120143
        ]
      },
      "properties": {
        "name": "Jvvnl Vaishali Nagar",
        "type": "gas",
        "capacity_mw": 0,
        "operator": "Jaipur Vidyut Vitran Nigam Limited",
        "state": "Rajasthan",
        "osm_id": "way/754796571"
      }
    },
    {
      "type": "Feature",
      "geometry": {
        "type": "Point",
        "coordinates": [
          76.853649,
          10.017531
        ]
      },
      "properties": {
        "name": "Lower Periyar hydro power station",
        "type": "hydro",
        "capacity_mw": 180.0,
        "operator": "KSEB KARIMANAL",
        "state": "Kerala",
        "osm_id": "way/756450912"
      }
    },
    {
      "type": "Feature",
      "geometry": {
        "type": "Point",
        "coordinates": [
          76.1511686,
          11.1416415
        ]
      },
      "properties": {
        "name": "Ernad Hydro Plant",
        "type": "hydro",
        "capacity_mw": 0,
        "operator": "Unknown",
        "state": "Kerala",
        "osm_id": "way/758340931"
      }
    },
    {
      "type": "Feature",
      "geometry": {
        "type": "Point",
        "coordinates": [
          75.70165,
          24.0985663
        ]
      },
      "properties": {
        "name": "Ghasoi",
        "type": "solar",
        "capacity_mw": 10.0,
        "operator": "Unknown",
        "state": "Madhya Pradesh",
        "osm_id": "way/760955344"
      }
    },
    {
      "type": "Feature",
      "geometry": {
        "type": "Point",
        "coordinates": [
          75.7954824,
          24.0877787
        ]
      },
      "properties": {
        "name": "NTPC Mandsaur",
        "type": "solar",
        "capacity_mw": 50.0,
        "operator": "NTPC Limited",
        "state": "Madhya Pradesh",
        "osm_id": "way/760955345"
      }
    },
    {
      "type": "Feature",
      "geometry": {
        "type": "Point",
        "coordinates": [
          90.3670031,
          26.4445203
        ]
      },
      "properties": {
        "name": "Kokrajhar Unknown Plant",
        "type": "unknown",
        "capacity_mw": 0,
        "operator": "Unknown",
        "state": "Assam",
        "osm_id": "way/766783001"
      }
    },
    {
      "type": "Feature",
      "geometry": {
        "type": "Point",
        "coordinates": [
          72.3560737,
          27.3530557
        ]
      },
      "properties": {
        "name": "Bap - OPG",
        "type": "solar",
        "capacity_mw": 5.0,
        "operator": "Unknown",
        "state": "Rajasthan",
        "osm_id": "way/768543001"
      }
    },
    {
      "type": "Feature",
      "geometry": {
        "type": "Point",
        "coordinates": [
          73.2583871,
          18.7712687
        ]
      },
      "properties": {
        "name": "Khopoli Uttam Galva Steel Works Captive Power Plant",
        "type": "coal",
        "capacity_mw": 0,
        "operator": "Unknown",
        "state": "Maharashtra",
        "osm_id": "way/775144935"
      }
    },
    {
      "type": "Feature",
      "geometry": {
        "type": "Point",
        "coordinates": [
          79.1703868,
          27.4977338
        ]
      },
      "properties": {
        "name": "Aliganj Local Power Station",
        "type": "gas",
        "capacity_mw": 0,
        "operator": "UPPCL",
        "state": "Uttar Pradesh",
        "osm_id": "way/776148284"
      }
    },
    {
      "type": "Feature",
      "geometry": {
        "type": "Point",
        "coordinates": [
          78.9457097,
          17.6991942
        ]
      },
      "properties": {
        "name": "Rajapeta mandal Solar Plant",
        "type": "solar",
        "capacity_mw": 0,
        "operator": "Unknown",
        "state": "Telangana",
        "osm_id": "way/776823506"
      }
    },
    {
      "type": "Feature",
      "geometry": {
        "type": "Point",
        "coordinates": [
          77.3154368,
          14.1400908
        ]
      },
      "properties": {
        "name": "Palavalli",
        "type": "solar",
        "capacity_mw": 50.0,
        "operator": "Unknown",
        "state": "Karnataka",
        "osm_id": "way/778434338"
      }
    },
    {
      "type": "Feature",
      "geometry": {
        "type": "Point",
        "coordinates": [
          76.0745099,
          34.4587063
        ]
      },
      "properties": {
        "name": "Chutak Hydroelectric Plant",
        "type": "hydro",
        "capacity_mw": 44.0,
        "operator": "NHPC Limited",
        "state": "Jammu and Kashmir",
        "osm_id": "way/782262619"
      }
    },
    {
      "type": "Feature",
      "geometry": {
        "type": "Point",
        "coordinates": [
          85.0121078,
          23.8489101
        ]
      },
      "properties": {
        "name": "North Karanpura Thermal Power Station",
        "type": "coal",
        "capacity_mw": 660.0,
        "operator": "NTPC Limited",
        "state": "Jharkhand",
        "osm_id": "way/783115508"
      }
    },
    {
      "type": "Feature",
      "geometry": {
        "type": "Point",
        "coordinates": [
          76.8078099,
          8.9610195
        ]
      },
      "properties": {
        "name": "Kottarakkara Gas Plant",
        "type": "gas",
        "capacity_mw": 0,
        "operator": "Unknown",
        "state": "Kerala",
        "osm_id": "way/787079852"
      }
    },
    {
      "type": "Feature",
      "geometry": {
        "type": "Point",
        "coordinates": [
          78.6741877,
          17.7043489
        ]
      },
      "properties": {
        "name": "Mulug mandal Solar Plant",
        "type": "solar",
        "capacity_mw": 0,
        "operator": "Unknown",
        "state": "Telangana",
        "osm_id": "way/794583164"
      }
    },
    {
      "type": "Feature",
      "geometry": {
        "type": "Point",
        "coordinates": [
          77.7629645,
          16.1527501
        ]
      },
      "properties": {
        "name": "Telangana II Solar Power Plant",
        "type": "solar",
        "capacity_mw": 12.0,
        "operator": "Unknown",
        "state": "Telangana",
        "osm_id": "way/797772099"
      }
    },
    {
      "type": "Feature",
      "geometry": {
        "type": "Point",
        "coordinates": [
          77.0549305,
          10.0314864
        ]
      },
      "properties": {
        "name": "Pallivasal Powerhouse",
        "type": "hydro",
        "capacity_mw": 37.5,
        "operator": "KSEB",
        "state": "Kerala",
        "osm_id": "way/798402542"
      }
    },
    {
      "type": "Feature",
      "geometry": {
        "type": "Point",
        "coordinates": [
          77.0279776,
          9.9738611
        ]
      },
      "properties": {
        "name": "Panniyar Power Plant",
        "type": "hydro",
        "capacity_mw": 0,
        "operator": "Unknown",
        "state": "Kerala",
        "osm_id": "way/798460151"
      }
    },
    {
      "type": "Feature",
      "geometry": {
        "type": "Point",
        "coordinates": [
          72.6787866,
          21.1659431
        ]
      },
      "properties": {
        "name": "Chorasi Taluka Unknown Plant",
        "type": "unknown",
        "capacity_mw": 0,
        "operator": "Unknown",
        "state": "Gujarat",
        "osm_id": "way/799237878"
      }
    },
    {
      "type": "Feature",
      "geometry": {
        "type": "Point",
        "coordinates": [
          76.899514,
          9.3350265
        ]
      },
      "properties": {
        "name": "Karikayam Dam",
        "type": "hydro",
        "capacity_mw": 0,
        "operator": "private",
        "state": "Kerala",
        "osm_id": "way/799378202"
      }
    },
    {
      "type": "Feature",
      "geometry": {
        "type": "Point",
        "coordinates": [
          76.5632564,
          10.0164215
        ]
      },
      "properties": {
        "name": "KSEB Muvattupuzha",
        "type": "solar",
        "capacity_mw": 0,
        "operator": "Unknown",
        "state": "Kerala",
        "osm_id": "way/799425117"
      }
    },
    {
      "type": "Feature",
      "geometry": {
        "type": "Point",
        "coordinates": [
          75.2633556,
          12.0257765
        ]
      },
      "properties": {
        "name": "Payyannur Taluk Unknown Plant",
        "type": "unknown",
        "capacity_mw": 0,
        "operator": "Unknown",
        "state": "Puducherry",
        "osm_id": "way/799578206"
      }
    },
    {
      "type": "Feature",
      "geometry": {
        "type": "Point",
        "coordinates": [
          76.177731,
          10.3765485
        ]
      },
      "properties": {
        "name": "Power House",
        "type": "hydro",
        "capacity_mw": 0,
        "operator": "KSEB",
        "state": "Kerala",
        "osm_id": "way/799590038"
      }
    },
    {
      "type": "Feature",
      "geometry": {
        "type": "Point",
        "coordinates": [
          75.8062466,
          11.2055988
        ]
      },
      "properties": {
        "name": "KSEB Nallalam Diesel Power Plant",
        "type": "gas",
        "capacity_mw": 96.0,
        "operator": "Kerala State Electricity Board",
        "state": "Kerala",
        "osm_id": "way/799792158"
      }
    },
    {
      "type": "Feature",
      "geometry": {
        "type": "Point",
        "coordinates": [
          72.1945865,
          10.8623028
        ]
      },
      "properties": {
        "name": "Power House Agatti",
        "type": "gas",
        "capacity_mw": 0.1,
        "operator": "Unknown",
        "state": "Lakshadweep",
        "osm_id": "way/800386715"
      }
    },
    {
      "type": "Feature",
      "geometry": {
        "type": "Point",
        "coordinates": [
          82.6415305,
          24.1192322
        ]
      },
      "properties": {
        "name": "Vindhyanagar",
        "type": "solar",
        "capacity_mw": 15.0,
        "operator": "Unknown",
        "state": "Madhya Pradesh",
        "osm_id": "way/800444507"
      }
    },
    {
      "type": "Feature",
      "geometry": {
        "type": "Point",
        "coordinates": [
          86.470389,
          23.8078283
        ]
      },
      "properties": {
        "name": "BCCL Powerhouse",
        "type": "coal",
        "capacity_mw": 20.0,
        "operator": "Bharat Coking Coal Limited",
        "state": "Jharkhand",
        "osm_id": "way/800474233"
      }
    },
    {
      "type": "Feature",
      "geometry": {
        "type": "Point",
        "coordinates": [
          76.310489,
          10.4248566
        ]
      },
      "properties": {
        "name": "Mukundapuram Coal Plant",
        "type": "coal",
        "capacity_mw": 0,
        "operator": "Unknown",
        "state": "Kerala",
        "osm_id": "way/801333412"
      }
    },
    {
      "type": "Feature",
      "geometry": {
        "type": "Point",
        "coordinates": [
          73.4328476,
          19.7061526
        ]
      },
      "properties": {
        "name": "Middle Vaitarna Dam",
        "type": "hydro",
        "capacity_mw": 0,
        "operator": "MCGM",
        "state": "Maharashtra",
        "osm_id": "way/801753320"
      }
    },
    {
      "type": "Feature",
      "geometry": {
        "type": "Point",
        "coordinates": [
          78.244704,
          19.1339743
        ]
      },
      "properties": {
        "name": "Nirmal Acme",
        "type": "solar",
        "capacity_mw": 50.0,
        "operator": "Unknown",
        "state": "Telangana",
        "osm_id": "way/802167475"
      }
    },
    {
      "type": "Feature",
      "geometry": {
        "type": "Point",
        "coordinates": [
          78.2415584,
          19.1412305
        ]
      },
      "properties": {
        "name": "Sarangapur mandal Solar Plant",
        "type": "solar",
        "capacity_mw": 0,
        "operator": "Unknown",
        "state": "Telangana",
        "osm_id": "way/802167476"
      }
    },
    {
      "type": "Feature",
      "geometry": {
        "type": "Point",
        "coordinates": [
          75.9572126,
          11.671103
        ]
      },
      "properties": {
        "name": "Banasura Sagar 400kW SPV Power plant",
        "type": "solar",
        "capacity_mw": 0,
        "operator": "Unknown",
        "state": "Kerala",
        "osm_id": "way/804818861"
      }
    },
    {
      "type": "Feature",
      "geometry": {
        "type": "Point",
        "coordinates": [
          74.6045936,
          26.3783287
        ]
      },
      "properties": {
        "name": "Ajmer Tehsil Hydro Plant",
        "type": "hydro",
        "capacity_mw": 0,
        "operator": "Unknown",
        "state": "Rajasthan",
        "osm_id": "way/808020038"
      }
    },
    {
      "type": "Feature",
      "geometry": {
        "type": "Point",
        "coordinates": [
          78.4658768,
          17.0583698
        ]
      },
      "properties": {
        "name": "Kandukur mandal Solar Plant",
        "type": "solar",
        "capacity_mw": 0,
        "operator": "Unknown",
        "state": "Telangana",
        "osm_id": "way/810530422"
      }
    },
    {
      "type": "Feature",
      "geometry": {
        "type": "Point",
        "coordinates": [
          77.372709,
          12.9010503
        ]
      },
      "properties": {
        "name": "Bangalore South Solar Plant",
        "type": "solar",
        "capacity_mw": 0,
        "operator": "Unknown",
        "state": "Karnataka",
        "osm_id": "way/815805187"
      }
    },
    {
      "type": "Feature",
      "geometry": {
        "type": "Point",
        "coordinates": [
          76.614829,
          32.2981366
        ]
      },
      "properties": {
        "name": "Holi Hydro Plant",
        "type": "hydro",
        "capacity_mw": 0,
        "operator": "Unknown",
        "state": "Himachal Pradesh",
        "osm_id": "way/819335260"
      }
    },
    {
      "type": "Feature",
      "geometry": {
        "type": "Point",
        "coordinates": [
          77.4074444,
          31.7797093
        ]
      },
      "properties": {
        "name": "Sainj Hydro Power Project",
        "type": "hydro",
        "capacity_mw": 100.0,
        "operator": "Himachal Pradesh Power Corporation Limited",
        "state": "Himachal Pradesh",
        "osm_id": "way/820186104"
      }
    },
    {
      "type": "Feature",
      "geometry": {
        "type": "Point",
        "coordinates": [
          79.2270175,
          18.4235271
        ]
      },
      "properties": {
        "name": "Manakondur mandal Solar Plant",
        "type": "solar",
        "capacity_mw": 0,
        "operator": "Unknown",
        "state": "Telangana",
        "osm_id": "way/820222416"
      }
    },
    {
      "type": "Feature",
      "geometry": {
        "type": "Point",
        "coordinates": [
          79.4646417,
          25.459144
        ]
      },
      "properties": {
        "name": "Panwari",
        "type": "solar",
        "capacity_mw": 5.5,
        "operator": "Unknown",
        "state": "Uttar Pradesh",
        "osm_id": "way/821582646"
      }
    },
    {
      "type": "Feature",
      "geometry": {
        "type": "Point",
        "coordinates": [
          75.5789731,
          24.9181096
        ]
      },
      "properties": {
        "name": "Rana Pratap Sagar Hydel Power station",
        "type": "hydro",
        "capacity_mw": 172.0,
        "operator": "Rajasthan Rajya Vidyut Utpadan Nigam",
        "state": "Rajasthan",
        "osm_id": "way/821695690"
      }
    },
    {
      "type": "Feature",
      "geometry": {
        "type": "Point",
        "coordinates": [
          75.6773794,
          25.0386855
        ]
      },
      "properties": {
        "name": "Jawahar Sagar Hydel Power Station",
        "type": "hydro",
        "capacity_mw": 99.0,
        "operator": "Rajasthan Rajya Vidyut Utpadan Nigam",
        "state": "Rajasthan",
        "osm_id": "way/821695691"
      }
    },
    {
      "type": "Feature",
      "geometry": {
        "type": "Point",
        "coordinates": [
          74.2359756,
          23.3560757
        ]
      },
      "properties": {
        "name": "Mahi Power House II",
        "type": "hydro",
        "capacity_mw": 90.0,
        "operator": "Rajasthan Rajya Vidyut Utpadan Nigam",
        "state": "Rajasthan",
        "osm_id": "way/821695692"
      }
    },
    {
      "type": "Feature",
      "geometry": {
        "type": "Point",
        "coordinates": [
          77.8501849,
          26.7018036
        ]
      },
      "properties": {
        "name": "Dholpur Combined Power Station",
        "type": "gas",
        "capacity_mw": 330.0,
        "operator": "Rajasthan Rajya Vidyut Utpadan Nigam",
        "state": "Rajasthan",
        "osm_id": "way/821695693"
      }
    },
    {
      "type": "Feature",
      "geometry": {
        "type": "Point",
        "coordinates": [
          83.0280214,
          19.1957109
        ]
      },
      "properties": {
        "name": "Utkal Alumina Smelter Power Plant",
        "type": "coal",
        "capacity_mw": 90.0,
        "operator": "Unknown",
        "state": "Odisha",
        "osm_id": "way/821888949"
      }
    },
    {
      "type": "Feature",
      "geometry": {
        "type": "Point",
        "coordinates": [
          74.644849,
          16.1424265
        ]
      },
      "properties": {
        "name": "Ghataprabha Dam PowerHouse",
        "type": "hydro",
        "capacity_mw": 32.0,
        "operator": "Karnataka Power Corporation Limited",
        "state": "Karnataka",
        "osm_id": "way/822566039"
      }
    },
    {
      "type": "Feature",
      "geometry": {
        "type": "Point",
        "coordinates": [
          77.0224066,
          12.213453
        ]
      },
      "properties": {
        "name": "Tirumakudalu Narasipura taluk Hydro Plant",
        "type": "hydro",
        "capacity_mw": 0,
        "operator": "Unknown",
        "state": "Karnataka",
        "osm_id": "way/822566040"
      }
    },
    {
      "type": "Feature",
      "geometry": {
        "type": "Point",
        "coordinates": [
          75.6374507,
          13.7007898
        ]
      },
      "properties": {
        "name": "Bhadra Right Bank Canal Powerhouse",
        "type": "hydro",
        "capacity_mw": 13.2,
        "operator": "Karnataka Power Corporation Limited",
        "state": "Karnataka",
        "osm_id": "way/822566043"
      }
    },
    {
      "type": "Feature",
      "geometry": {
        "type": "Point",
        "coordinates": [
          76.6646871,
          15.1850873
        ]
      },
      "properties": {
        "name": "Vijayanagar Toranagallu Power Station",
        "type": "coal",
        "capacity_mw": 860.0,
        "operator": "JSW Energy",
        "state": "Karnataka",
        "osm_id": "way/822601316"
      }
    },
    {
      "type": "Feature",
      "geometry": {
        "type": "Point",
        "coordinates": [
          78.344843,
          18.966724
        ]
      },
      "properties": {
        "name": "Pochampad hydro power plant",
        "type": "hydro",
        "capacity_mw": 36.0,
        "operator": "Telangana State Power Generation Corporation Limited",
        "state": "Telangana",
        "osm_id": "way/822707396"
      }
    },
    {
      "type": "Feature",
      "geometry": {
        "type": "Point",
        "coordinates": [
          77.7774122,
          16.3129189
        ]
      },
      "properties": {
        "name": "Lower Jurala hydro power plant",
        "type": "hydro",
        "capacity_mw": 240.0,
        "operator": "Telangana State Power Generation Corporation Limited",
        "state": "Telangana",
        "osm_id": "way/822707397"
      }
    },
    {
      "type": "Feature",
      "geometry": {
        "type": "Point",
        "coordinates": [
          79.4910105,
          16.6260455
        ]
      },
      "properties": {
        "name": "Nagarjuna Sagar tail pond hydroelectric power station",
        "type": "hydro",
        "capacity_mw": 50.0,
        "operator": "Andhra Pradesh Power Generation Corporation",
        "state": "Telangana",
        "osm_id": "way/822707398"
      }
    },
    {
      "type": "Feature",
      "geometry": {
        "type": "Point",
        "coordinates": [
          80.7394614,
          18.0282273
        ]
      },
      "properties": {
        "name": "Bhadradri Thermal Power Plant",
        "type": "coal",
        "capacity_mw": 1080.0,
        "operator": "Telangana State Power Generation Corporation Limited",
        "state": "Telangana",
        "osm_id": "way/822707403"
      }
    },
    {
      "type": "Feature",
      "geometry": {
        "type": "Point",
        "coordinates": [
          78.8287148,
          27.4990045
        ]
      },
      "properties": {
        "name": "Jawaharpur Super Thermal Power Station",
        "type": "coal",
        "capacity_mw": 1320.0,
        "operator": "Uttar Pradesh Rajya Vidyut Utpadan Nigam Limited",
        "state": "Uttar Pradesh",
        "osm_id": "way/822707409"
      }
    },
    {
      "type": "Feature",
      "geometry": {
        "type": "Point",
        "coordinates": [
          78.1574518,
          8.7559982
        ]
      },
      "properties": {
        "name": "SEPC",
        "type": "coal",
        "capacity_mw": 525.0,
        "operator": "SEPC",
        "state": "Tamil Nadu",
        "osm_id": "way/822892679"
      }
    },
    {
      "type": "Feature",
      "geometry": {
        "type": "Point",
        "coordinates": [
          72.7391213,
          22.2524303
        ]
      },
      "properties": {
        "name": "Dhuvaran Phase 1",
        "type": "solar",
        "capacity_mw": 75.0,
        "operator": "Unknown",
        "state": "Gujarat",
        "osm_id": "way/822892680"
      }
    },
    {
      "type": "Feature",
      "geometry": {
        "type": "Point",
        "coordinates": [
          83.0072012,
          24.2034607
        ]
      },
      "properties": {
        "name": "Rihand",
        "type": "hydro",
        "capacity_mw": 3000.0,
        "operator": "Uttar Pradesh Rajya Vidyut Utpadan Nigam Limited",
        "state": "Uttar Pradesh",
        "osm_id": "way/822892689"
      }
    },
    {
      "type": "Feature",
      "geometry": {
        "type": "Point",
        "coordinates": [
          82.9669744,
          24.4400647
        ]
      },
      "properties": {
        "name": "Obra powerhouse",
        "type": "hydro",
        "capacity_mw": 99.0,
        "operator": "Uttar Pradesh Rajya Vidyut Utpadan Nigam Limited",
        "state": "Uttar Pradesh",
        "osm_id": "way/822892690"
      }
    },
    {
      "type": "Feature",
      "geometry": {
        "type": "Point",
        "coordinates": [
          78.7915527,
          30.230671
        ]
      },
      "properties": {
        "name": "Shrinagar Hydro electric Power Plant",
        "type": "hydro",
        "capacity_mw": 330.0,
        "operator": "GVK",
        "state": "Uttarakhand",
        "osm_id": "way/823015160"
      }
    },
    {
      "type": "Feature",
      "geometry": {
        "type": "Point",
        "coordinates": [
          78.8314861,
          30.2404195
        ]
      },
      "properties": {
        "name": "Srinagar Hydroelectric Power Station",
        "type": "hydro",
        "capacity_mw": 330.0,
        "operator": "GVK Industries",
        "state": "Uttarakhand",
        "osm_id": "way/823015162"
      }
    },
    {
      "type": "Feature",
      "geometry": {
        "type": "Point",
        "coordinates": [
          81.8617728,
          16.9305896
        ]
      },
      "properties": {
        "name": "Jegurupadu Combined Cycle Power Plant",
        "type": "gas",
        "capacity_mw": 445.0,
        "operator": "GVK",
        "state": "Andhra Pradesh",
        "osm_id": "way/823015163"
      }
    },
    {
      "type": "Feature",
      "geometry": {
        "type": "Point",
        "coordinates": [
          77.0729682,
          9.3099437
        ]
      },
      "properties": {
        "name": "Sabarigiri Hydro Electric Plant",
        "type": "hydro",
        "capacity_mw": 340.0,
        "operator": "Kerala State Electricity Board",
        "state": "Kerala",
        "osm_id": "way/823181880"
      }
    },
    {
      "type": "Feature",
      "geometry": {
        "type": "Point",
        "coordinates": [
          76.6836258,
          10.8297449
        ]
      },
      "properties": {
        "name": "Small Hydro Electric Project Malampuzha",
        "type": "hydro",
        "capacity_mw": 2.5,
        "operator": "Kerala State Electricity Board",
        "state": "Kerala",
        "osm_id": "way/823181882"
      }
    },
    {
      "type": "Feature",
      "geometry": {
        "type": "Point",
        "coordinates": [
          79.5861223,
          11.0338116
        ]
      },
      "properties": {
        "name": "Kuttulam Power Plant",
        "type": "gas",
        "capacity_mw": 100.0,
        "operator": "TANGEDCO",
        "state": "Tamil Nadu",
        "osm_id": "way/823185402"
      }
    },
    {
      "type": "Feature",
      "geometry": {
        "type": "Point",
        "coordinates": [
          76.6514477,
          11.2862239
        ]
      },
      "properties": {
        "name": "KUNDAH I",
        "type": "hydro",
        "capacity_mw": 555.0,
        "operator": "TANGEDCO",
        "state": "Tamil Nadu",
        "osm_id": "way/823190927"
      }
    },
    {
      "type": "Feature",
      "geometry": {
        "type": "Point",
        "coordinates": [
          76.8061374,
          11.2604783
        ]
      },
      "properties": {
        "name": "KUNDAH IV/Pillur",
        "type": "hydro",
        "capacity_mw": 0,
        "operator": "TANGEDCO",
        "state": "Tamil Nadu",
        "osm_id": "way/823190928"
      }
    },
    {
      "type": "Feature",
      "geometry": {
        "type": "Point",
        "coordinates": [
          72.6558735,
          21.1100577
        ]
      },
      "properties": {
        "name": "Hazira Power Plant",
        "type": "gas",
        "capacity_mw": 515.0,
        "operator": "Essar Energy",
        "state": "Gujarat",
        "osm_id": "way/823272713"
      }
    },
    {
      "type": "Feature",
      "geometry": {
        "type": "Point",
        "coordinates": [
          76.7985575,
          31.9546406
        ]
      },
      "properties": {
        "name": "Jogindarnagar Hydro Plant",
        "type": "hydro",
        "capacity_mw": 0,
        "operator": "Unknown",
        "state": "Himachal Pradesh",
        "osm_id": "way/823477054"
      }
    },
    {
      "type": "Feature",
      "geometry": {
        "type": "Point",
        "coordinates": [
          76.7216398,
          31.8751342
        ]
      },
      "properties": {
        "name": "Uhl III hydro power station",
        "type": "hydro",
        "capacity_mw": 100.0,
        "operator": "HPSEB",
        "state": "Himachal Pradesh",
        "osm_id": "way/823477055"
      }
    },
    {
      "type": "Feature",
      "geometry": {
        "type": "Point",
        "coordinates": [
          77.8573971,
          31.5779905
        ]
      },
      "properties": {
        "name": "Nichar Hydro Plant",
        "type": "hydro",
        "capacity_mw": 0,
        "operator": "Unknown",
        "state": "Himachal Pradesh",
        "osm_id": "way/823477056"
      }
    },
    {
      "type": "Feature",
      "geometry": {
        "type": "Point",
        "coordinates": [
          78.3191394,
          30.6073798
        ]
      },
      "properties": {
        "name": "Maneri Bhali II Power Station",
        "type": "hydro",
        "capacity_mw": 304.0,
        "operator": "Uttarakhand Jal Vidyut Nigam Limited",
        "state": "Uttarakhand",
        "osm_id": "way/823477058"
      }
    },
    {
      "type": "Feature",
      "geometry": {
        "type": "Point",
        "coordinates": [
          77.7366359,
          30.4560611
        ]
      },
      "properties": {
        "name": "Dhakrani Power Plant",
        "type": "hydro",
        "capacity_mw": 33.75,
        "operator": "Uttarakhand Jal Vidyut Nigam Limited",
        "state": "Uttarakhand",
        "osm_id": "way/823477061"
      }
    },
    {
      "type": "Feature",
      "geometry": {
        "type": "Point",
        "coordinates": [
          78.2200586,
          29.9762484
        ]
      },
      "properties": {
        "name": "Chilla",
        "type": "hydro",
        "capacity_mw": 144.0,
        "operator": "Uttarakhand Jal Vidyut Nigam Limited",
        "state": "Uttarakhand",
        "osm_id": "way/823477062"
      }
    },
    {
      "type": "Feature",
      "geometry": {
        "type": "Point",
        "coordinates": [
          77.3319587,
          31.7855112
        ]
      },
      "properties": {
        "name": "Parbati-III",
        "type": "hydro",
        "capacity_mw": 520.0,
        "operator": "NHPC",
        "state": "Himachal Pradesh",
        "osm_id": "way/823477063"
      }
    },
    {
      "type": "Feature",
      "geometry": {
        "type": "Point",
        "coordinates": [
          77.3277855,
          31.7837635
        ]
      },
      "properties": {
        "name": "Parbati-II",
        "type": "hydro",
        "capacity_mw": 800.0,
        "operator": "NHPC",
        "state": "Himachal Pradesh",
        "osm_id": "way/823477064"
      }
    },
    {
      "type": "Feature",
      "geometry": {
        "type": "Point",
        "coordinates": [
          75.9159176,
          32.6241334
        ]
      },
      "properties": {
        "name": "Sewa II",
        "type": "hydro",
        "capacity_mw": 120.0,
        "operator": "NHPC Limited",
        "state": "Himachal Pradesh",
        "osm_id": "way/823477065"
      }
    },
    {
      "type": "Feature",
      "geometry": {
        "type": "Point",
        "coordinates": [
          77.5925048,
          31.400082
        ]
      },
      "properties": {
        "name": "Rampur Hydro Power Station",
        "type": "hydro",
        "capacity_mw": 412.0,
        "operator": "SJVN Limited",
        "state": "Himachal Pradesh",
        "osm_id": "way/823477066"
      }
    },
    {
      "type": "Feature",
      "geometry": {
        "type": "Point",
        "coordinates": [
          75.2704722,
          16.1259584
        ]
      },
      "properties": {
        "name": "Guttigoli",
        "type": "solar",
        "capacity_mw": 135.0,
        "operator": "Unknown",
        "state": "Karnataka",
        "osm_id": "way/823552657"
      }
    },
    {
      "type": "Feature",
      "geometry": {
        "type": "Point",
        "coordinates": [
          76.9724717,
          9.9988308
        ]
      },
      "properties": {
        "name": "Devikulam Hydro Plant",
        "type": "hydro",
        "capacity_mw": 0,
        "operator": "Unknown",
        "state": "Kerala",
        "osm_id": "way/824048282"
      }
    },
    {
      "type": "Feature",
      "geometry": {
        "type": "Point",
        "coordinates": [
          81.3142883,
          25.8887578
        ]
      },
      "properties": {
        "name": "Unchahar",
        "type": "solar",
        "capacity_mw": 1550.0,
        "operator": "Unknown",
        "state": "Uttar Pradesh",
        "osm_id": "way/828003914"
      }
    },
    {
      "type": "Feature",
      "geometry": {
        "type": "Point",
        "coordinates": [
          77.3371733,
          16.3609603
        ]
      },
      "properties": {
        "name": "Raichur Thermal Power Station",
        "type": "coal",
        "capacity_mw": 1720.0,
        "operator": "Karnataka Power Corporation Limited",
        "state": "Karnataka",
        "osm_id": "way/828881768"
      }
    },
    {
      "type": "Feature",
      "geometry": {
        "type": "Point",
        "coordinates": [
          77.8417664,
          15.0231577
        ]
      },
      "properties": {
        "name": "Virannapalle",
        "type": "solar",
        "capacity_mw": 50.0,
        "operator": "APSPDCL",
        "state": "Andhra Pradesh",
        "osm_id": "way/829077917"
      }
    },
    {
      "type": "Feature",
      "geometry": {
        "type": "Point",
        "coordinates": [
          78.0518639,
          9.4412777
        ]
      },
      "properties": {
        "name": "GRT 6",
        "type": "solar",
        "capacity_mw": 5.0,
        "operator": "Unknown",
        "state": "Tamil Nadu",
        "osm_id": "way/830287986"
      }
    },
    {
      "type": "Feature",
      "geometry": {
        "type": "Point",
        "coordinates": [
          78.1516126,
          9.4546352
        ]
      },
      "properties": {
        "name": "Kallurani Phoebus",
        "type": "solar",
        "capacity_mw": 50.0,
        "operator": "Unknown",
        "state": "Tamil Nadu",
        "osm_id": "way/830292748"
      }
    },
    {
      "type": "Feature",
      "geometry": {
        "type": "Point",
        "coordinates": [
          78.1500032,
          9.4461077
        ]
      },
      "properties": {
        "name": "Kallurani Aadhavan",
        "type": "solar",
        "capacity_mw": 50.0,
        "operator": "Unknown",
        "state": "Tamil Nadu",
        "osm_id": "way/830292750"
      }
    },
    {
      "type": "Feature",
      "geometry": {
        "type": "Point",
        "coordinates": [
          78.1720859,
          9.4380881
        ]
      },
      "properties": {
        "name": "Muthuramalingapuram",
        "type": "solar",
        "capacity_mw": 8.0,
        "operator": "Unknown",
        "state": "Tamil Nadu",
        "osm_id": "way/830292751"
      }
    },
    {
      "type": "Feature",
      "geometry": {
        "type": "Point",
        "coordinates": [
          79.0245499,
          20.3010821
        ]
      },
      "properties": {
        "name": "Warora",
        "type": "solar",
        "capacity_mw": 0,
        "operator": "Unknown",
        "state": "Maharashtra",
        "osm_id": "way/833168981"
      }
    },
    {
      "type": "Feature",
      "geometry": {
        "type": "Point",
        "coordinates": [
          76.6450176,
          11.4393049
        ]
      },
      "properties": {
        "name": "Sandynulla Power SubStaion",
        "type": "hydro",
        "capacity_mw": 0,
        "operator": "TNEB",
        "state": "Tamil Nadu",
        "osm_id": "way/837311391"
      }
    },
    {
      "type": "Feature",
      "geometry": {
        "type": "Point",
        "coordinates": [
          77.5298088,
          23.0986305
        ]
      },
      "properties": {
        "name": "Mandideep Graphite Power Station",
        "type": "coal",
        "capacity_mw": 0,
        "operator": "HEG Limited",
        "state": "Madhya Pradesh",
        "osm_id": "way/837683587"
      }
    },
    {
      "type": "Feature",
      "geometry": {
        "type": "Point",
        "coordinates": [
          80.1083484,
          13.383699
        ]
      },
      "properties": {
        "name": "Gummidipoondi Suryadev Power Plant",
        "type": "coal",
        "capacity_mw": 0,
        "operator": "Unknown",
        "state": "Tamil Nadu",
        "osm_id": "way/840721283"
      }
    },
    {
      "type": "Feature",
      "geometry": {
        "type": "Point",
        "coordinates": [
          80.1134097,
          13.3839651
        ]
      },
      "properties": {
        "name": "TCPL Power Plant",
        "type": "coal",
        "capacity_mw": 0,
        "operator": "TCPL",
        "state": "Tamil Nadu",
        "osm_id": "way/840721284"
      }
    },
    {
      "type": "Feature",
      "geometry": {
        "type": "Point",
        "coordinates": [
          80.0964448,
          13.4366671
        ]
      },
      "properties": {
        "name": "Chennai OPG Power Plant",
        "type": "coal",
        "capacity_mw": 600.0,
        "operator": "OPG Power Ventures",
        "state": "Tamil Nadu",
        "osm_id": "way/840721288"
      }
    },
    {
      "type": "Feature",
      "geometry": {
        "type": "Point",
        "coordinates": [
          80.0651781,
          13.423079
        ]
      },
      "properties": {
        "name": "ARS Metals Gummidipoondi captive power station",
        "type": "coal",
        "capacity_mw": 60.0,
        "operator": "ARS Metals",
        "state": "Tamil Nadu",
        "osm_id": "way/840721291"
      }
    },
    {
      "type": "Feature",
      "geometry": {
        "type": "Point",
        "coordinates": [
          78.2579338,
          18.3716907
        ]
      },
      "properties": {
        "name": "Tadwai mandal Solar Plant",
        "type": "solar",
        "capacity_mw": 0,
        "operator": "Unknown",
        "state": "Telangana",
        "osm_id": "way/841480871"
      }
    },
    {
      "type": "Feature",
      "geometry": {
        "type": "Point",
        "coordinates": [
          81.249682,
          21.5385992
        ]
      },
      "properties": {
        "name": "Durg",
        "type": "solar",
        "capacity_mw": 50.0,
        "operator": "Unknown",
        "state": "Chhattisgarh",
        "osm_id": "relation/13406463"
      }
    },
    {
      "type": "Feature",
      "geometry": {
        "type": "Point",
        "coordinates": [
          88.4522168,
          22.6780939
        ]
      },
      "properties": {
        "name": "Barrackpore Solar Plant",
        "type": "solar",
        "capacity_mw": 0,
        "operator": "Unknown",
        "state": "West Bengal",
        "osm_id": "way/860910377"
      }
    },
    {
      "type": "Feature",
      "geometry": {
        "type": "Point",
        "coordinates": [
          74.8482676,
          19.0873722
        ]
      },
      "properties": {
        "name": "Ahmednagar Wind Plant",
        "type": "wind",
        "capacity_mw": 0,
        "operator": "Unknown",
        "state": "Maharashtra",
        "osm_id": "way/861266253"
      }
    },
    {
      "type": "Feature",
      "geometry": {
        "type": "Point",
        "coordinates": [
          78.0352637,
          9.6017111
        ]
      },
      "properties": {
        "name": "Kariapatti Solar Plant",
        "type": "solar",
        "capacity_mw": 0,
        "operator": "Unknown",
        "state": "Tamil Nadu",
        "osm_id": "way/865564230"
      }
    },
    {
      "type": "Feature",
      "geometry": {
        "type": "Point",
        "coordinates": [
          73.5566787,
          19.7010946
        ]
      },
      "properties": {
        "name": "Igatpuri Subdistrict Solar Plant",
        "type": "solar",
        "capacity_mw": 0.4,
        "operator": "Unknown",
        "state": "Maharashtra",
        "osm_id": "way/866657938"
      }
    },
    {
      "type": "Feature",
      "geometry": {
        "type": "Point",
        "coordinates": [
          75.1993654,
          12.0186266
        ]
      },
      "properties": {
        "name": "INA Solar Plant",
        "type": "solar",
        "capacity_mw": 0,
        "operator": "INA",
        "state": "Kerala",
        "osm_id": "way/867808075"
      }
    },
    {
      "type": "Feature",
      "geometry": {
        "type": "Point",
        "coordinates": [
          85.295,
          20.76
        ]
      },
      "properties": {
        "name": "Kadaladi Solar Plant",
        "type": "solar",
        "capacity_mw": 40.0,
        "operator": "Unknown",
        "state": "Tamil Nadu",
        "osm_id": "way/867822460"
      }
    },
    {
      "type": "Feature",
      "geometry": {
        "type": "Point",
        "coordinates": [
          72.9995477,
          21.3421903
        ]
      },
      "properties": {
        "name": "GENSU Solar Power Plant",
        "type": "solar",
        "capacity_mw": 87.0,
        "operator": "Torrent Power",
        "state": "Gujarat",
        "osm_id": "way/868966721"
      }
    },
    {
      "type": "Feature",
      "geometry": {
        "type": "Point",
        "coordinates": [
          71.9415131,
          23.9133523
        ]
      },
      "properties": {
        "name": "Kankrej Taluka Solar Plant",
        "type": "solar",
        "capacity_mw": 15.2,
        "operator": "Precious (Moser Baer)",
        "state": "Gujarat",
        "osm_id": "way/870803708"
      }
    },
    {
      "type": "Feature",
      "geometry": {
        "type": "Point",
        "coordinates": [
          73.1898324,
          22.350603
        ]
      },
      "properties": {
        "name": "Vadodara canal,Sama",
        "type": "solar",
        "capacity_mw": 10.0,
        "operator": "Unknown",
        "state": "Gujarat",
        "osm_id": "way/870907566"
      }
    },
    {
      "type": "Feature",
      "geometry": {
        "type": "Point",
        "coordinates": [
          72.9001183,
          21.8931543
        ]
      },
      "properties": {
        "name": "Amod",
        "type": "solar",
        "capacity_mw": 0,
        "operator": "Unknown",
        "state": "Gujarat",
        "osm_id": "way/871092796"
      }
    },
    {
      "type": "Feature",
      "geometry": {
        "type": "Point",
        "coordinates": [
          73.3783186,
          23.2237035
        ]
      },
      "properties": {
        "name": "Gabat",
        "type": "solar",
        "capacity_mw": 38.0,
        "operator": "Unknown",
        "state": "Gujarat",
        "osm_id": "way/871123567"
      }
    },
    {
      "type": "Feature",
      "geometry": {
        "type": "Point",
        "coordinates": [
          72.621029,
          22.0655016
        ]
      },
      "properties": {
        "name": "Chidra",
        "type": "solar",
        "capacity_mw": 44.0,
        "operator": "Unknown",
        "state": "Gujarat",
        "osm_id": "way/871181082"
      }
    },
    {
      "type": "Feature",
      "geometry": {
        "type": "Point",
        "coordinates": [
          74.6900984,
          30.1556498
        ]
      },
      "properties": {
        "name": "Bahadurgarh",
        "type": "solar",
        "capacity_mw": 50.0,
        "operator": "Unknown",
        "state": "Punjab",
        "osm_id": "way/871410432"
      }
    },
    {
      "type": "Feature",
      "geometry": {
        "type": "Point",
        "coordinates": [
          75.2412669,
          29.5902516
        ]
      },
      "properties": {
        "name": "Mankhera",
        "type": "solar",
        "capacity_mw": 25.0,
        "operator": "Unknown",
        "state": "Punjab",
        "osm_id": "way/871558615"
      }
    },
    {
      "type": "Feature",
      "geometry": {
        "type": "Point",
        "coordinates": [
          75.3722888,
          29.8108603
        ]
      },
      "properties": {
        "name": "Jhunir",
        "type": "solar",
        "capacity_mw": 10.0,
        "operator": "Unknown",
        "state": "Punjab",
        "osm_id": "way/871558617"
      }
    },
    {
      "type": "Feature",
      "geometry": {
        "type": "Point",
        "coordinates": [
          75.4015625,
          29.8506314
        ]
      },
      "properties": {
        "name": "Lakhmirwala",
        "type": "solar",
        "capacity_mw": 21.0,
        "operator": "Unknown",
        "state": "Punjab",
        "osm_id": "way/871558618"
      }
    },
    {
      "type": "Feature",
      "geometry": {
        "type": "Point",
        "coordinates": [
          75.5323228,
          29.8214605
        ]
      },
      "properties": {
        "name": "Boha",
        "type": "solar",
        "capacity_mw": 4.0,
        "operator": "Unknown",
        "state": "Punjab",
        "osm_id": "way/871558622"
      }
    },
    {
      "type": "Feature",
      "geometry": {
        "type": "Point",
        "coordinates": [
          75.4771551,
          29.8756016
        ]
      },
      "properties": {
        "name": "Bareh",
        "type": "solar",
        "capacity_mw": 10.5,
        "operator": "Rays Power Infra",
        "state": "Punjab",
        "osm_id": "way/871558624"
      }
    },
    {
      "type": "Feature",
      "geometry": {
        "type": "Point",
        "coordinates": [
          75.5979135,
          29.8205237
        ]
      },
      "properties": {
        "name": "Saspali",
        "type": "solar",
        "capacity_mw": 25.0,
        "operator": "Unknown",
        "state": "Punjab",
        "osm_id": "way/871558625"
      }
    },
    {
      "type": "Feature",
      "geometry": {
        "type": "Point",
        "coordinates": [
          75.0867354,
          29.7879713
        ]
      },
      "properties": {
        "name": "Goriwala Solar Plant",
        "type": "solar",
        "capacity_mw": 0,
        "operator": "Unknown",
        "state": "Haryana",
        "osm_id": "way/871595822"
      }
    },
    {
      "type": "Feature",
      "geometry": {
        "type": "Point",
        "coordinates": [
          75.077801,
          29.9040061
        ]
      },
      "properties": {
        "name": "Teona Pujarian",
        "type": "solar",
        "capacity_mw": 30.0,
        "operator": "Unknown",
        "state": "Haryana",
        "osm_id": "way/871595823"
      }
    },
    {
      "type": "Feature",
      "geometry": {
        "type": "Point",
        "coordinates": [
          74.3316358,
          30.4368572
        ]
      },
      "properties": {
        "name": "Lakhewali",
        "type": "solar",
        "capacity_mw": 2.1,
        "operator": "Unknown",
        "state": "Punjab",
        "osm_id": "way/871599734"
      }
    },
    {
      "type": "Feature",
      "geometry": {
        "type": "Point",
        "coordinates": [
          74.2526007,
          30.2544658
        ]
      },
      "properties": {
        "name": "Muradwala Dal Singh",
        "type": "solar",
        "capacity_mw": 21.0,
        "operator": "Unknown",
        "state": "Punjab",
        "osm_id": "way/871599735"
      }
    },
    {
      "type": "Feature",
      "geometry": {
        "type": "Point",
        "coordinates": [
          73.9049274,
          30.0363009
        ]
      },
      "properties": {
        "name": "Usman Khera",
        "type": "solar",
        "capacity_mw": 25.0,
        "operator": "Unknown",
        "state": "Punjab",
        "osm_id": "way/871599736"
      }
    },
    {
      "type": "Feature",
      "geometry": {
        "type": "Point",
        "coordinates": [
          74.0396333,
          30.0868312
        ]
      },
      "properties": {
        "name": "Daulat Pura",
        "type": "solar",
        "capacity_mw": 25.0,
        "operator": "Unknown",
        "state": "Punjab",
        "osm_id": "way/871599737"
      }
    },
    {
      "type": "Feature",
      "geometry": {
        "type": "Point",
        "coordinates": [
          74.5462811,
          30.0209304
        ]
      },
      "properties": {
        "name": "Sikh Wala",
        "type": "solar",
        "capacity_mw": 19.0,
        "operator": "Unknown",
        "state": "Punjab",
        "osm_id": "way/871599738"
      }
    },
    {
      "type": "Feature",
      "geometry": {
        "type": "Point",
        "coordinates": [
          74.6009445,
          30.0126786
        ]
      },
      "properties": {
        "name": "Banwala Anu",
        "type": "solar",
        "capacity_mw": 25.0,
        "operator": "Unknown",
        "state": "Punjab",
        "osm_id": "way/871599739"
      }
    },
    {
      "type": "Feature",
      "geometry": {
        "type": "Point",
        "coordinates": [
          74.1901642,
          30.3481632
        ]
      },
      "properties": {
        "name": "Tahliwala Jattan",
        "type": "solar",
        "capacity_mw": 15.0,
        "operator": "Unknown",
        "state": "Punjab",
        "osm_id": "way/871603100"
      }
    },
    {
      "type": "Feature",
      "geometry": {
        "type": "Point",
        "coordinates": [
          77.3802455,
          14.2038985
        ]
      },
      "properties": {
        "name": "Kambalahalli A",
        "type": "solar",
        "capacity_mw": 30.0,
        "operator": "Unknown",
        "state": "Karnataka",
        "osm_id": "way/871686008"
      }
    },
    {
      "type": "Feature",
      "geometry": {
        "type": "Point",
        "coordinates": [
          77.3474608,
          14.1939596
        ]
      },
      "properties": {
        "name": "Kambalahalli B",
        "type": "solar",
        "capacity_mw": 30.0,
        "operator": "Unknown",
        "state": "Karnataka",
        "osm_id": "way/871686009"
      }
    },
    {
      "type": "Feature",
      "geometry": {
        "type": "Point",
        "coordinates": [
          75.7758674,
          29.9608929
        ]
      },
      "properties": {
        "name": "Sangat Pura",
        "type": "solar",
        "capacity_mw": 10.0,
        "operator": "Unknown",
        "state": "Punjab",
        "osm_id": "way/871714596"
      }
    },
    {
      "type": "Feature",
      "geometry": {
        "type": "Point",
        "coordinates": [
          74.6755555,
          29.9491571
        ]
      },
      "properties": {
        "name": "Killanwali",
        "type": "solar",
        "capacity_mw": 24.0,
        "operator": "Unknown",
        "state": "Punjab",
        "osm_id": "way/871716957"
      }
    },
    {
      "type": "Feature",
      "geometry": {
        "type": "Point",
        "coordinates": [
          74.3443953,
          30.1160832
        ]
      },
      "properties": {
        "name": "Bahadur Khera",
        "type": "solar",
        "capacity_mw": 25.0,
        "operator": "Unknown",
        "state": "Punjab",
        "osm_id": "way/871719770"
      }
    },
    {
      "type": "Feature",
      "geometry": {
        "type": "Point",
        "coordinates": [
          77.4389959,
          14.1768534
        ]
      },
      "properties": {
        "name": "Indiranagar",
        "type": "solar",
        "capacity_mw": 7.0,
        "operator": "Unknown",
        "state": "Karnataka",
        "osm_id": "way/871802420"
      }
    },
    {
      "type": "Feature",
      "geometry": {
        "type": "Point",
        "coordinates": [
          75.9238502,
          23.7026102
        ]
      },
      "properties": {
        "name": "Rojhani- Agar Malwa",
        "type": "solar",
        "capacity_mw": 30.5,
        "operator": "Unknown",
        "state": "Madhya Pradesh",
        "osm_id": "way/871820153"
      }
    },
    {
      "type": "Feature",
      "geometry": {
        "type": "Point",
        "coordinates": [
          74.5436914,
          17.8712152
        ]
      },
      "properties": {
        "name": "Mograle",
        "type": "solar",
        "capacity_mw": 50.0,
        "operator": "Unknown",
        "state": "Maharashtra",
        "osm_id": "way/871835263"
      }
    },
    {
      "type": "Feature",
      "geometry": {
        "type": "Point",
        "coordinates": [
          74.8920218,
          15.8999158
        ]
      },
      "properties": {
        "name": "Savadatti taluku Solar Plant",
        "type": "solar",
        "capacity_mw": 0,
        "operator": "Unknown",
        "state": "Karnataka",
        "osm_id": "way/871835376"
      }
    },
    {
      "type": "Feature",
      "geometry": {
        "type": "Point",
        "coordinates": [
          79.5846928,
          14.6505732
        ]
      },
      "properties": {
        "name": "Atmakur Solar Plant",
        "type": "solar",
        "capacity_mw": 0,
        "operator": "Unknown",
        "state": "Andhra Pradesh",
        "osm_id": "way/871836950"
      }
    },
    {
      "type": "Feature",
      "geometry": {
        "type": "Point",
        "coordinates": [
          78.794129,
          10.7481009
        ]
      },
      "properties": {
        "name": "Thiruverumbur Solar Plant",
        "type": "solar",
        "capacity_mw": 0,
        "operator": "Unknown",
        "state": "Tamil Nadu",
        "osm_id": "way/871840478"
      }
    },
    {
      "type": "Feature",
      "geometry": {
        "type": "Point",
        "coordinates": [
          76.1136581,
          21.8492555
        ]
      },
      "properties": {
        "name": "Chhirbel",
        "type": "solar",
        "capacity_mw": 50.0,
        "operator": "Unknown",
        "state": "Madhya Pradesh",
        "osm_id": "way/872371875"
      }
    },
    {
      "type": "Feature",
      "geometry": {
        "type": "Point",
        "coordinates": [
          77.6649848,
          16.6274975
        ]
      },
      "properties": {
        "name": "Mahabubnagar Solar Park",
        "type": "solar",
        "capacity_mw": 20.0,
        "operator": "Telangana Solar Power Corporation",
        "state": "Telangana",
        "osm_id": "way/872711383"
      }
    },
    {
      "type": "Feature",
      "geometry": {
        "type": "Point",
        "coordinates": [
          82.3176921,
          27.3479932
        ]
      },
      "properties": {
        "name": "Utraula Thermal Power Station",
        "type": "coal",
        "capacity_mw": 90.0,
        "operator": "Bajaj Energy Limited",
        "state": "Uttar Pradesh",
        "osm_id": "way/875213046"
      }
    },
    {
      "type": "Feature",
      "geometry": {
        "type": "Point",
        "coordinates": [
          74.6362464,
          25.8874163
        ]
      },
      "properties": {
        "name": "Hurda Tehsil Solar Plant",
        "type": "solar",
        "capacity_mw": 1.0,
        "operator": "Unknown",
        "state": "Rajasthan",
        "osm_id": "way/875497737"
      }
    },
    {
      "type": "Feature",
      "geometry": {
        "type": "Point",
        "coordinates": [
          77.8273365,
          11.8124094
        ]
      },
      "properties": {
        "name": "Mettur Malco Power Plant",
        "type": "coal",
        "capacity_mw": 0,
        "operator": "Unknown",
        "state": "Tamil Nadu",
        "osm_id": "way/876239840"
      }
    },
    {
      "type": "Feature",
      "geometry": {
        "type": "Point",
        "coordinates": [
          74.8699781,
          25.650468
        ]
      },
      "properties": {
        "name": "Nimbera",
        "type": "solar",
        "capacity_mw": 10.0,
        "operator": "Unknown",
        "state": "Rajasthan",
        "osm_id": "way/877979229"
      }
    },
    {
      "type": "Feature",
      "geometry": {
        "type": "Point",
        "coordinates": [
          79.8162812,
          10.8596904
        ]
      },
      "properties": {
        "name": "Karaikal Taluk Solar Plant",
        "type": "solar",
        "capacity_mw": 0,
        "operator": "Unknown",
        "state": "Puducherry",
        "osm_id": "way/887052249"
      }
    },
    {
      "type": "Feature",
      "geometry": {
        "type": "Point",
        "coordinates": [
          93.2066704,
          28.4356769
        ]
      },
      "properties": {
        "name": "Taksing Circle Solar Plant",
        "type": "solar",
        "capacity_mw": 0.02,
        "operator": "Unknown",
        "state": "Arunachal Pradesh",
        "osm_id": "way/896470920"
      }
    },
    {
      "type": "Feature",
      "geometry": {
        "type": "Point",
        "coordinates": [
          76.2361345,
          15.7677624
        ]
      },
      "properties": {
        "name": "Kushtagi taluk Solar Plant",
        "type": "solar",
        "capacity_mw": 0,
        "operator": "Rays Power Infra",
        "state": "Karnataka",
        "osm_id": "way/899905597"
      }
    },
    {
      "type": "Feature",
      "geometry": {
        "type": "Point",
        "coordinates": [
          75.230998,
          16.5551394
        ]
      },
      "properties": {
        "name": "Project Jamkhandi",
        "type": "solar",
        "capacity_mw": 56.0,
        "operator": "Rays Power Infra",
        "state": "Karnataka",
        "osm_id": "way/899907048"
      }
    },
    {
      "type": "Feature",
      "geometry": {
        "type": "Point",
        "coordinates": [
          79.6049233,
          26.097376
        ]
      },
      "properties": {
        "name": "Project Jalaun",
        "type": "solar",
        "capacity_mw": 55.0,
        "operator": "Rays Power Infra",
        "state": "Uttar Pradesh",
        "osm_id": "way/899908558"
      }
    },
    {
      "type": "Feature",
      "geometry": {
        "type": "Point",
        "coordinates": [
          77.7572152,
          29.8741998
        ]
      },
      "properties": {
        "name": "Project Haridwar 2",
        "type": "solar",
        "capacity_mw": 24.0,
        "operator": "Rays Power Infra",
        "state": "Uttarakhand",
        "osm_id": "way/899918369"
      }
    },
    {
      "type": "Feature",
      "geometry": {
        "type": "Point",
        "coordinates": [
          77.7365059,
          29.8784901
        ]
      },
      "properties": {
        "name": "Project Haridwar",
        "type": "solar",
        "capacity_mw": 30.0,
        "operator": "Rays Power Infra",
        "state": "Uttarakhand",
        "osm_id": "way/899918370"
      }
    },
    {
      "type": "Feature",
      "geometry": {
        "type": "Point",
        "coordinates": [
          78.6507637,
          18.1438968
        ]
      },
      "properties": {
        "name": "Project Medak",
        "type": "solar",
        "capacity_mw": 22.02,
        "operator": "Rays Power Infra",
        "state": "Telangana",
        "osm_id": "way/899920880"
      }
    },
    {
      "type": "Feature",
      "geometry": {
        "type": "Point",
        "coordinates": [
          78.4736238,
          16.7120362
        ]
      },
      "properties": {
        "name": "Project Mahbubnagar",
        "type": "solar",
        "capacity_mw": 21.5,
        "operator": "Rays Power Infra",
        "state": "Telangana",
        "osm_id": "way/899923120"
      }
    },
    {
      "type": "Feature",
      "geometry": {
        "type": "Point",
        "coordinates": [
          79.692256,
          25.8173703
        ]
      },
      "properties": {
        "name": "Project Uttar Pradesh",
        "type": "solar",
        "capacity_mw": 5.5,
        "operator": "Rays Power Infra",
        "state": "Uttar Pradesh",
        "osm_id": "way/899924905"
      }
    },
    {
      "type": "Feature",
      "geometry": {
        "type": "Point",
        "coordinates": [
          76.1904109,
          15.5862294
        ]
      },
      "properties": {
        "name": "Project Koppal",
        "type": "solar",
        "capacity_mw": 5.5,
        "operator": "Rays Power Infra",
        "state": "Karnataka",
        "osm_id": "way/899925780"
      }
    },
    {
      "type": "Feature",
      "geometry": {
        "type": "Point",
        "coordinates": [
          77.7355496,
          29.8684868
        ]
      },
      "properties": {
        "name": "Project Haridwar 4",
        "type": "solar",
        "capacity_mw": 18.0,
        "operator": "Rays Power Infra",
        "state": "Uttarakhand",
        "osm_id": "way/899934422"
      }
    },
    {
      "type": "Feature",
      "geometry": {
        "type": "Point",
        "coordinates": [
          84.8486003,
          22.2175254
        ]
      },
      "properties": {
        "name": "Raurkela (M) Solar Plant",
        "type": "solar",
        "capacity_mw": 1.0,
        "operator": "Rays Power Infra",
        "state": "Odisha",
        "osm_id": "way/899963455"
      }
    },
    {
      "type": "Feature",
      "geometry": {
        "type": "Point",
        "coordinates": [
          77.8768434,
          31.2411912
        ]
      },
      "properties": {
        "name": "Andhra Dam Power Station",
        "type": "hydro",
        "capacity_mw": 16.0,
        "operator": "HPSEB",
        "state": "Himachal Pradesh",
        "osm_id": "way/900916999"
      }
    },
    {
      "type": "Feature",
      "geometry": {
        "type": "Point",
        "coordinates": [
          77.7386981,
          28.958922
        ]
      },
      "properties": {
        "name": "E - block power grid",
        "type": "gas",
        "capacity_mw": 0,
        "operator": "Power Grid Corporation of India",
        "state": "Uttar Pradesh",
        "osm_id": "way/903653120"
      }
    },
    {
      "type": "Feature",
      "geometry": {
        "type": "Point",
        "coordinates": [
          72.6244133,
          21.6933785
        ]
      },
      "properties": {
        "name": "Dahej OPAL Captive Power Plant",
        "type": "gas",
        "capacity_mw": 0,
        "operator": "ONGC Petro additions Limited",
        "state": "Gujarat",
        "osm_id": "way/909780506"
      }
    },
    {
      "type": "Feature",
      "geometry": {
        "type": "Point",
        "coordinates": [
          72.5838939,
          21.686272
        ]
      },
      "properties": {
        "name": "Dahej Cogen Power Plant",
        "type": "coal",
        "capacity_mw": 0,
        "operator": "Unknown",
        "state": "Gujarat",
        "osm_id": "way/909780549"
      }
    },
    {
      "type": "Feature",
      "geometry": {
        "type": "Point",
        "coordinates": [
          82.7448694,
          22.4015249
        ]
      },
      "properties": {
        "name": "Korba Tahsil Coal Plant",
        "type": "coal",
        "capacity_mw": 270.0,
        "operator": "BALCO (Bharat Aluminium Company)",
        "state": "Chhattisgarh",
        "osm_id": "way/910940979"
      }
    },
    {
      "type": "Feature",
      "geometry": {
        "type": "Point",
        "coordinates": [
          72.8831339,
          19.0492212
        ]
      },
      "properties": {
        "name": "Mumbai Solar Plant",
        "type": "solar",
        "capacity_mw": 75.0,
        "operator": "Ongc Gas corp",
        "state": "Maharashtra",
        "osm_id": "way/913226054"
      }
    },
    {
      "type": "Feature",
      "geometry": {
        "type": "Point",
        "coordinates": [
          72.6401427,
          21.1195066
        ]
      },
      "properties": {
        "name": "Hazira II (Essar) Power Plant",
        "type": "coal",
        "capacity_mw": 0,
        "operator": "Unknown",
        "state": "Gujarat",
        "osm_id": "way/916863896"
      }
    },
    {
      "type": "Feature",
      "geometry": {
        "type": "Point",
        "coordinates": [
          74.8270601,
          31.5631981
        ]
      },
      "properties": {
        "name": "Amritsar I Tahsil Gas Plant",
        "type": "gas",
        "capacity_mw": 0,
        "operator": "Unknown",
        "state": "Punjab",
        "osm_id": "way/919692251"
      }
    },
    {
      "type": "Feature",
      "geometry": {
        "type": "Point",
        "coordinates": [
          77.0000933,
          29.4682649
        ]
      },
      "properties": {
        "name": "Gharaunda Gas Plant",
        "type": "gas",
        "capacity_mw": 0,
        "operator": "Unknown",
        "state": "Haryana",
        "osm_id": "way/919850708"
      }
    },
    {
      "type": "Feature",
      "geometry": {
        "type": "Point",
        "coordinates": [
          79.4148533,
          11.5415923
        ]
      },
      "properties": {
        "name": "Neyveli Zero Power Plant",
        "type": "coal",
        "capacity_mw": 250.0,
        "operator": "NLC India Limited",
        "state": "Tamil Nadu",
        "osm_id": "way/924966809"
      }
    },
    {
      "type": "Feature",
      "geometry": {
        "type": "Point",
        "coordinates": [
          79.1317285,
          19.9295725
        ]
      },
      "properties": {
        "name": "Ghugus Coal Power Plant",
        "type": "coal",
        "capacity_mw": 120.0,
        "operator": "Gupta Energy Pvt Ltd",
        "state": "Maharashtra",
        "osm_id": "way/925371144"
      }
    },
    {
      "type": "Feature",
      "geometry": {
        "type": "Point",
        "coordinates": [
          84.8786967,
          22.2217742
        ]
      },
      "properties": {
        "name": "Rourkela Works II Power Plant",
        "type": "coal",
        "capacity_mw": 0,
        "operator": "Unknown",
        "state": "Odisha",
        "osm_id": "way/925372111"
      }
    },
    {
      "type": "Feature",
      "geometry": {
        "type": "Point",
        "coordinates": [
          91.2736015,
          23.4384085
        ]
      },
      "properties": {
        "name": "Monarchak Gas Power Plant",
        "type": "gas",
        "capacity_mw": 100.3,
        "operator": "OTPC (ONGC Tripura Power Company)",
        "state": "Tripura",
        "osm_id": "way/925614919"
      }
    },
    {
      "type": "Feature",
      "geometry": {
        "type": "Point",
        "coordinates": [
          76.8597266,
          29.4557652
        ]
      },
      "properties": {
        "name": "Panipat Naphtha Cracker Power Plant",
        "type": "gas",
        "capacity_mw": 0,
        "operator": "Unknown",
        "state": "Haryana",
        "osm_id": "way/926407390"
      }
    },
    {
      "type": "Feature",
      "geometry": {
        "type": "Point",
        "coordinates": [
          88.1027175,
          22.0661852
        ]
      },
      "properties": {
        "name": "HPL Cogen Haldia Power Plant",
        "type": "gas",
        "capacity_mw": 0,
        "operator": "Unknown",
        "state": "West Bengal",
        "osm_id": "way/926899740"
      }
    },
    {
      "type": "Feature",
      "geometry": {
        "type": "Point",
        "coordinates": [
          79.3851687,
          30.290635
        ]
      },
      "properties": {
        "name": "Karnaprayag Hydro Plant",
        "type": "hydro",
        "capacity_mw": 0,
        "operator": "Unknown",
        "state": "Uttarakhand",
        "osm_id": "way/933246003"
      }
    },
    {
      "type": "Feature",
      "geometry": {
        "type": "Point",
        "coordinates": [
          92.6826811,
          27.1652163
        ]
      },
      "properties": {
        "name": "Kameng hydro power station",
        "type": "hydro",
        "capacity_mw": 600.0,
        "operator": "NEEPCO (North Eastern Electric Power Corporation)",
        "state": "Arunachal Pradesh",
        "osm_id": "way/936945828"
      }
    },
    {
      "type": "Feature",
      "geometry": {
        "type": "Point",
        "coordinates": [
          73.3913917,
          18.454934
        ]
      },
      "properties": {
        "name": "Bhira hydro power station",
        "type": "hydro",
        "capacity_mw": 300.0,
        "operator": "Tata Power",
        "state": "Maharashtra",
        "osm_id": "way/936954862"
      }
    },
    {
      "type": "Feature",
      "geometry": {
        "type": "Point",
        "coordinates": [
          86.0923057,
          23.6871631
        ]
      },
      "properties": {
        "name": "Bokaro Works Power Plant",
        "type": "coal",
        "capacity_mw": 302.0,
        "operator": "SAIL (Steel Authority of India)",
        "state": "Jharkhand",
        "osm_id": "way/936986288"
      }
    },
    {
      "type": "Feature",
      "geometry": {
        "type": "Point",
        "coordinates": [
          92.7694273,
          24.3404224
        ]
      },
      "properties": {
        "name": "Serlui B hydro power station",
        "type": "hydro",
        "capacity_mw": 12.0,
        "operator": "Unknown",
        "state": "Mizoram",
        "osm_id": "way/937278797"
      }
    },
    {
      "type": "Feature",
      "geometry": {
        "type": "Point",
        "coordinates": [
          74.3854471,
          26.0743273
        ]
      },
      "properties": {
        "name": "Ajmer power station",
        "type": "coal",
        "capacity_mw": 300.0,
        "operator": "Shree Cement",
        "state": "Rajasthan",
        "osm_id": "way/937836396"
      }
    },
    {
      "type": "Feature",
      "geometry": {
        "type": "Point",
        "coordinates": [
          74.6676295,
          24.9644517
        ]
      },
      "properties": {
        "name": "Chanderia Smelter Power Plant",
        "type": "coal",
        "capacity_mw": 234.0,
        "operator": "Hindustan Zinc ltd",
        "state": "Rajasthan",
        "osm_id": "way/939095327"
      }
    },
    {
      "type": "Feature",
      "geometry": {
        "type": "Point",
        "coordinates": [
          77.6145767,
          30.5761839
        ]
      },
      "properties": {
        "name": "Kamrau Hydro Plant",
        "type": "hydro",
        "capacity_mw": 0,
        "operator": "Unknown",
        "state": "Himachal Pradesh",
        "osm_id": "way/939762227"
      }
    },
    {
      "type": "Feature",
      "geometry": {
        "type": "Point",
        "coordinates": [
          78.4149353,
          16.8100164
        ]
      },
      "properties": {
        "name": "Talakondapally mandal Solar Plant",
        "type": "solar",
        "capacity_mw": 0,
        "operator": "Unknown",
        "state": "Telangana",
        "osm_id": "way/941384017"
      }
    },
    {
      "type": "Feature",
      "geometry": {
        "type": "Point",
        "coordinates": [
          83.1015125,
          24.6391562
        ]
      },
      "properties": {
        "name": "Jaypee Churk Power Station",
        "type": "coal",
        "capacity_mw": 0,
        "operator": "Unknown",
        "state": "Uttar Pradesh",
        "osm_id": "way/942943736"
      }
    },
    {
      "type": "Feature",
      "geometry": {
        "type": "Point",
        "coordinates": [
          76.6728586,
          14.6763563
        ]
      },
      "properties": {
        "name": "Molakalmuru taluku Solar Plant",
        "type": "solar",
        "capacity_mw": 0,
        "operator": "Unknown",
        "state": "Karnataka",
        "osm_id": "way/943540705"
      }
    },
    {
      "type": "Feature",
      "geometry": {
        "type": "Point",
        "coordinates": [
          81.3285274,
          24.3295374
        ]
      },
      "properties": {
        "name": "Kariajhar power station",
        "type": "coal",
        "capacity_mw": 120.0,
        "operator": "Jaiprakash Associates",
        "state": "Madhya Pradesh",
        "osm_id": "way/944333163"
      }
    },
    {
      "type": "Feature",
      "geometry": {
        "type": "Point",
        "coordinates": [
          88.2939961,
          22.5479236
        ]
      },
      "properties": {
        "name": "Southern CESC power station",
        "type": "coal",
        "capacity_mw": 135.0,
        "operator": "CESC Ltd",
        "state": "West Bengal",
        "osm_id": "way/944914951"
      }
    },
    {
      "type": "Feature",
      "geometry": {
        "type": "Point",
        "coordinates": [
          68.5776903,
          23.4994277
        ]
      },
      "properties": {
        "name": "SANGHIPURAM CEMENT",
        "type": "coal",
        "capacity_mw": 25.0,
        "operator": "Sanghi Industries",
        "state": "Gujarat",
        "osm_id": "way/944917515"
      }
    },
    {
      "type": "Feature",
      "geometry": {
        "type": "Point",
        "coordinates": [
          76.1255842,
          31.0188637
        ]
      },
      "properties": {
        "name": "Deenbandhu Chhotu Ram Thermal Power Station",
        "type": "coal",
        "capacity_mw": 600.0,
        "operator": "PSPCL (Punjab State Power Corporation Ltd.)",
        "state": "Punjab",
        "osm_id": "way/945259409"
      }
    },
    {
      "type": "Feature",
      "geometry": {
        "type": "Point",
        "coordinates": [
          74.6101451,
          24.7665992
        ]
      },
      "properties": {
        "name": "Aditya Cement Works Power Plant",
        "type": "coal",
        "capacity_mw": 98.0,
        "operator": "UltraTech Cement",
        "state": "Rajasthan",
        "osm_id": "way/945657343"
      }
    },
    {
      "type": "Feature",
      "geometry": {
        "type": "Point",
        "coordinates": [
          77.995319,
          11.0535105
        ]
      },
      "properties": {
        "name": "Kagithapuram Mill Power Station",
        "type": "coal",
        "capacity_mw": 40.0,
        "operator": "Tamil Nadu Newsprint & Papers",
        "state": "Tamil Nadu",
        "osm_id": "way/947395686"
      }
    },
    {
      "type": "Feature",
      "geometry": {
        "type": "Point",
        "coordinates": [
          86.4564586,
          21.065816
        ]
      },
      "properties": {
        "name": "Bhadrak Randia Power Plant",
        "type": "coal",
        "capacity_mw": 100.0,
        "operator": "FACOR Power Ltd",
        "state": "Odisha",
        "osm_id": "way/947508298"
      }
    },
    {
      "type": "Feature",
      "geometry": {
        "type": "Point",
        "coordinates": [
          83.1113175,
          20.6744574
        ]
      },
      "properties": {
        "name": "Patnagarh Solar Plant",
        "type": "solar",
        "capacity_mw": 0,
        "operator": "Unknown",
        "state": "Odisha",
        "osm_id": "way/951362145"
      }
    },
    {
      "type": "Feature",
      "geometry": {
        "type": "Point",
        "coordinates": [
          77.2237083,
          26.6339124
        ]
      },
      "properties": {
        "name": "Karauli Tehsil Unknown Plant",
        "type": "unknown",
        "capacity_mw": 0,
        "operator": "Unknown",
        "state": "Rajasthan",
        "osm_id": "way/951959053"
      }
    },
    {
      "type": "Feature",
      "geometry": {
        "type": "Point",
        "coordinates": [
          75.761748,
          12.082771
        ]
      },
      "properties": {
        "name": "Barapole Hydro Electric Project 15 MW",
        "type": "hydro",
        "capacity_mw": 15.0,
        "operator": "Kerala State Electricity Board",
        "state": "Karnataka",
        "osm_id": "way/955119390"
      }
    },
    {
      "type": "Feature",
      "geometry": {
        "type": "Point",
        "coordinates": [
          75.952761,
          11.139323
        ]
      },
      "properties": {
        "name": "Calicut airport solar farm",
        "type": "solar",
        "capacity_mw": 0,
        "operator": "Unknown",
        "state": "Kerala",
        "osm_id": "way/956574330"
      }
    },
    {
      "type": "Feature",
      "geometry": {
        "type": "Point",
        "coordinates": [
          73.9547233,
          20.1131713
        ]
      },
      "properties": {
        "name": "Niphad Taluka Solar Plant",
        "type": "solar",
        "capacity_mw": 0,
        "operator": "Unknown",
        "state": "Maharashtra",
        "osm_id": "way/958045670"
      }
    },
    {
      "type": "Feature",
      "geometry": {
        "type": "Point",
        "coordinates": [
          77.030896,
          9.9760583
        ]
      },
      "properties": {
        "name": "Sengulam",
        "type": "hydro",
        "capacity_mw": 48.0,
        "operator": "Unknown",
        "state": "Kerala",
        "osm_id": "way/958363684"
      }
    },
    {
      "type": "Feature",
      "geometry": {
        "type": "Point",
        "coordinates": [
          77.0280393,
          9.9732776
        ]
      },
      "properties": {
        "name": "Panniyaar Hydroelectric Power station",
        "type": "hydro",
        "capacity_mw": 0,
        "operator": "KSEB",
        "state": "Kerala",
        "osm_id": "way/958583370"
      }
    },
    {
      "type": "Feature",
      "geometry": {
        "type": "Point",
        "coordinates": [
          91.1950989,
          23.6260457
        ]
      },
      "properties": {
        "name": "Rokhia Power Plant",
        "type": "gas",
        "capacity_mw": 0,
        "operator": "Unknown",
        "state": "Tripura",
        "osm_id": "way/959943258"
      }
    },
    {
      "type": "Feature",
      "geometry": {
        "type": "Point",
        "coordinates": [
          81.3801124,
          21.2437199
        ]
      },
      "properties": {
        "name": "Durg Tahsil Solar Plant",
        "type": "solar",
        "capacity_mw": 0.7,
        "operator": "Unknown",
        "state": "Chhattisgarh",
        "osm_id": "way/961410202"
      }
    },
    {
      "type": "Feature",
      "geometry": {
        "type": "Point",
        "coordinates": [
          77.1373632,
          8.6228825
        ]
      },
      "properties": {
        "name": "Generation Section, Kerala State Electricity Board Limited, Peppara",
        "type": "hydro",
        "capacity_mw": 0,
        "operator": "Unknown",
        "state": "Kerala",
        "osm_id": "way/961629968"
      }
    },
    {
      "type": "Feature",
      "geometry": {
        "type": "Point",
        "coordinates": [
          77.8322138,
          8.9455978
        ]
      },
      "properties": {
        "name": "Kovilpatti Solar Plant",
        "type": "solar",
        "capacity_mw": 15.6,
        "operator": "Unknown",
        "state": "Tamil Nadu",
        "osm_id": "way/964184651"
      }
    },
    {
      "type": "Feature",
      "geometry": {
        "type": "Point",
        "coordinates": [
          77.8381804,
          8.9319097
        ]
      },
      "properties": {
        "name": "Ottapidaram Solar Plant",
        "type": "solar",
        "capacity_mw": 0,
        "operator": "Unknown",
        "state": "Tamil Nadu",
        "osm_id": "way/964222299"
      }
    },
    {
      "type": "Feature",
      "geometry": {
        "type": "Point",
        "coordinates": [
          79.3583492,
          25.711086
        ]
      },
      "properties": {
        "name": "Garautha Solar Plant",
        "type": "solar",
        "capacity_mw": 0,
        "operator": "Unknown",
        "state": "Uttar Pradesh",
        "osm_id": "way/964875824"
      }
    },
    {
      "type": "Feature",
      "geometry": {
        "type": "Point",
        "coordinates": [
          70.8577125,
          26.8713227
        ]
      },
      "properties": {
        "name": "Jaisalmer Civil Air Enclave Solar Farm",
        "type": "solar",
        "capacity_mw": 0,
        "operator": "Unknown",
        "state": "Rajasthan",
        "osm_id": "way/965352419"
      }
    },
    {
      "type": "Feature",
      "geometry": {
        "type": "Point",
        "coordinates": [
          84.04826,
          21.7209534
        ]
      },
      "properties": {
        "name": "Thelkoloi Solar Plant",
        "type": "solar",
        "capacity_mw": 0,
        "operator": "Unknown",
        "state": "Odisha",
        "osm_id": "way/966795642"
      }
    },
    {
      "type": "Feature",
      "geometry": {
        "type": "Point",
        "coordinates": [
          74.1875606,
          26.2631026
        ]
      },
      "properties": {
        "name": "Shree Ras Cement Power Station",
        "type": "coal",
        "capacity_mw": 0,
        "operator": "Shree Cement Limited",
        "state": "Rajasthan",
        "osm_id": "way/968962951"
      }
    },
    {
      "type": "Feature",
      "geometry": {
        "type": "Point",
        "coordinates": [
          76.8755935,
          29.4675506
        ]
      },
      "properties": {
        "name": "IOCL Panipat Captive Power Plant",
        "type": "gas",
        "capacity_mw": 120.0,
        "operator": "Indian Oil Corporation Limited",
        "state": "Haryana",
        "osm_id": "way/969637161"
      }
    },
    {
      "type": "Feature",
      "geometry": {
        "type": "Point",
        "coordinates": [
          78.9215134,
          9.3277629
        ]
      },
      "properties": {
        "name": "Valantharavai Combined Cycle Gas Power Plant",
        "type": "gas",
        "capacity_mw": 0,
        "operator": "Unknown",
        "state": "Tamil Nadu",
        "osm_id": "way/969654405"
      }
    },
    {
      "type": "Feature",
      "geometry": {
        "type": "Point",
        "coordinates": [
          78.9236856,
          9.3278345
        ]
      },
      "properties": {
        "name": "Arkay Valantharvi Power Plant",
        "type": "gas",
        "capacity_mw": 150.0,
        "operator": "Unknown",
        "state": "Tamil Nadu",
        "osm_id": "way/969657153"
      }
    },
    {
      "type": "Feature",
      "geometry": {
        "type": "Point",
        "coordinates": [
          77.5132066,
          13.5515189
        ]
      },
      "properties": {
        "name": "Gauribidanuru taluk Solar Plant",
        "type": "solar",
        "capacity_mw": 0,
        "operator": "Unknown",
        "state": "Karnataka",
        "osm_id": "way/970716794"
      }
    },
    {
      "type": "Feature",
      "geometry": {
        "type": "Point",
        "coordinates": [
          93.8168666,
          27.3419703
        ]
      },
      "properties": {
        "name": "RANGANADI",
        "type": "hydro",
        "capacity_mw": 405.0,
        "operator": "NEEPCO",
        "state": "Arunachal Pradesh",
        "osm_id": "way/971209669"
      }
    },
    {
      "type": "Feature",
      "geometry": {
        "type": "Point",
        "coordinates": [
          95.4244646,
          27.4702347
        ]
      },
      "properties": {
        "name": "Tinsukia Unknown Plant",
        "type": "unknown",
        "capacity_mw": 0,
        "operator": "Unknown",
        "state": "Assam",
        "osm_id": "way/971209674"
      }
    },
    {
      "type": "Feature",
      "geometry": {
        "type": "Point",
        "coordinates": [
          78.2760439,
          14.9148641
        ]
      },
      "properties": {
        "name": "Kadapa Ultra Mega Solar Park",
        "type": "solar",
        "capacity_mw": 1000,
        "operator": "Andhra Pradesh Solar Power Corporation",
        "state": "Andhra Pradesh",
        "osm_id": "way/971277366"
      }
    },
    {
      "type": "Feature",
      "geometry": {
        "type": "Point",
        "coordinates": [
          92.7105385,
          11.6106923
        ]
      },
      "properties": {
        "name": "NTPC 5 MW Solar Photo-Voltaic",
        "type": "solar",
        "capacity_mw": 5.0,
        "operator": "NTPC",
        "state": "Andaman and Nicobar",
        "osm_id": "way/971281908"
      }
    },
    {
      "type": "Feature",
      "geometry": {
        "type": "Point",
        "coordinates": [
          76.8304839,
          10.7943762
        ]
      },
      "properties": {
        "name": "Palakkad Solar Plant",
        "type": "solar",
        "capacity_mw": 1.0,
        "operator": "Ahalia Group",
        "state": "Kerala",
        "osm_id": "way/971286669"
      }
    },
    {
      "type": "Feature",
      "geometry": {
        "type": "Point",
        "coordinates": [
          78.1815527,
          13.9064369
        ]
      },
      "properties": {
        "name": "Ahalia Arkha Solar Power Private Limited",
        "type": "solar",
        "capacity_mw": 0,
        "operator": "Unknown",
        "state": "Andhra Pradesh",
        "osm_id": "way/971289786"
      }
    },
    {
      "type": "Feature",
      "geometry": {
        "type": "Point",
        "coordinates": [
          93.1160564,
          23.6047582
        ]
      },
      "properties": {
        "name": "Vankal Solar Park",
        "type": "solar",
        "capacity_mw": 20.0,
        "operator": "Power & Electricity Department",
        "state": "Mizoram",
        "osm_id": "way/971291752"
      }
    },
    {
      "type": "Feature",
      "geometry": {
        "type": "Point",
        "coordinates": [
          85.9999117,
          20.9738922
        ]
      },
      "properties": {
        "name": "Kalinganagar Tata Steel Power Station",
        "type": "unknown",
        "capacity_mw": 0,
        "operator": "Unknown",
        "state": "Odisha",
        "osm_id": "way/971787011"
      }
    },
    {
      "type": "Feature",
      "geometry": {
        "type": "Point",
        "coordinates": [
          74.6336319,
          24.6569871
        ]
      },
      "properties": {
        "name": "Wonder Cement Power Station",
        "type": "unknown",
        "capacity_mw": 0,
        "operator": "Unknown",
        "state": "Rajasthan",
        "osm_id": "way/971801902"
      }
    },
    {
      "type": "Feature",
      "geometry": {
        "type": "Point",
        "coordinates": [
          69.7369145,
          22.3251255
        ]
      },
      "properties": {
        "name": "Vadinar Power Plant",
        "type": "coal",
        "capacity_mw": 612.0,
        "operator": "Unknown",
        "state": "Gujarat",
        "osm_id": "way/971811809"
      }
    },
    {
      "type": "Feature",
      "geometry": {
        "type": "Point",
        "coordinates": [
          73.4521329,
          18.9367388
        ]
      },
      "properties": {
        "name": "TATA Bhivpuri Hydroelectric Power Plant",
        "type": "hydro",
        "capacity_mw": 0,
        "operator": "Unknown",
        "state": "Maharashtra",
        "osm_id": "way/972353126"
      }
    },
    {
      "type": "Feature",
      "geometry": {
        "type": "Point",
        "coordinates": [
          72.3388481,
          23.2435023
        ]
      },
      "properties": {
        "name": "Shiyapura Hydro Power Plant No.1",
        "type": "hydro",
        "capacity_mw": 0,
        "operator": "Unknown",
        "state": "Gujarat",
        "osm_id": "way/973430690"
      }
    },
    {
      "type": "Feature",
      "geometry": {
        "type": "Point",
        "coordinates": [
          81.7575667,
          26.4230635
        ]
      },
      "properties": {
        "name": "Musafirkhana Solar Plant",
        "type": "solar",
        "capacity_mw": 0,
        "operator": "Unknown",
        "state": "Uttar Pradesh",
        "osm_id": "way/975411726"
      }
    },
    {
      "type": "Feature",
      "geometry": {
        "type": "Point",
        "coordinates": [
          76.304732,
          15.3687404
        ]
      },
      "properties": {
        "name": "Koppala taluku Solar Plant",
        "type": "solar",
        "capacity_mw": 0,
        "operator": "Unknown",
        "state": "Karnataka",
        "osm_id": "way/976162760"
      }
    },
    {
      "type": "Feature",
      "geometry": {
        "type": "Point",
        "coordinates": [
          72.3578878,
          23.0149099
        ]
      },
      "properties": {
        "name": "Sanand Taluka Solar Plant",
        "type": "solar",
        "capacity_mw": 0,
        "operator": "Unknown",
        "state": "Gujarat",
        "osm_id": "way/976280307"
      }
    },
    {
      "type": "Feature",
      "geometry": {
        "type": "Point",
        "coordinates": [
          79.7397391,
          21.6805053
        ]
      },
      "properties": {
        "name": "Khathitola",
        "type": "solar",
        "capacity_mw": 0.5,
        "operator": "Unknown",
        "state": "Madhya Pradesh",
        "osm_id": "way/999254219"
      }
    },
    {
      "type": "Feature",
      "geometry": {
        "type": "Point",
        "coordinates": [
          79.4378594,
          25.4150578
        ]
      },
      "properties": {
        "name": "Kulpahar Solar Plant",
        "type": "solar",
        "capacity_mw": 0,
        "operator": "Unknown",
        "state": "Uttar Pradesh",
        "osm_id": "way/980432371"
      }
    },
    {
      "type": "Feature",
      "geometry": {
        "type": "Point",
        "coordinates": [
          79.4302062,
          25.8495673
        ]
      },
      "properties": {
        "name": "Orai Solar Plant",
        "type": "solar",
        "capacity_mw": 15.0,
        "operator": "Unknown",
        "state": "Uttar Pradesh",
        "osm_id": "way/980624054"
      }
    },
    {
      "type": "Feature",
      "geometry": {
        "type": "Point",
        "coordinates": [
          77.481,
          13.981
        ]
      },
      "properties": {
        "name": "Kalpi Solar Plant",
        "type": "solar",
        "capacity_mw": 40.0,
        "operator": "Unknown",
        "state": "Uttar Pradesh",
        "osm_id": "way/980624055"
      }
    },
    {
      "type": "Feature",
      "geometry": {
        "type": "Point",
        "coordinates": [
          87.1311,
          23.4639
        ]
      },
      "properties": {
        "name": "Meja Solar Plant",
        "type": "solar",
        "capacity_mw": 1340.0,
        "operator": "Unknown",
        "state": "Uttar Pradesh",
        "osm_id": "way/980992278"
      }
    },
    {
      "type": "Feature",
      "geometry": {
        "type": "Point",
        "coordinates": [
          80.8268518,
          17.9582097
        ]
      },
      "properties": {
        "name": "Manuguru mandal Solar Plant",
        "type": "solar",
        "capacity_mw": 0,
        "operator": "Unknown",
        "state": "Telangana",
        "osm_id": "way/982784431"
      }
    },
    {
      "type": "Feature",
      "geometry": {
        "type": "Point",
        "coordinates": [
          81.171049,
          21.1558544
        ]
      },
      "properties": {
        "name": "Rajnandgaon Tahsil Solar Plant",
        "type": "solar",
        "capacity_mw": 0,
        "operator": "Unknown",
        "state": "Chhattisgarh",
        "osm_id": "way/982785703"
      }
    },
    {
      "type": "Feature",
      "geometry": {
        "type": "Point",
        "coordinates": [
          76.3027908,
          10.0707157
        ]
      },
      "properties": {
        "name": "BSES Kerala Power Limited",
        "type": "gas",
        "capacity_mw": 173.0,
        "operator": "BSES",
        "state": "Kerala",
        "osm_id": "way/982933510"
      }
    },
    {
      "type": "Feature",
      "geometry": {
        "type": "Point",
        "coordinates": [
          85.3836179,
          22.1341017
        ]
      },
      "properties": {
        "name": "Barbil Coal Plant",
        "type": "coal",
        "capacity_mw": 0,
        "operator": "Unknown",
        "state": "Odisha",
        "osm_id": "way/983237669"
      }
    },
    {
      "type": "Feature",
      "geometry": {
        "type": "Point",
        "coordinates": [
          76.38,
          25.06
        ]
      },
      "properties": {
        "name": "Barang Solar Plant",
        "type": "solar",
        "capacity_mw": 26.3,
        "operator": "Unknown",
        "state": "Odisha",
        "osm_id": "way/983644955"
      }
    },
    {
      "type": "Feature",
      "geometry": {
        "type": "Point",
        "coordinates": [
          70.9533884,
          20.7071175
        ]
      },
      "properties": {
        "name": "Diu Solar Plant",
        "type": "solar",
        "capacity_mw": 9.0,
        "operator": "Unknown",
        "state": "Daman and Diu",
        "osm_id": "way/983693307"
      }
    },
    {
      "type": "Feature",
      "geometry": {
        "type": "Point",
        "coordinates": [
          70.9434897,
          21.9891432
        ]
      },
      "properties": {
        "name": "Kotda Sangani Taluka Solar Plant",
        "type": "solar",
        "capacity_mw": 0,
        "operator": "Unknown",
        "state": "Gujarat",
        "osm_id": "way/983694706"
      }
    },
    {
      "type": "Feature",
      "geometry": {
        "type": "Point",
        "coordinates": [
          74.5508449,
          16.4483227
        ]
      },
      "properties": {
        "name": "Chikkodi",
        "type": "solar",
        "capacity_mw": 20.0,
        "operator": "Unknown",
        "state": "Karnataka",
        "osm_id": "way/983799813"
      }
    },
    {
      "type": "Feature",
      "geometry": {
        "type": "Point",
        "coordinates": [
          74.9216804,
          16.4135272
        ]
      },
      "properties": {
        "name": "Raybag taluk Solar Plant",
        "type": "solar",
        "capacity_mw": 0,
        "operator": "Unknown",
        "state": "Karnataka",
        "osm_id": "way/983800602"
      }
    },
    {
      "type": "Feature",
      "geometry": {
        "type": "Point",
        "coordinates": [
          71.5784007,
          23.6685985
        ]
      },
      "properties": {
        "name": "Bhadrada",
        "type": "solar",
        "capacity_mw": 5.0,
        "operator": "Unknown",
        "state": "Gujarat",
        "osm_id": "way/984065792"
      }
    },
    {
      "type": "Feature",
      "geometry": {
        "type": "Point",
        "coordinates": [
          71.545864,
          23.6669009
        ]
      },
      "properties": {
        "name": "Sami Taluka Solar Plant",
        "type": "solar",
        "capacity_mw": 5.0,
        "operator": "Lanco Solar Energy Private Limited",
        "state": "Gujarat",
        "osm_id": "way/984065809"
      }
    },
    {
      "type": "Feature",
      "geometry": {
        "type": "Point",
        "coordinates": [
          70.4128923,
          22.039113
        ]
      },
      "properties": {
        "name": "Kalavad Taluka Solar Plant",
        "type": "solar",
        "capacity_mw": 0,
        "operator": "Unknown",
        "state": "Gujarat",
        "osm_id": "way/984376932"
      }
    },
    {
      "type": "Feature",
      "geometry": {
        "type": "Point",
        "coordinates": [
          77.4913332,
          15.3623909
        ]
      },
      "properties": {
        "name": "Puchakayala",
        "type": "solar",
        "capacity_mw": 20.0,
        "operator": "Unknown",
        "state": "Andhra Pradesh",
        "osm_id": "way/984460673"
      }
    },
    {
      "type": "Feature",
      "geometry": {
        "type": "Point",
        "coordinates": [
          72.4235541,
          27.1313794
        ]
      },
      "properties": {
        "name": "Phalodi Tehsil Solar Plant",
        "type": "solar",
        "capacity_mw": 0,
        "operator": "Unknown",
        "state": "Rajasthan",
        "osm_id": "way/984742142"
      }
    },
    {
      "type": "Feature",
      "geometry": {
        "type": "Point",
        "coordinates": [
          76.1265461,
          14.8062866
        ]
      },
      "properties": {
        "name": "Harapanahalli GSC",
        "type": "solar",
        "capacity_mw": 4.0,
        "operator": "Unknown",
        "state": "Karnataka",
        "osm_id": "way/984757737"
      }
    },
    {
      "type": "Feature",
      "geometry": {
        "type": "Point",
        "coordinates": [
          76.1011926,
          14.8059079
        ]
      },
      "properties": {
        "name": "Harapanahalli taluku Solar Plant",
        "type": "solar",
        "capacity_mw": 4.0,
        "operator": "Unknown",
        "state": "Karnataka",
        "osm_id": "way/984757740"
      }
    },
    {
      "type": "Feature",
      "geometry": {
        "type": "Point",
        "coordinates": [
          76.0849839,
          14.7927563
        ]
      },
      "properties": {
        "name": "Harapanahalli RBW",
        "type": "solar",
        "capacity_mw": 14.0,
        "operator": "Unknown",
        "state": "Karnataka",
        "osm_id": "way/984757744"
      }
    },
    {
      "type": "Feature",
      "geometry": {
        "type": "Point",
        "coordinates": [
          76.5410801,
          13.9775535
        ]
      },
      "properties": {
        "name": "Hiriyuru taluk Solar Plant",
        "type": "solar",
        "capacity_mw": 0,
        "operator": "Unknown",
        "state": "Karnataka",
        "osm_id": "way/984758954"
      }
    },
    {
      "type": "Feature",
      "geometry": {
        "type": "Point",
        "coordinates": [
          76.6488916,
          13.6878955
        ]
      },
      "properties": {
        "name": "Chikkanayakanahalli taluk Solar Plant",
        "type": "solar",
        "capacity_mw": 20.0,
        "operator": "Unknown",
        "state": "Karnataka",
        "osm_id": "way/984760038"
      }
    },
    {
      "type": "Feature",
      "geometry": {
        "type": "Point",
        "coordinates": [
          76.372034,
          13.989578
        ]
      },
      "properties": {
        "name": "Holalkere",
        "type": "solar",
        "capacity_mw": 20.0,
        "operator": "Unknown",
        "state": "Karnataka",
        "osm_id": "way/984760045"
      }
    },
    {
      "type": "Feature",
      "geometry": {
        "type": "Point",
        "coordinates": [
          76.3765455,
          13.9938359
        ]
      },
      "properties": {
        "name": "Holalkere taluk Solar Plant",
        "type": "solar",
        "capacity_mw": 0,
        "operator": "Unknown",
        "state": "Karnataka",
        "osm_id": "way/984760046"
      }
    },
    {
      "type": "Feature",
      "geometry": {
        "type": "Point",
        "coordinates": [
          76.7420312,
          13.2694757
        ]
      },
      "properties": {
        "name": "Turuvekere",
        "type": "solar",
        "capacity_mw": 20.0,
        "operator": "Unknown",
        "state": "Karnataka",
        "osm_id": "way/984760740"
      }
    },
    {
      "type": "Feature",
      "geometry": {
        "type": "Point",
        "coordinates": [
          75.5549151,
          16.6225578
        ]
      },
      "properties": {
        "name": "Babaleshwara taluk Solar Plant",
        "type": "solar",
        "capacity_mw": 0,
        "operator": "Unknown",
        "state": "Karnataka",
        "osm_id": "way/984767400"
      }
    },
    {
      "type": "Feature",
      "geometry": {
        "type": "Point",
        "coordinates": [
          74.6641302,
          16.4024419
        ]
      },
      "properties": {
        "name": "Itnal",
        "type": "solar",
        "capacity_mw": 3.0,
        "operator": "Unknown",
        "state": "Karnataka",
        "osm_id": "way/984816618"
      }
    },
    {
      "type": "Feature",
      "geometry": {
        "type": "Point",
        "coordinates": [
          74.7737069,
          16.3734527
        ]
      },
      "properties": {
        "name": "Raibagh",
        "type": "solar",
        "capacity_mw": 15.0,
        "operator": "Unknown",
        "state": "Karnataka",
        "osm_id": "way/984816619"
      }
    },
    {
      "type": "Feature",
      "geometry": {
        "type": "Point",
        "coordinates": [
          76.4587447,
          14.5563304
        ]
      },
      "properties": {
        "name": "Vedanta Energy Solar pvt ltd",
        "type": "solar",
        "capacity_mw": 0,
        "operator": "Unknown",
        "state": "Karnataka",
        "osm_id": "way/984818610"
      }
    },
    {
      "type": "Feature",
      "geometry": {
        "type": "Point",
        "coordinates": [
          76.7302904,
          14.4999321
        ]
      },
      "properties": {
        "name": "Challakere taluku Solar Plant",
        "type": "solar",
        "capacity_mw": 0,
        "operator": "Unknown",
        "state": "Karnataka",
        "osm_id": "way/984818611"
      }
    },
    {
      "type": "Feature",
      "geometry": {
        "type": "Point",
        "coordinates": [
          77.2030695,
          14.3921336
        ]
      },
      "properties": {
        "name": "Kambadur",
        "type": "solar",
        "capacity_mw": 11.0,
        "operator": "Unknown",
        "state": "Andhra Pradesh",
        "osm_id": "way/984822027"
      }
    },
    {
      "type": "Feature",
      "geometry": {
        "type": "Point",
        "coordinates": [
          76.4343752,
          14.5226559
        ]
      },
      "properties": {
        "name": "Jagaluru taluku Solar Plant",
        "type": "solar",
        "capacity_mw": 0,
        "operator": "Unknown",
        "state": "Karnataka",
        "osm_id": "way/984822028"
      }
    },
    {
      "type": "Feature",
      "geometry": {
        "type": "Point",
        "coordinates": [
          78.103,
          9.119
        ]
      },
      "properties": {
        "name": "Kamalapuram Solar Plant",
        "type": "solar",
        "capacity_mw": 10.0,
        "operator": "Unknown",
        "state": "Andhra Pradesh",
        "osm_id": "way/984822029"
      }
    },
    {
      "type": "Feature",
      "geometry": {
        "type": "Point",
        "coordinates": [
          78.2146203,
          14.5881753
        ]
      },
      "properties": {
        "name": "Lomada",
        "type": "solar",
        "capacity_mw": 30.0,
        "operator": "Unknown",
        "state": "Andhra Pradesh",
        "osm_id": "way/984822030"
      }
    },
    {
      "type": "Feature",
      "geometry": {
        "type": "Point",
        "coordinates": [
          77.8426382,
          14.5660663
        ]
      },
      "properties": {
        "name": "Tadimarri Solar Plant",
        "type": "solar",
        "capacity_mw": 0,
        "operator": "Unknown",
        "state": "Andhra Pradesh",
        "osm_id": "way/984822031"
      }
    },
    {
      "type": "Feature",
      "geometry": {
        "type": "Point",
        "coordinates": [
          77.1857384,
          14.5765513
        ]
      },
      "properties": {
        "name": "Boram Palli",
        "type": "solar",
        "capacity_mw": 20.0,
        "operator": "Unknown",
        "state": "Andhra Pradesh",
        "osm_id": "way/984822032"
      }
    },
    {
      "type": "Feature",
      "geometry": {
        "type": "Point",
        "coordinates": [
          77.4487022,
          13.687958
        ]
      },
      "properties": {
        "name": "Madhugiri taluk Solar Plant",
        "type": "solar",
        "capacity_mw": 0,
        "operator": "Unknown",
        "state": "Andhra Pradesh",
        "osm_id": "way/984829510"
      }
    },
    {
      "type": "Feature",
      "geometry": {
        "type": "Point",
        "coordinates": [
          77.3406239,
          13.8341669
        ]
      },
      "properties": {
        "name": "Madhugiri taluk Solar Plant",
        "type": "solar",
        "capacity_mw": 0,
        "operator": "Unknown",
        "state": "Karnataka",
        "osm_id": "way/984829514"
      }
    },
    {
      "type": "Feature",
      "geometry": {
        "type": "Point",
        "coordinates": [
          78.1056462,
          13.7616607
        ]
      },
      "properties": {
        "name": "Bagepalli taluk Solar Plant",
        "type": "solar",
        "capacity_mw": 0,
        "operator": "Unknown",
        "state": "Karnataka",
        "osm_id": "way/984829517"
      }
    },
    {
      "type": "Feature",
      "geometry": {
        "type": "Point",
        "coordinates": [
          78.4237254,
          13.7314279
        ]
      },
      "properties": {
        "name": "Thamballapalle Solar Plant",
        "type": "solar",
        "capacity_mw": 0,
        "operator": "Unknown",
        "state": "Andhra Pradesh",
        "osm_id": "way/984829518"
      }
    },
    {
      "type": "Feature",
      "geometry": {
        "type": "Point",
        "coordinates": [
          78.6206826,
          13.7408806
        ]
      },
      "properties": {
        "name": "Gurramkonda Solar Plant",
        "type": "solar",
        "capacity_mw": 0,
        "operator": "Unknown",
        "state": "Andhra Pradesh",
        "osm_id": "way/984829519"
      }
    },
    {
      "type": "Feature",
      "geometry": {
        "type": "Point",
        "coordinates": [
          77.0444208,
          14.0234985
        ]
      },
      "properties": {
        "name": "Basavanahalli",
        "type": "solar",
        "capacity_mw": 10.0,
        "operator": "Unknown",
        "state": "Andhra Pradesh",
        "osm_id": "way/984829520"
      }
    },
    {
      "type": "Feature",
      "geometry": {
        "type": "Point",
        "coordinates": [
          76.9396377,
          14.024771
        ]
      },
      "properties": {
        "name": "Sira taluk Solar Plant",
        "type": "solar",
        "capacity_mw": 0,
        "operator": "Unknown",
        "state": "Andhra Pradesh",
        "osm_id": "way/984829521"
      }
    },
    {
      "type": "Feature",
      "geometry": {
        "type": "Point",
        "coordinates": [
          76.868653,
          12.8942132
        ]
      },
      "properties": {
        "name": "Nagamangala taluk Solar Plant",
        "type": "solar",
        "capacity_mw": 0,
        "operator": "Unknown",
        "state": "Karnataka",
        "osm_id": "way/984833499"
      }
    },
    {
      "type": "Feature",
      "geometry": {
        "type": "Point",
        "coordinates": [
          78.038883,
          12.880298
        ]
      },
      "properties": {
        "name": "Maluru taluk Solar Plant",
        "type": "solar",
        "capacity_mw": 0,
        "operator": "Unknown",
        "state": "Karnataka",
        "osm_id": "way/984833500"
      }
    },
    {
      "type": "Feature",
      "geometry": {
        "type": "Point",
        "coordinates": [
          76.57821,
          12.7968171
        ]
      },
      "properties": {
        "name": "Krishnarajapete taluk Solar Plant",
        "type": "solar",
        "capacity_mw": 0,
        "operator": "Unknown",
        "state": "Karnataka",
        "osm_id": "way/984873914"
      }
    },
    {
      "type": "Feature",
      "geometry": {
        "type": "Point",
        "coordinates": [
          78.1004548,
          13.5141514
        ]
      },
      "properties": {
        "name": "Chintamani taluk Solar Plant",
        "type": "solar",
        "capacity_mw": 0,
        "operator": "Unknown",
        "state": "Karnataka",
        "osm_id": "way/984873916"
      }
    },
    {
      "type": "Feature",
      "geometry": {
        "type": "Point",
        "coordinates": [
          77.3780876,
          12.4034079
        ]
      },
      "properties": {
        "name": "Kanakapura taluk Solar Plant",
        "type": "solar",
        "capacity_mw": 0,
        "operator": "Unknown",
        "state": "Karnataka",
        "osm_id": "way/984875147"
      }
    },
    {
      "type": "Feature",
      "geometry": {
        "type": "Point",
        "coordinates": [
          76.3774805,
          17.6085507
        ]
      },
      "properties": {
        "name": "Wagdari",
        "type": "solar",
        "capacity_mw": 50.0,
        "operator": "Unknown",
        "state": "Maharashtra",
        "osm_id": "way/984974640"
      }
    },
    {
      "type": "Feature",
      "geometry": {
        "type": "Point",
        "coordinates": [
          75.5827551,
          17.7926235
        ]
      },
      "properties": {
        "name": "Mohol Solar Plant",
        "type": "solar",
        "capacity_mw": 0,
        "operator": "Unknown",
        "state": "Maharashtra",
        "osm_id": "way/984974645"
      }
    },
    {
      "type": "Feature",
      "geometry": {
        "type": "Point",
        "coordinates": [
          76.2462598,
          17.8009909
        ]
      },
      "properties": {
        "name": "Andur",
        "type": "solar",
        "capacity_mw": 7.0,
        "operator": "Unknown",
        "state": "Maharashtra",
        "osm_id": "way/984974646"
      }
    },
    {
      "type": "Feature",
      "geometry": {
        "type": "Point",
        "coordinates": [
          76.3242598,
          17.9051885
        ]
      },
      "properties": {
        "name": "Horti",
        "type": "solar",
        "capacity_mw": 20.0,
        "operator": "Unknown",
        "state": "Maharashtra",
        "osm_id": "way/984974647"
      }
    },
    {
      "type": "Feature",
      "geometry": {
        "type": "Point",
        "coordinates": [
          75.9379292,
          18.1838147
        ]
      },
      "properties": {
        "name": "Barshi Solar Plant",
        "type": "solar",
        "capacity_mw": 0,
        "operator": "Unknown",
        "state": "Maharashtra",
        "osm_id": "way/984974654"
      }
    },
    {
      "type": "Feature",
      "geometry": {
        "type": "Point",
        "coordinates": [
          75.9524452,
          18.1761979
        ]
      },
      "properties": {
        "name": "Kaudgaon Solar Plant",
        "type": "solar",
        "capacity_mw": 100.0,
        "operator": "MahaGenco",
        "state": "Maharashtra",
        "osm_id": "way/984974655"
      }
    },
    {
      "type": "Feature",
      "geometry": {
        "type": "Point",
        "coordinates": [
          73.8583066,
          18.5976678
        ]
      },
      "properties": {
        "name": "Haveli Solar Plant",
        "type": "solar",
        "capacity_mw": 0,
        "operator": "Unknown",
        "state": "Maharashtra",
        "osm_id": "way/984974660"
      }
    },
    {
      "type": "Feature",
      "geometry": {
        "type": "Point",
        "coordinates": [
          75.038158,
          18.6050793
        ]
      },
      "properties": {
        "name": "Karjat Solar Plant",
        "type": "solar",
        "capacity_mw": 5.2,
        "operator": "Firestone Trading Private Limited",
        "state": "Maharashtra",
        "osm_id": "way/984974661"
      }
    },
    {
      "type": "Feature",
      "geometry": {
        "type": "Point",
        "coordinates": [
          75.5844281,
          18.8925517
        ]
      },
      "properties": {
        "name": "Patoda Solar Plant",
        "type": "solar",
        "capacity_mw": 0,
        "operator": "Unknown",
        "state": "Maharashtra",
        "osm_id": "way/984974662"
      }
    },
    {
      "type": "Feature",
      "geometry": {
        "type": "Point",
        "coordinates": [
          76.6714329,
          18.8972154
        ]
      },
      "properties": {
        "name": "Gangakhed Solar Plant",
        "type": "solar",
        "capacity_mw": 40.0,
        "operator": "Unknown",
        "state": "Maharashtra",
        "osm_id": "way/984974663"
      }
    },
    {
      "type": "Feature",
      "geometry": {
        "type": "Point",
        "coordinates": [
          74.390575,
          19.2696954
        ]
      },
      "properties": {
        "name": "Parner Solar Plant",
        "type": "solar",
        "capacity_mw": 0,
        "operator": "Unknown",
        "state": "Maharashtra",
        "osm_id": "way/984974669"
      }
    },
    {
      "type": "Feature",
      "geometry": {
        "type": "Point",
        "coordinates": [
          76.4636259,
          19.2977662
        ]
      },
      "properties": {
        "name": "Manwath Solar Plant",
        "type": "solar",
        "capacity_mw": 0,
        "operator": "Unknown",
        "state": "Maharashtra",
        "osm_id": "way/984974670"
      }
    },
    {
      "type": "Feature",
      "geometry": {
        "type": "Point",
        "coordinates": [
          76.4022329,
          19.8297876
        ]
      },
      "properties": {
        "name": "Mantha Solar Plant",
        "type": "solar",
        "capacity_mw": 0,
        "operator": "Unknown",
        "state": "Maharashtra",
        "osm_id": "way/984974672"
      }
    },
    {
      "type": "Feature",
      "geometry": {
        "type": "Point",
        "coordinates": [
          74.0369296,
          19.8598735
        ]
      },
      "properties": {
        "name": "Sinnar Taluka Solar Plant",
        "type": "solar",
        "capacity_mw": 0,
        "operator": "Unknown",
        "state": "Maharashtra",
        "osm_id": "way/984974673"
      }
    },
    {
      "type": "Feature",
      "geometry": {
        "type": "Point",
        "coordinates": [
          76.673981,
          20.6451804
        ]
      },
      "properties": {
        "name": "Khamgaon Solar Plant",
        "type": "solar",
        "capacity_mw": 0,
        "operator": "Unknown",
        "state": "Maharashtra",
        "osm_id": "way/984974674"
      }
    },
    {
      "type": "Feature",
      "geometry": {
        "type": "Point",
        "coordinates": [
          74.9630119,
          20.8777836
        ]
      },
      "properties": {
        "name": "Dhule Taluka Solar Plant",
        "type": "solar",
        "capacity_mw": 0,
        "operator": "Unknown",
        "state": "Maharashtra",
        "osm_id": "way/984974675"
      }
    },
    {
      "type": "Feature",
      "geometry": {
        "type": "Point",
        "coordinates": [
          78.9636996,
          21.1257778
        ]
      },
      "properties": {
        "name": "Nagpur Solar Plant",
        "type": "solar",
        "capacity_mw": 0,
        "operator": "Unknown",
        "state": "Maharashtra",
        "osm_id": "way/984974676"
      }
    },
    {
      "type": "Feature",
      "geometry": {
        "type": "Point",
        "coordinates": [
          78.2078746,
          21.1017873
        ]
      },
      "properties": {
        "name": "Wardha Solar Plant",
        "type": "solar",
        "capacity_mw": 0,
        "operator": "Unknown",
        "state": "Maharashtra",
        "osm_id": "way/984974677"
      }
    },
    {
      "type": "Feature",
      "geometry": {
        "type": "Point",
        "coordinates": [
          74.2578659,
          20.4336308
        ]
      },
      "properties": {
        "name": "Deola Taluka Solar Plant",
        "type": "solar",
        "capacity_mw": 0,
        "operator": "Unknown",
        "state": "Maharashtra",
        "osm_id": "way/984974678"
      }
    },
    {
      "type": "Feature",
      "geometry": {
        "type": "Point",
        "coordinates": [
          74.3536711,
          20.7906317
        ]
      },
      "properties": {
        "name": "Baglan Taluka Solar Plant",
        "type": "solar",
        "capacity_mw": 0,
        "operator": "Unknown",
        "state": "Maharashtra",
        "osm_id": "way/984974679"
      }
    },
    {
      "type": "Feature",
      "geometry": {
        "type": "Point",
        "coordinates": [
          74.4330382,
          21.0776652
        ]
      },
      "properties": {
        "name": "Sakri Taluka Solar Plant",
        "type": "solar",
        "capacity_mw": 100.0,
        "operator": "Maharashtra State Power Generation Co Ltd (MAHAGENCO)",
        "state": "Maharashtra",
        "osm_id": "way/984974681"
      }
    },
    {
      "type": "Feature",
      "geometry": {
        "type": "Point",
        "coordinates": [
          79.5562171,
          18.5203957
        ]
      },
      "properties": {
        "name": "Srirampur mandal Solar Plant",
        "type": "solar",
        "capacity_mw": 0,
        "operator": "Unknown",
        "state": "Telangana",
        "osm_id": "way/985497100"
      }
    },
    {
      "type": "Feature",
      "geometry": {
        "type": "Point",
        "coordinates": [
          79.6262717,
          18.6873426
        ]
      },
      "properties": {
        "name": "Manthani mandal Solar Plant",
        "type": "solar",
        "capacity_mw": 0,
        "operator": "Unknown",
        "state": "Telangana",
        "osm_id": "way/985497101"
      }
    },
    {
      "type": "Feature",
      "geometry": {
        "type": "Point",
        "coordinates": [
          77.9168361,
          18.7900005
        ]
      },
      "properties": {
        "name": "Renjal",
        "type": "solar",
        "capacity_mw": 15.0,
        "operator": "Unknown",
        "state": "Telangana",
        "osm_id": "way/985497103"
      }
    },
    {
      "type": "Feature",
      "geometry": {
        "type": "Point",
        "coordinates": [
          79.4319999,
          18.9702878
        ]
      },
      "properties": {
        "name": "Mandamarri mandal Solar Plant",
        "type": "solar",
        "capacity_mw": 0,
        "operator": "Unknown",
        "state": "Telangana",
        "osm_id": "way/985497104"
      }
    },
    {
      "type": "Feature",
      "geometry": {
        "type": "Point",
        "coordinates": [
          77.9641234,
          19.0215635
        ]
      },
      "properties": {
        "name": "Mudhole mandal Solar Plant",
        "type": "solar",
        "capacity_mw": 0,
        "operator": "Unknown",
        "state": "Telangana",
        "osm_id": "way/985497106"
      }
    },
    {
      "type": "Feature",
      "geometry": {
        "type": "Point",
        "coordinates": [
          78.1818786,
          18.8633705
        ]
      },
      "properties": {
        "name": "Nandipet Acme",
        "type": "solar",
        "capacity_mw": 15.0,
        "operator": "Unknown",
        "state": "Telangana",
        "osm_id": "way/985497107"
      }
    },
    {
      "type": "Feature",
      "geometry": {
        "type": "Point",
        "coordinates": [
          78.201381,
          18.8946034
        ]
      },
      "properties": {
        "name": "Nandipet SD",
        "type": "solar",
        "capacity_mw": 20.0,
        "operator": "Unknown",
        "state": "Telangana",
        "osm_id": "way/985497108"
      }
    },
    {
      "type": "Feature",
      "geometry": {
        "type": "Point",
        "coordinates": [
          78.2121795,
          18.3615317
        ]
      },
      "properties": {
        "name": "Kamareddy Mytrah",
        "type": "solar",
        "capacity_mw": 50.0,
        "operator": "Unknown",
        "state": "Telangana",
        "osm_id": "way/985499022"
      }
    },
    {
      "type": "Feature",
      "geometry": {
        "type": "Point",
        "coordinates": [
          78.7875563,
          18.0279728
        ]
      },
      "properties": {
        "name": "Bandarupalli A",
        "type": "solar",
        "capacity_mw": 15.0,
        "operator": "Unknown",
        "state": "Telangana",
        "osm_id": "way/985518943"
      }
    },
    {
      "type": "Feature",
      "geometry": {
        "type": "Point",
        "coordinates": [
          78.4536642,
          18.0401938
        ]
      },
      "properties": {
        "name": "Chegunta",
        "type": "solar",
        "capacity_mw": 7.0,
        "operator": "Unknown",
        "state": "Telangana",
        "osm_id": "way/985518944"
      }
    },
    {
      "type": "Feature",
      "geometry": {
        "type": "Point",
        "coordinates": [
          78.41739,
          18.0620592
        ]
      },
      "properties": {
        "name": "Shankapur",
        "type": "solar",
        "capacity_mw": 5.0,
        "operator": "Unknown",
        "state": "Telangana",
        "osm_id": "way/985518945"
      }
    },
    {
      "type": "Feature",
      "geometry": {
        "type": "Point",
        "coordinates": [
          78.4074041,
          18.0554653
        ]
      },
      "properties": {
        "name": "Medak Rays",
        "type": "solar",
        "capacity_mw": 5.0,
        "operator": "Unknown",
        "state": "Telangana",
        "osm_id": "way/985518946"
      }
    },
    {
      "type": "Feature",
      "geometry": {
        "type": "Point",
        "coordinates": [
          78.2939956,
          18.1517291
        ]
      },
      "properties": {
        "name": "Havelighanpur mandal Solar Plant",
        "type": "solar",
        "capacity_mw": 0,
        "operator": "Unknown",
        "state": "Telangana",
        "osm_id": "way/985518947"
      }
    },
    {
      "type": "Feature",
      "geometry": {
        "type": "Point",
        "coordinates": [
          78.4882459,
          18.1249706
        ]
      },
      "properties": {
        "name": "Ramayampet SD",
        "type": "solar",
        "capacity_mw": 10.0,
        "operator": "Unknown",
        "state": "Telangana",
        "osm_id": "way/985518948"
      }
    },
    {
      "type": "Feature",
      "geometry": {
        "type": "Point",
        "coordinates": [
          79.3114319,
          18.1174684
        ]
      },
      "properties": {
        "name": "Bheemadevarapalli mandal Solar Plant",
        "type": "solar",
        "capacity_mw": 0,
        "operator": "Unknown",
        "state": "Telangana",
        "osm_id": "way/985518949"
      }
    },
    {
      "type": "Feature",
      "geometry": {
        "type": "Point",
        "coordinates": [
          79.0019264,
          18.22647
        ]
      },
      "properties": {
        "name": "Bejjanki mandal Solar Plant",
        "type": "solar",
        "capacity_mw": 0,
        "operator": "Unknown",
        "state": "Telangana",
        "osm_id": "way/985518952"
      }
    },
    {
      "type": "Feature",
      "geometry": {
        "type": "Point",
        "coordinates": [
          78.3425765,
          18.2319467
        ]
      },
      "properties": {
        "name": "Rajampet mandal Solar Plant",
        "type": "solar",
        "capacity_mw": 0,
        "operator": "Unknown",
        "state": "Telangana",
        "osm_id": "way/985518957"
      }
    },
    {
      "type": "Feature",
      "geometry": {
        "type": "Point",
        "coordinates": [
          78.30868,
          18.2599554
        ]
      },
      "properties": {
        "name": "Kamareddy mandal Solar Plant",
        "type": "solar",
        "capacity_mw": 0,
        "operator": "Unknown",
        "state": "Telangana",
        "osm_id": "way/985518961"
      }
    },
    {
      "type": "Feature",
      "geometry": {
        "type": "Point",
        "coordinates": [
          78.1056918,
          18.2806217
        ]
      },
      "properties": {
        "name": "Lingampet Acme",
        "type": "solar",
        "capacity_mw": 15.0,
        "operator": "Unknown",
        "state": "Telangana",
        "osm_id": "way/985518967"
      }
    },
    {
      "type": "Feature",
      "geometry": {
        "type": "Point",
        "coordinates": [
          79.2037225,
          17.2855783
        ]
      },
      "properties": {
        "name": "Ramannapet mandal Solar Plant",
        "type": "solar",
        "capacity_mw": 0,
        "operator": "Unknown",
        "state": "Telangana",
        "osm_id": "way/985531403"
      }
    },
    {
      "type": "Feature",
      "geometry": {
        "type": "Point",
        "coordinates": [
          79.2046184,
          17.2760942
        ]
      },
      "properties": {
        "name": "Kakkireni Adani",
        "type": "solar",
        "capacity_mw": 50.0,
        "operator": "Unknown",
        "state": "Telangana",
        "osm_id": "way/985531404"
      }
    },
    {
      "type": "Feature",
      "geometry": {
        "type": "Point",
        "coordinates": [
          79.1890205,
          17.2788656
        ]
      },
      "properties": {
        "name": "Kakarani",
        "type": "solar",
        "capacity_mw": 115.0,
        "operator": "Unknown",
        "state": "Telangana",
        "osm_id": "way/985531405"
      }
    },
    {
      "type": "Feature",
      "geometry": {
        "type": "Point",
        "coordinates": [
          79.1470152,
          17.2858472
        ]
      },
      "properties": {
        "name": "Ramannapet",
        "type": "solar",
        "capacity_mw": 15.0,
        "operator": "Unknown",
        "state": "Telangana",
        "osm_id": "way/985531406"
      }
    },
    {
      "type": "Feature",
      "geometry": {
        "type": "Point",
        "coordinates": [
          77.9793477,
          17.3443799
        ]
      },
      "properties": {
        "name": "Vikarabad",
        "type": "solar",
        "capacity_mw": 23.0,
        "operator": "Unknown",
        "state": "Telangana",
        "osm_id": "way/985531407"
      }
    },
    {
      "type": "Feature",
      "geometry": {
        "type": "Point",
        "coordinates": [
          77.6204118,
          17.3437705
        ]
      },
      "properties": {
        "name": "Vikarabad Solar Plant",
        "type": "solar",
        "capacity_mw": 23.0,
        "operator": "Unknown",
        "state": "Telangana",
        "osm_id": "way/985531408"
      }
    },
    {
      "type": "Feature",
      "geometry": {
        "type": "Point",
        "coordinates": [
          77.5366893,
          17.3651641
        ]
      },
      "properties": {
        "name": "Tandur mandal Solar Plant",
        "type": "solar",
        "capacity_mw": 30.0,
        "operator": "Unknown",
        "state": "Telangana",
        "osm_id": "way/985531409"
      }
    },
    {
      "type": "Feature",
      "geometry": {
        "type": "Point",
        "coordinates": [
          77.6289091,
          17.4452579
        ]
      },
      "properties": {
        "name": "Tattapalle A",
        "type": "solar",
        "capacity_mw": 10.0,
        "operator": "Unknown",
        "state": "Telangana",
        "osm_id": "way/985531410"
      }
    },
    {
      "type": "Feature",
      "geometry": {
        "type": "Point",
        "coordinates": [
          79.2587936,
          17.3891232
        ]
      },
      "properties": {
        "name": "Mothkur mandal Solar Plant",
        "type": "solar",
        "capacity_mw": 0,
        "operator": "Unknown",
        "state": "Telangana",
        "osm_id": "way/985531411"
      }
    },
    {
      "type": "Feature",
      "geometry": {
        "type": "Point",
        "coordinates": [
          79.5601397,
          17.5054726
        ]
      },
      "properties": {
        "name": "Waddekothapally",
        "type": "solar",
        "capacity_mw": 42.0,
        "operator": "Unknown",
        "state": "Telangana",
        "osm_id": "way/985531413"
      }
    },
    {
      "type": "Feature",
      "geometry": {
        "type": "Point",
        "coordinates": [
          79.5579055,
          17.5125993
        ]
      },
      "properties": {
        "name": "Peddavangara mandal Solar Plant",
        "type": "solar",
        "capacity_mw": 0,
        "operator": "Unknown",
        "state": "Telangana",
        "osm_id": "way/985531415"
      }
    },
    {
      "type": "Feature",
      "geometry": {
        "type": "Point",
        "coordinates": [
          79.5366837,
          17.5267618
        ]
      },
      "properties": {
        "name": "Kodakandla mandal Solar Plant",
        "type": "solar",
        "capacity_mw": 0,
        "operator": "Unknown",
        "state": "Telangana",
        "osm_id": "way/985531416"
      }
    },
    {
      "type": "Feature",
      "geometry": {
        "type": "Point",
        "coordinates": [
          78.428273,
          17.5720183
        ]
      },
      "properties": {
        "name": "Jeedimetla",
        "type": "solar",
        "capacity_mw": 10.0,
        "operator": "Unknown",
        "state": "Telangana",
        "osm_id": "way/985531417"
      }
    },
    {
      "type": "Feature",
      "geometry": {
        "type": "Point",
        "coordinates": [
          77.8095397,
          17.5861608
        ]
      },
      "properties": {
        "name": "Marpalle mandal Solar Plant",
        "type": "solar",
        "capacity_mw": 0,
        "operator": "Unknown",
        "state": "Telangana",
        "osm_id": "way/985531420"
      }
    },
    {
      "type": "Feature",
      "geometry": {
        "type": "Point",
        "coordinates": [
          77.5458169,
          17.6433166
        ]
      },
      "properties": {
        "name": "Sangareddy Solar Plant",
        "type": "solar",
        "capacity_mw": 0,
        "operator": "Unknown",
        "state": "Telangana",
        "osm_id": "way/985531421"
      }
    },
    {
      "type": "Feature",
      "geometry": {
        "type": "Point",
        "coordinates": [
          77.5545287,
          17.6584016
        ]
      },
      "properties": {
        "name": "Zaheerabad",
        "type": "solar",
        "capacity_mw": 50.0,
        "operator": "Unknown",
        "state": "Telangana",
        "osm_id": "way/985531424"
      }
    },
    {
      "type": "Feature",
      "geometry": {
        "type": "Point",
        "coordinates": [
          77.7231209,
          17.6813924
        ]
      },
      "properties": {
        "name": "Chillkepally",
        "type": "solar",
        "capacity_mw": 8.0,
        "operator": "Unknown",
        "state": "Telangana",
        "osm_id": "way/985531425"
      }
    },
    {
      "type": "Feature",
      "geometry": {
        "type": "Point",
        "coordinates": [
          77.791437,
          17.6681315
        ]
      },
      "properties": {
        "name": "Munipally mandal Solar Plant",
        "type": "solar",
        "capacity_mw": 0,
        "operator": "Unknown",
        "state": "Telangana",
        "osm_id": "way/985531426"
      }
    },
    {
      "type": "Feature",
      "geometry": {
        "type": "Point",
        "coordinates": [
          78.015921,
          17.8662566
        ]
      },
      "properties": {
        "name": "Yerraram",
        "type": "solar",
        "capacity_mw": 0,
        "operator": "Unknown",
        "state": "Telangana",
        "osm_id": "way/985531429"
      }
    },
    {
      "type": "Feature",
      "geometry": {
        "type": "Point",
        "coordinates": [
          78.0173331,
          17.8385048
        ]
      },
      "properties": {
        "name": "Andole mandal Solar Plant",
        "type": "solar",
        "capacity_mw": 0,
        "operator": "Unknown",
        "state": "Telangana",
        "osm_id": "way/985531430"
      }
    },
    {
      "type": "Feature",
      "geometry": {
        "type": "Point",
        "coordinates": [
          80.8601768,
          17.8822436
        ]
      },
      "properties": {
        "name": "Aswapuram mandal Solar Plant",
        "type": "solar",
        "capacity_mw": 0,
        "operator": "Unknown",
        "state": "Telangana",
        "osm_id": "way/985531431"
      }
    },
    {
      "type": "Feature",
      "geometry": {
        "type": "Point",
        "coordinates": [
          77.7565218,
          16.0060805
        ]
      },
      "properties": {
        "name": "Aiza mandal Solar Plant",
        "type": "solar",
        "capacity_mw": 0,
        "operator": "Unknown",
        "state": "Telangana",
        "osm_id": "way/985546645"
      }
    },
    {
      "type": "Feature",
      "geometry": {
        "type": "Point",
        "coordinates": [
          77.7792142,
          16.2667722
        ]
      },
      "properties": {
        "name": "Gadwal mandal Solar Plant",
        "type": "solar",
        "capacity_mw": 0,
        "operator": "Unknown",
        "state": "Telangana",
        "osm_id": "way/985546646"
      }
    },
    {
      "type": "Feature",
      "geometry": {
        "type": "Point",
        "coordinates": [
          78.6617875,
          16.3896313
        ]
      },
      "properties": {
        "name": "Achampet",
        "type": "solar",
        "capacity_mw": 5.0,
        "operator": "Unknown",
        "state": "Telangana",
        "osm_id": "way/985546647"
      }
    },
    {
      "type": "Feature",
      "geometry": {
        "type": "Point",
        "coordinates": [
          78.6764573,
          16.3882096
        ]
      },
      "properties": {
        "name": "Achampet Solarpack",
        "type": "solar",
        "capacity_mw": 15.0,
        "operator": "Unknown",
        "state": "Telangana",
        "osm_id": "way/985546648"
      }
    },
    {
      "type": "Feature",
      "geometry": {
        "type": "Point",
        "coordinates": [
          78.7002504,
          16.4072184
        ]
      },
      "properties": {
        "name": "Achampet Suzlon",
        "type": "solar",
        "capacity_mw": 15.0,
        "operator": "Unknown",
        "state": "Telangana",
        "osm_id": "way/985546649"
      }
    },
    {
      "type": "Feature",
      "geometry": {
        "type": "Point",
        "coordinates": [
          78.069309,
          16.4217706
        ]
      },
      "properties": {
        "name": "Peddamandaddi mandal Solar Plant",
        "type": "solar",
        "capacity_mw": 0,
        "operator": "Unknown",
        "state": "Telangana",
        "osm_id": "way/985546650"
      }
    },
    {
      "type": "Feature",
      "geometry": {
        "type": "Point",
        "coordinates": [
          78.0021673,
          16.4424554
        ]
      },
      "properties": {
        "name": "Wanaparthy Mytrah",
        "type": "solar",
        "capacity_mw": 50.0,
        "operator": "Unknown",
        "state": "Telangana",
        "osm_id": "way/985546653"
      }
    },
    {
      "type": "Feature",
      "geometry": {
        "type": "Point",
        "coordinates": [
          77.9023596,
          16.5265267
        ]
      },
      "properties": {
        "name": "Veltoor Renew",
        "type": "solar",
        "capacity_mw": 100.0,
        "operator": "Unknown",
        "state": "Telangana",
        "osm_id": "way/985546654"
      }
    },
    {
      "type": "Feature",
      "geometry": {
        "type": "Point",
        "coordinates": [
          78.0657121,
          16.7193614
        ]
      },
      "properties": {
        "name": "Bhoothpur mandal Solar Plant",
        "type": "solar",
        "capacity_mw": 0,
        "operator": "Unknown",
        "state": "Telangana",
        "osm_id": "way/985546659"
      }
    },
    {
      "type": "Feature",
      "geometry": {
        "type": "Point",
        "coordinates": [
          78.4283643,
          16.6978231
        ]
      },
      "properties": {
        "name": "Kalwakurthy mandal Solar Plant",
        "type": "solar",
        "capacity_mw": 10.0,
        "operator": "Unknown",
        "state": "Telangana",
        "osm_id": "way/985546660"
      }
    },
    {
      "type": "Feature",
      "geometry": {
        "type": "Point",
        "coordinates": [
          78.9559105,
          16.8371424
        ]
      },
      "properties": {
        "name": "Nampally mandal Solar Plant",
        "type": "solar",
        "capacity_mw": 0,
        "operator": "Unknown",
        "state": "Telangana",
        "osm_id": "way/985546661"
      }
    },
    {
      "type": "Feature",
      "geometry": {
        "type": "Point",
        "coordinates": [
          77.0188862,
          16.5982044
        ]
      },
      "properties": {
        "name": "Renew Solar",
        "type": "solar",
        "capacity_mw": 20.0,
        "operator": "Unknown",
        "state": "Karnataka",
        "osm_id": "way/985618099"
      }
    },
    {
      "type": "Feature",
      "geometry": {
        "type": "Point",
        "coordinates": [
          75.4397034,
          16.6535073
        ]
      },
      "properties": {
        "name": "Jamakhandi taluku Solar Plant",
        "type": "solar",
        "capacity_mw": 0,
        "operator": "Unknown",
        "state": "Karnataka",
        "osm_id": "way/985618102"
      }
    },
    {
      "type": "Feature",
      "geometry": {
        "type": "Point",
        "coordinates": [
          75.7091823,
          16.8950818
        ]
      },
      "properties": {
        "name": "Bijapur Taluk Solar Plant",
        "type": "solar",
        "capacity_mw": 0,
        "operator": "Unknown",
        "state": "Karnataka",
        "osm_id": "way/985618103"
      }
    },
    {
      "type": "Feature",
      "geometry": {
        "type": "Point",
        "coordinates": [
          75.7126504,
          16.8718483
        ]
      },
      "properties": {
        "name": "Bijapur Essel 3",
        "type": "solar",
        "capacity_mw": 5.0,
        "operator": "Unknown",
        "state": "Karnataka",
        "osm_id": "way/985618104"
      }
    },
    {
      "type": "Feature",
      "geometry": {
        "type": "Point",
        "coordinates": [
          75.5017912,
          16.9212211
        ]
      },
      "properties": {
        "name": "Tikota taluka Solar Plant",
        "type": "solar",
        "capacity_mw": 0,
        "operator": "Unknown",
        "state": "Karnataka",
        "osm_id": "way/985618105"
      }
    },
    {
      "type": "Feature",
      "geometry": {
        "type": "Point",
        "coordinates": [
          76.2412173,
          16.9664711
        ]
      },
      "properties": {
        "name": "Sindagi taluku Solar Plant",
        "type": "solar",
        "capacity_mw": 0,
        "operator": "Unknown",
        "state": "Karnataka",
        "osm_id": "way/985618110"
      }
    },
    {
      "type": "Feature",
      "geometry": {
        "type": "Point",
        "coordinates": [
          77.007527,
          16.9496871
        ]
      },
      "properties": {
        "name": "Chitapura taluku Solar Plant",
        "type": "solar",
        "capacity_mw": 0,
        "operator": "Unknown",
        "state": "Karnataka",
        "osm_id": "way/985618112"
      }
    },
    {
      "type": "Feature",
      "geometry": {
        "type": "Point",
        "coordinates": [
          75.8729741,
          17.0838045
        ]
      },
      "properties": {
        "name": "Indi taluku Solar Plant",
        "type": "solar",
        "capacity_mw": 0,
        "operator": "Unknown",
        "state": "Karnataka",
        "osm_id": "way/985618113"
      }
    },
    {
      "type": "Feature",
      "geometry": {
        "type": "Point",
        "coordinates": [
          76.7797619,
          17.2066086
        ]
      },
      "properties": {
        "name": "Kalaburagi taluku Solar Plant",
        "type": "solar",
        "capacity_mw": 0,
        "operator": "Unknown",
        "state": "Karnataka",
        "osm_id": "way/985618123"
      }
    },
    {
      "type": "Feature",
      "geometry": {
        "type": "Point",
        "coordinates": [
          76.7461431,
          17.4648781
        ]
      },
      "properties": {
        "name": "Alanda taluku Solar Plant",
        "type": "solar",
        "capacity_mw": 0,
        "operator": "Unknown",
        "state": "Karnataka",
        "osm_id": "way/985618125"
      }
    },
    {
      "type": "Feature",
      "geometry": {
        "type": "Point",
        "coordinates": [
          76.9932201,
          17.5093889
        ]
      },
      "properties": {
        "name": "Lingadalli",
        "type": "solar",
        "capacity_mw": 40.0,
        "operator": "Unknown",
        "state": "Karnataka",
        "osm_id": "way/985618127"
      }
    },
    {
      "type": "Feature",
      "geometry": {
        "type": "Point",
        "coordinates": [
          77.2112877,
          17.7331799
        ]
      },
      "properties": {
        "name": "Humnabad",
        "type": "solar",
        "capacity_mw": 20.0,
        "operator": "Unknown",
        "state": "Karnataka",
        "osm_id": "way/985618128"
      }
    },
    {
      "type": "Feature",
      "geometry": {
        "type": "Point",
        "coordinates": [
          77.2072148,
          17.6737284
        ]
      },
      "properties": {
        "name": "Humanabad taluku Solar Plant",
        "type": "solar",
        "capacity_mw": 0,
        "operator": "Unknown",
        "state": "Karnataka",
        "osm_id": "way/985618129"
      }
    },
    {
      "type": "Feature",
      "geometry": {
        "type": "Point",
        "coordinates": [
          77.4182215,
          17.6418468
        ]
      },
      "properties": {
        "name": "Bemalkheda",
        "type": "solar",
        "capacity_mw": 10.0,
        "operator": "Unknown",
        "state": "Karnataka",
        "osm_id": "way/985618131"
      }
    },
    {
      "type": "Feature",
      "geometry": {
        "type": "Point",
        "coordinates": [
          77.0191839,
          17.7737603
        ]
      },
      "properties": {
        "name": "Basavakalyana taluku Solar Plant",
        "type": "solar",
        "capacity_mw": 0,
        "operator": "Unknown",
        "state": "Karnataka",
        "osm_id": "way/985618135"
      }
    },
    {
      "type": "Feature",
      "geometry": {
        "type": "Point",
        "coordinates": [
          77.0173654,
          17.7951311
        ]
      },
      "properties": {
        "name": "Sadlapur",
        "type": "solar",
        "capacity_mw": 50.0,
        "operator": "Unknown",
        "state": "Karnataka",
        "osm_id": "way/985618137"
      }
    },
    {
      "type": "Feature",
      "geometry": {
        "type": "Point",
        "coordinates": [
          77.4632639,
          17.7743196
        ]
      },
      "properties": {
        "name": "Bidar D",
        "type": "solar",
        "capacity_mw": 8.0,
        "operator": "Unknown",
        "state": "Karnataka",
        "osm_id": "way/985618140"
      }
    },
    {
      "type": "Feature",
      "geometry": {
        "type": "Point",
        "coordinates": [
          77.5609151,
          17.982454
        ]
      },
      "properties": {
        "name": "Bidar taluku Solar Plant",
        "type": "solar",
        "capacity_mw": 0,
        "operator": "Unknown",
        "state": "Karnataka",
        "osm_id": "way/985618147"
      }
    },
    {
      "type": "Feature",
      "geometry": {
        "type": "Point",
        "coordinates": [
          77.129986,
          18.0823697
        ]
      },
      "properties": {
        "name": "Bhalki taluku Solar Plant",
        "type": "solar",
        "capacity_mw": 0,
        "operator": "Unknown",
        "state": "Karnataka",
        "osm_id": "way/985618148"
      }
    },
    {
      "type": "Feature",
      "geometry": {
        "type": "Point",
        "coordinates": [
          77.1282774,
          16.1343794
        ]
      },
      "properties": {
        "name": "Siravara taluku Solar Plant",
        "type": "solar",
        "capacity_mw": 0,
        "operator": "Unknown",
        "state": "Karnataka",
        "osm_id": "way/985621927"
      }
    },
    {
      "type": "Feature",
      "geometry": {
        "type": "Point",
        "coordinates": [
          75.1382052,
          16.204559
        ]
      },
      "properties": {
        "name": "Mudalagi taluku Solar Plant",
        "type": "solar",
        "capacity_mw": 0,
        "operator": "Unknown",
        "state": "Karnataka",
        "osm_id": "way/985621929"
      }
    },
    {
      "type": "Feature",
      "geometry": {
        "type": "Point",
        "coordinates": [
          74.5576935,
          16.3170751
        ]
      },
      "properties": {
        "name": "Hukkeri taluk Solar Plant",
        "type": "solar",
        "capacity_mw": 0,
        "operator": "Unknown",
        "state": "Karnataka",
        "osm_id": "way/985621930"
      }
    },
    {
      "type": "Feature",
      "geometry": {
        "type": "Point",
        "coordinates": [
          77.2708368,
          16.3848038
        ]
      },
      "properties": {
        "name": "Rayachuru taluku Solar Plant",
        "type": "solar",
        "capacity_mw": 0,
        "operator": "Unknown",
        "state": "Karnataka",
        "osm_id": "way/985621931"
      }
    },
    {
      "type": "Feature",
      "geometry": {
        "type": "Point",
        "coordinates": [
          76.811031,
          16.5200574
        ]
      },
      "properties": {
        "name": "Satyampet",
        "type": "solar",
        "capacity_mw": 10.0,
        "operator": "Unknown",
        "state": "Karnataka",
        "osm_id": "way/985621937"
      }
    },
    {
      "type": "Feature",
      "geometry": {
        "type": "Point",
        "coordinates": [
          77.0913112,
          16.5235134
        ]
      },
      "properties": {
        "name": "Wadagera taluku Solar Plant",
        "type": "solar",
        "capacity_mw": 0,
        "operator": "Unknown",
        "state": "Karnataka",
        "osm_id": "way/985621938"
      }
    },
    {
      "type": "Feature",
      "geometry": {
        "type": "Point",
        "coordinates": [
          76.9322308,
          15.6396036
        ]
      },
      "properties": {
        "name": "Siruguppa taluku Solar Plant",
        "type": "solar",
        "capacity_mw": 0,
        "operator": "Unknown",
        "state": "Karnataka",
        "osm_id": "way/985631011"
      }
    },
    {
      "type": "Feature",
      "geometry": {
        "type": "Point",
        "coordinates": [
          74.7285418,
          15.6543288
        ]
      },
      "properties": {
        "name": "Kitturu taluku Solar Plant",
        "type": "solar",
        "capacity_mw": 0,
        "operator": "Unknown",
        "state": "Karnataka",
        "osm_id": "way/985631014"
      }
    },
    {
      "type": "Feature",
      "geometry": {
        "type": "Point",
        "coordinates": [
          76.5551698,
          15.8418898
        ]
      },
      "properties": {
        "name": "Maski taluku Solar Plant",
        "type": "solar",
        "capacity_mw": 0,
        "operator": "Unknown",
        "state": "Karnataka",
        "osm_id": "way/985631015"
      }
    },
    {
      "type": "Feature",
      "geometry": {
        "type": "Point",
        "coordinates": [
          74.9824599,
          15.9704539
        ]
      },
      "properties": {
        "name": "Yaragatti taluku Solar Plant",
        "type": "solar",
        "capacity_mw": 0,
        "operator": "Unknown",
        "state": "Karnataka",
        "osm_id": "way/985631019"
      }
    },
    {
      "type": "Feature",
      "geometry": {
        "type": "Point",
        "coordinates": [
          75.1257515,
          16.0178123
        ]
      },
      "properties": {
        "name": "Aditya Birla",
        "type": "solar",
        "capacity_mw": 20.0,
        "operator": "Unknown",
        "state": "Karnataka",
        "osm_id": "way/985631020"
      }
    },
    {
      "type": "Feature",
      "geometry": {
        "type": "Point",
        "coordinates": [
          76.040639,
          16.0083893
        ]
      },
      "properties": {
        "name": "Hunagund",
        "type": "solar",
        "capacity_mw": 15.0,
        "operator": "Unknown",
        "state": "Karnataka",
        "osm_id": "way/985631021"
      }
    },
    {
      "type": "Feature",
      "geometry": {
        "type": "Point",
        "coordinates": [
          76.0735684,
          15.9636912
        ]
      },
      "properties": {
        "name": "Ilkal taluka Solar Plant",
        "type": "solar",
        "capacity_mw": 0,
        "operator": "Unknown",
        "state": "Karnataka",
        "osm_id": "way/985631022"
      }
    },
    {
      "type": "Feature",
      "geometry": {
        "type": "Point",
        "coordinates": [
          75.755099,
          15.3699016
        ]
      },
      "properties": {
        "name": "Gadag taluk Solar Plant",
        "type": "solar",
        "capacity_mw": 0,
        "operator": "Unknown",
        "state": "Karnataka",
        "osm_id": "way/985633862"
      }
    },
    {
      "type": "Feature",
      "geometry": {
        "type": "Point",
        "coordinates": [
          75.3686759,
          15.4948357
        ]
      },
      "properties": {
        "name": "Navalagunda taluku Solar Plant",
        "type": "solar",
        "capacity_mw": 0,
        "operator": "Unknown",
        "state": "Karnataka",
        "osm_id": "way/985633863"
      }
    },
    {
      "type": "Feature",
      "geometry": {
        "type": "Point",
        "coordinates": [
          75.3241539,
          15.2178714
        ]
      },
      "properties": {
        "name": "Kundagola taluku Solar Plant",
        "type": "solar",
        "capacity_mw": 0,
        "operator": "Unknown",
        "state": "Karnataka",
        "osm_id": "way/985635278"
      }
    },
    {
      "type": "Feature",
      "geometry": {
        "type": "Point",
        "coordinates": [
          77.1354268,
          15.1937393
        ]
      },
      "properties": {
        "name": "Bellary taluk Solar Plant",
        "type": "solar",
        "capacity_mw": 0,
        "operator": "Unknown",
        "state": "Karnataka",
        "osm_id": "way/985635279"
      }
    },
    {
      "type": "Feature",
      "geometry": {
        "type": "Point",
        "coordinates": [
          76.139009,
          14.9508377
        ]
      },
      "properties": {
        "name": "Kotturu taluku Solar Plant",
        "type": "solar",
        "capacity_mw": 0,
        "operator": "Unknown",
        "state": "Karnataka",
        "osm_id": "way/985637696"
      }
    },
    {
      "type": "Feature",
      "geometry": {
        "type": "Point",
        "coordinates": [
          76.1387193,
          14.9724335
        ]
      },
      "properties": {
        "name": "Hagari Bommanahalli taluk Solar Plant",
        "type": "solar",
        "capacity_mw": 0,
        "operator": "Unknown",
        "state": "Karnataka",
        "osm_id": "way/985637697"
      }
    },
    {
      "type": "Feature",
      "geometry": {
        "type": "Point",
        "coordinates": [
          76.0782272,
          14.9806438
        ]
      },
      "properties": {
        "name": "Huvina Hadagali taluk Solar Plant",
        "type": "solar",
        "capacity_mw": 0,
        "operator": "Unknown",
        "state": "Karnataka",
        "osm_id": "way/985637700"
      }
    },
    {
      "type": "Feature",
      "geometry": {
        "type": "Point",
        "coordinates": [
          75.3161191,
          14.9910559
        ]
      },
      "properties": {
        "name": "Savanura taluk Solar Plant",
        "type": "solar",
        "capacity_mw": 0,
        "operator": "Unknown",
        "state": "Karnataka",
        "osm_id": "way/985637701"
      }
    },
    {
      "type": "Feature",
      "geometry": {
        "type": "Point",
        "coordinates": [
          75.194394,
          15.0277261
        ]
      },
      "properties": {
        "name": "Shiggaon",
        "type": "solar",
        "capacity_mw": 20.0,
        "operator": "Unknown",
        "state": "Karnataka",
        "osm_id": "way/985637702"
      }
    },
    {
      "type": "Feature",
      "geometry": {
        "type": "Point",
        "coordinates": [
          75.6265193,
          15.0855143
        ]
      },
      "properties": {
        "name": "Shirahatti taluku Solar Plant",
        "type": "solar",
        "capacity_mw": 0,
        "operator": "Unknown",
        "state": "Karnataka",
        "osm_id": "way/985637705"
      }
    },
    {
      "type": "Feature",
      "geometry": {
        "type": "Point",
        "coordinates": [
          76.1115593,
          14.3217731
        ]
      },
      "properties": {
        "name": "Mayakonda",
        "type": "solar",
        "capacity_mw": 20.0,
        "operator": "Unknown",
        "state": "Karnataka",
        "osm_id": "way/985681600"
      }
    },
    {
      "type": "Feature",
      "geometry": {
        "type": "Point",
        "coordinates": [
          75.5137485,
          14.672941
        ]
      },
      "properties": {
        "name": "Byadagi taluk Solar Plant",
        "type": "solar",
        "capacity_mw": 0,
        "operator": "Unknown",
        "state": "Karnataka",
        "osm_id": "way/985681602"
      }
    },
    {
      "type": "Feature",
      "geometry": {
        "type": "Point",
        "coordinates": [
          76.7473045,
          14.8212367
        ]
      },
      "properties": {
        "name": "Naga Samudra",
        "type": "solar",
        "capacity_mw": 7.0,
        "operator": "Unknown",
        "state": "Karnataka",
        "osm_id": "way/985681605"
      }
    },
    {
      "type": "Feature",
      "geometry": {
        "type": "Point",
        "coordinates": [
          77.1125047,
          12.8639747
        ]
      },
      "properties": {
        "name": "Kunigal B",
        "type": "solar",
        "capacity_mw": 6.0,
        "operator": "Unknown",
        "state": "Karnataka",
        "osm_id": "way/985732859"
      }
    },
    {
      "type": "Feature",
      "geometry": {
        "type": "Point",
        "coordinates": [
          77.2058495,
          12.8365008
        ]
      },
      "properties": {
        "name": "Magadi taluku Solar Plant",
        "type": "solar",
        "capacity_mw": 0,
        "operator": "Unknown",
        "state": "Karnataka",
        "osm_id": "way/985732860"
      }
    },
    {
      "type": "Feature",
      "geometry": {
        "type": "Point",
        "coordinates": [
          77.2989088,
          12.8558544
        ]
      },
      "properties": {
        "name": "Ramanagara taluk Solar Plant",
        "type": "solar",
        "capacity_mw": 0,
        "operator": "Unknown",
        "state": "Karnataka",
        "osm_id": "way/985732863"
      }
    },
    {
      "type": "Feature",
      "geometry": {
        "type": "Point",
        "coordinates": [
          78.2921764,
          13.082501
        ]
      },
      "properties": {
        "name": "Mulubagilu taluk Solar Plant",
        "type": "solar",
        "capacity_mw": 0,
        "operator": "Unknown",
        "state": "Karnataka",
        "osm_id": "way/985732866"
      }
    },
    {
      "type": "Feature",
      "geometry": {
        "type": "Point",
        "coordinates": [
          76.3924375,
          13.7446637
        ]
      },
      "properties": {
        "name": "Hosadurga taluku Solar Plant",
        "type": "solar",
        "capacity_mw": 0,
        "operator": "Unknown",
        "state": "Karnataka",
        "osm_id": "way/985732868"
      }
    },
    {
      "type": "Feature",
      "geometry": {
        "type": "Point",
        "coordinates": [
          76.9057674,
          14.0413702
        ]
      },
      "properties": {
        "name": "Parashuramadevara Kote",
        "type": "solar",
        "capacity_mw": 30.0,
        "operator": "Unknown",
        "state": "Karnataka",
        "osm_id": "way/985732873"
      }
    },
    {
      "type": "Feature",
      "geometry": {
        "type": "Point",
        "coordinates": [
          76.7573493,
          14.1088579
        ]
      },
      "properties": {
        "name": "Kalamarahalli",
        "type": "solar",
        "capacity_mw": 11.0,
        "operator": "Unknown",
        "state": "Karnataka",
        "osm_id": "way/985732875"
      }
    },
    {
      "type": "Feature",
      "geometry": {
        "type": "Point",
        "coordinates": [
          76.7327937,
          11.9415251
        ]
      },
      "properties": {
        "name": "Gundlupet taluk Solar Plant",
        "type": "solar",
        "capacity_mw": 0,
        "operator": "Unknown",
        "state": "Karnataka",
        "osm_id": "way/985793435"
      }
    },
    {
      "type": "Feature",
      "geometry": {
        "type": "Point",
        "coordinates": [
          76.8125871,
          12.0266967
        ]
      },
      "properties": {
        "name": "Chamarajanagara taluk Solar Plant",
        "type": "solar",
        "capacity_mw": 0,
        "operator": "Unknown",
        "state": "Karnataka",
        "osm_id": "way/985793436"
      }
    },
    {
      "type": "Feature",
      "geometry": {
        "type": "Point",
        "coordinates": [
          77.2156618,
          12.1279442
        ]
      },
      "properties": {
        "name": "Hanur taluk Solar Plant",
        "type": "solar",
        "capacity_mw": 0,
        "operator": "Unknown",
        "state": "Karnataka",
        "osm_id": "way/985793437"
      }
    },
    {
      "type": "Feature",
      "geometry": {
        "type": "Point",
        "coordinates": [
          76.8431224,
          12.1011885
        ]
      },
      "properties": {
        "name": "Nanjanagudu taluk Solar Plant",
        "type": "solar",
        "capacity_mw": 0,
        "operator": "Unknown",
        "state": "Karnataka",
        "osm_id": "way/985793439"
      }
    },
    {
      "type": "Feature",
      "geometry": {
        "type": "Point",
        "coordinates": [
          83.6512729,
          18.1410191
        ]
      },
      "properties": {
        "name": "Ranastalam Solar Plant",
        "type": "solar",
        "capacity_mw": 0,
        "operator": "Unknown",
        "state": "Andhra Pradesh",
        "osm_id": "way/985995947"
      }
    },
    {
      "type": "Feature",
      "geometry": {
        "type": "Point",
        "coordinates": [
          83.5086223,
          18.2869938
        ]
      },
      "properties": {
        "name": "Gurla Solar Plant",
        "type": "solar",
        "capacity_mw": 0,
        "operator": "Unknown",
        "state": "Andhra Pradesh",
        "osm_id": "way/985995948"
      }
    },
    {
      "type": "Feature",
      "geometry": {
        "type": "Point",
        "coordinates": [
          83.4311441,
          18.3934381
        ]
      },
      "properties": {
        "name": "Dattirajeru Solar Plant",
        "type": "solar",
        "capacity_mw": 0,
        "operator": "Unknown",
        "state": "Andhra Pradesh",
        "osm_id": "way/985995949"
      }
    },
    {
      "type": "Feature",
      "geometry": {
        "type": "Point",
        "coordinates": [
          81.8153036,
          17.010356
        ]
      },
      "properties": {
        "name": "Rajahmundry (Urban) Solar Plant",
        "type": "solar",
        "capacity_mw": 0,
        "operator": "ONGC",
        "state": "Andhra Pradesh",
        "osm_id": "way/986001290"
      }
    },
    {
      "type": "Feature",
      "geometry": {
        "type": "Point",
        "coordinates": [
          77.8790626,
          15.4480521
        ]
      },
      "properties": {
        "name": "Dhone Solar Plant",
        "type": "solar",
        "capacity_mw": 0,
        "operator": "Unknown",
        "state": "Andhra Pradesh",
        "osm_id": "way/986027284"
      }
    },
    {
      "type": "Feature",
      "geometry": {
        "type": "Point",
        "coordinates": [
          79.2598718,
          15.6436826
        ]
      },
      "properties": {
        "name": "25 MWP Solar Power Plant , Tarlupadu",
        "type": "solar",
        "capacity_mw": 21.0,
        "operator": "Unknown",
        "state": "Andhra Pradesh",
        "osm_id": "way/986027285"
      }
    },
    {
      "type": "Feature",
      "geometry": {
        "type": "Point",
        "coordinates": [
          77.9868606,
          15.8052674
        ]
      },
      "properties": {
        "name": "Kallur Solar Plant",
        "type": "solar",
        "capacity_mw": 0,
        "operator": "Unknown",
        "state": "Andhra Pradesh",
        "osm_id": "way/986027286"
      }
    },
    {
      "type": "Feature",
      "geometry": {
        "type": "Point",
        "coordinates": [
          79.8138862,
          16.2947968
        ]
      },
      "properties": {
        "name": "Ipuru Solar Plant",
        "type": "solar",
        "capacity_mw": 0,
        "operator": "Unknown",
        "state": "Andhra Pradesh",
        "osm_id": "way/986027287"
      }
    },
    {
      "type": "Feature",
      "geometry": {
        "type": "Point",
        "coordinates": [
          79.6192483,
          13.2856361
        ]
      },
      "properties": {
        "name": "Nagari Solar Plant",
        "type": "solar",
        "capacity_mw": 0,
        "operator": "Unknown",
        "state": "Andhra Pradesh",
        "osm_id": "way/986191871"
      }
    },
    {
      "type": "Feature",
      "geometry": {
        "type": "Point",
        "coordinates": [
          80.0904876,
          13.4152523
        ]
      },
      "properties": {
        "name": "Gummidipoondi Solar Plant",
        "type": "solar",
        "capacity_mw": 0,
        "operator": "Unknown",
        "state": "Tamil Nadu",
        "osm_id": "way/986191872"
      }
    },
    {
      "type": "Feature",
      "geometry": {
        "type": "Point",
        "coordinates": [
          80.1071602,
          13.1377126
        ]
      },
      "properties": {
        "name": "Ambattur Solar Plant",
        "type": "solar",
        "capacity_mw": 0,
        "operator": "Unknown",
        "state": "Tamil Nadu",
        "osm_id": "way/986209814"
      }
    },
    {
      "type": "Feature",
      "geometry": {
        "type": "Point",
        "coordinates": [
          77.7583605,
          10.9619901
        ]
      },
      "properties": {
        "name": "Kangeyam Solar Plant",
        "type": "solar",
        "capacity_mw": 0,
        "operator": "Unknown",
        "state": "Tamil Nadu",
        "osm_id": "way/986247876"
      }
    },
    {
      "type": "Feature",
      "geometry": {
        "type": "Point",
        "coordinates": [
          78.4929847,
          11.0664072
        ]
      },
      "properties": {
        "name": "Ponnusangampatti",
        "type": "solar",
        "capacity_mw": 50.0,
        "operator": "Unknown",
        "state": "Tamil Nadu",
        "osm_id": "way/986247881"
      }
    },
    {
      "type": "Feature",
      "geometry": {
        "type": "Point",
        "coordinates": [
          78.4967432,
          11.0808884
        ]
      },
      "properties": {
        "name": "Thuraiyur Solar Plant",
        "type": "solar",
        "capacity_mw": 0,
        "operator": "Unknown",
        "state": "Tamil Nadu",
        "osm_id": "way/986247882"
      }
    },
    {
      "type": "Feature",
      "geometry": {
        "type": "Point",
        "coordinates": [
          78.5055273,
          11.0804804
        ]
      },
      "properties": {
        "name": "Musri",
        "type": "solar",
        "capacity_mw": 20.0,
        "operator": "Unknown",
        "state": "Tamil Nadu",
        "osm_id": "way/986247883"
      }
    },
    {
      "type": "Feature",
      "geometry": {
        "type": "Point",
        "coordinates": [
          77.2297132,
          10.7714694
        ]
      },
      "properties": {
        "name": "Madathukulam Solar Plant",
        "type": "solar",
        "capacity_mw": 0,
        "operator": "Unknown",
        "state": "Tamil Nadu",
        "osm_id": "way/986250512"
      }
    },
    {
      "type": "Feature",
      "geometry": {
        "type": "Point",
        "coordinates": [
          77.7538007,
          10.7111303
        ]
      },
      "properties": {
        "name": "Dharapuram Solar Plant",
        "type": "solar",
        "capacity_mw": 0,
        "operator": "Unknown",
        "state": "Tamil Nadu",
        "osm_id": "way/986250514"
      }
    },
    {
      "type": "Feature",
      "geometry": {
        "type": "Point",
        "coordinates": [
          78.7166601,
          9.9417033
        ]
      },
      "properties": {
        "name": "Karaikkudi Solar Plant",
        "type": "solar",
        "capacity_mw": 0,
        "operator": "Unknown",
        "state": "Tamil Nadu",
        "osm_id": "way/986260251"
      }
    },
    {
      "type": "Feature",
      "geometry": {
        "type": "Point",
        "coordinates": [
          77.6961185,
          10.104226
        ]
      },
      "properties": {
        "name": "Periyakulam Solar Plant",
        "type": "solar",
        "capacity_mw": 0,
        "operator": "Unknown",
        "state": "Tamil Nadu",
        "osm_id": "way/986260252"
      }
    },
    {
      "type": "Feature",
      "geometry": {
        "type": "Point",
        "coordinates": [
          77.6918323,
          10.1332965
        ]
      },
      "properties": {
        "name": "Eluvanampatty",
        "type": "solar",
        "capacity_mw": 30.0,
        "operator": "Unknown",
        "state": "Tamil Nadu",
        "osm_id": "way/986260254"
      }
    },
    {
      "type": "Feature",
      "geometry": {
        "type": "Point",
        "coordinates": [
          77.745679,
          10.135925
        ]
      },
      "properties": {
        "name": "Nilakkottai Solar Plant",
        "type": "solar",
        "capacity_mw": 0,
        "operator": "Unknown",
        "state": "Tamil Nadu",
        "osm_id": "way/986260256"
      }
    },
    {
      "type": "Feature",
      "geometry": {
        "type": "Point",
        "coordinates": [
          77.9248955,
          10.4555892
        ]
      },
      "properties": {
        "name": "Agaram A",
        "type": "solar",
        "capacity_mw": 20.0,
        "operator": "Unknown",
        "state": "Tamil Nadu",
        "osm_id": "way/986260257"
      }
    },
    {
      "type": "Feature",
      "geometry": {
        "type": "Point",
        "coordinates": [
          78.876564,
          10.5697654
        ]
      },
      "properties": {
        "name": "Killanur A",
        "type": "solar",
        "capacity_mw": 4.5,
        "operator": "Unknown",
        "state": "Tamil Nadu",
        "osm_id": "way/986260259"
      }
    },
    {
      "type": "Feature",
      "geometry": {
        "type": "Point",
        "coordinates": [
          77.5865669,
          8.8424036
        ]
      },
      "properties": {
        "name": "Alangulam Solar Plant",
        "type": "solar",
        "capacity_mw": 0,
        "operator": "Unknown",
        "state": "Tamil Nadu",
        "osm_id": "way/986279190"
      }
    },
    {
      "type": "Feature",
      "geometry": {
        "type": "Point",
        "coordinates": [
          77.5966018,
          8.847261
        ]
      },
      "properties": {
        "name": "Tirunelveli Solar Plant",
        "type": "solar",
        "capacity_mw": 0,
        "operator": "Unknown",
        "state": "Tamil Nadu",
        "osm_id": "way/986279191"
      }
    },
    {
      "type": "Feature",
      "geometry": {
        "type": "Point",
        "coordinates": [
          78.1103615,
          9.1215211
        ]
      },
      "properties": {
        "name": "Vilathikulam Solar Plant",
        "type": "solar",
        "capacity_mw": 0,
        "operator": "Unknown",
        "state": "Tamil Nadu",
        "osm_id": "way/986279198"
      }
    },
    {
      "type": "Feature",
      "geometry": {
        "type": "Point",
        "coordinates": [
          77.5565859,
          9.2472172
        ]
      },
      "properties": {
        "name": "Sankarankoil Solar Plant",
        "type": "solar",
        "capacity_mw": 0,
        "operator": "Unknown",
        "state": "Tamil Nadu",
        "osm_id": "way/986279200"
      }
    },
    {
      "type": "Feature",
      "geometry": {
        "type": "Point",
        "coordinates": [
          78.3482802,
          9.2216932
        ]
      },
      "properties": {
        "name": "Ramnad Welspun",
        "type": "solar",
        "capacity_mw": 30.0,
        "operator": "Unknown",
        "state": "Tamil Nadu",
        "osm_id": "way/986279201"
      }
    },
    {
      "type": "Feature",
      "geometry": {
        "type": "Point",
        "coordinates": [
          77.6014473,
          9.324858
        ]
      },
      "properties": {
        "name": "Rajapalayam Solar Plant",
        "type": "solar",
        "capacity_mw": 50.0,
        "operator": "Unknown",
        "state": "Tamil Nadu",
        "osm_id": "way/986279202"
      }
    },
    {
      "type": "Feature",
      "geometry": {
        "type": "Point",
        "coordinates": [
          78.0040925,
          9.4115308
        ]
      },
      "properties": {
        "name": "Sattur",
        "type": "solar",
        "capacity_mw": 50.0,
        "operator": "Unknown",
        "state": "Tamil Nadu",
        "osm_id": "way/986279203"
      }
    },
    {
      "type": "Feature",
      "geometry": {
        "type": "Point",
        "coordinates": [
          78.5755243,
          9.441539
        ]
      },
      "properties": {
        "name": "NLC Ramanathapuram",
        "type": "solar",
        "capacity_mw": 100.0,
        "operator": "Unknown",
        "state": "Tamil Nadu",
        "osm_id": "way/986279204"
      }
    },
    {
      "type": "Feature",
      "geometry": {
        "type": "Point",
        "coordinates": [
          78.5721293,
          9.4530781
        ]
      },
      "properties": {
        "name": "Pambur",
        "type": "solar",
        "capacity_mw": 10.0,
        "operator": "Unknown",
        "state": "Tamil Nadu",
        "osm_id": "way/986279205"
      }
    },
    {
      "type": "Feature",
      "geometry": {
        "type": "Point",
        "coordinates": [
          78.289277,
          9.8251284
        ]
      },
      "properties": {
        "name": "Manamadurai Solar Plant",
        "type": "solar",
        "capacity_mw": 0,
        "operator": "Unknown",
        "state": "Tamil Nadu",
        "osm_id": "way/986279206"
      }
    },
    {
      "type": "Feature",
      "geometry": {
        "type": "Point",
        "coordinates": [
          77.5838473,
          10.5713408
        ]
      },
      "properties": {
        "name": "Palani Solar Plant",
        "type": "solar",
        "capacity_mw": 0,
        "operator": "Unknown",
        "state": "Tamil Nadu",
        "osm_id": "way/986360596"
      }
    },
    {
      "type": "Feature",
      "geometry": {
        "type": "Point",
        "coordinates": [
          77.5517244,
          9.0558507
        ]
      },
      "properties": {
        "name": "Veerakeralamputhur Solar Plant",
        "type": "solar",
        "capacity_mw": 0,
        "operator": "Unknown",
        "state": "Tamil Nadu",
        "osm_id": "way/986403904"
      }
    },
    {
      "type": "Feature",
      "geometry": {
        "type": "Point",
        "coordinates": [
          77.9059524,
          10.5234002
        ]
      },
      "properties": {
        "name": "Vedasandur Solar Plant",
        "type": "solar",
        "capacity_mw": 5.0,
        "operator": "Unknown",
        "state": "Tamil Nadu",
        "osm_id": "way/986403906"
      }
    },
    {
      "type": "Feature",
      "geometry": {
        "type": "Point",
        "coordinates": [
          77.8895608,
          10.524902
        ]
      },
      "properties": {
        "name": "Vedasandur",
        "type": "solar",
        "capacity_mw": 5.0,
        "operator": "Unknown",
        "state": "Tamil Nadu",
        "osm_id": "way/986403907"
      }
    },
    {
      "type": "Feature",
      "geometry": {
        "type": "Point",
        "coordinates": [
          77.9174296,
          10.5344659
        ]
      },
      "properties": {
        "name": "Oddanchatram Solar Plant",
        "type": "solar",
        "capacity_mw": 0,
        "operator": "Unknown",
        "state": "Tamil Nadu",
        "osm_id": "way/986403908"
      }
    },
    {
      "type": "Feature",
      "geometry": {
        "type": "Point",
        "coordinates": [
          77.9068228,
          10.5370489
        ]
      },
      "properties": {
        "name": "Vedachandur",
        "type": "solar",
        "capacity_mw": 9.0,
        "operator": "Unknown",
        "state": "Tamil Nadu",
        "osm_id": "way/986403909"
      }
    },
    {
      "type": "Feature",
      "geometry": {
        "type": "Point",
        "coordinates": [
          78.0649155,
          8.888041
        ]
      },
      "properties": {
        "name": "Arasadi",
        "type": "solar",
        "capacity_mw": 10.0,
        "operator": "Unknown",
        "state": "Tamil Nadu",
        "osm_id": "way/986411990"
      }
    },
    {
      "type": "Feature",
      "geometry": {
        "type": "Point",
        "coordinates": [
          77.9564926,
          8.7674011
        ]
      },
      "properties": {
        "name": "Srivaikuntam Solar Plant",
        "type": "solar",
        "capacity_mw": 0,
        "operator": "Unknown",
        "state": "Tamil Nadu",
        "osm_id": "way/986423924"
      }
    },
    {
      "type": "Feature",
      "geometry": {
        "type": "Point",
        "coordinates": [
          78.4094158,
          24.7923888
        ]
      },
      "properties": {
        "name": "Mahrauni Khurd",
        "type": "solar",
        "capacity_mw": 10.0,
        "operator": "Unknown",
        "state": "Uttar Pradesh",
        "osm_id": "way/986566552"
      }
    },
    {
      "type": "Feature",
      "geometry": {
        "type": "Point",
        "coordinates": [
          78.3082724,
          25.3646297
        ]
      },
      "properties": {
        "name": "Badanpur",
        "type": "solar",
        "capacity_mw": 50.0,
        "operator": "Unknown",
        "state": "Uttar Pradesh",
        "osm_id": "way/986566553"
      }
    },
    {
      "type": "Feature",
      "geometry": {
        "type": "Point",
        "coordinates": [
          79.7216732,
          25.4475519
        ]
      },
      "properties": {
        "name": "Charkhari Solar Plant",
        "type": "solar",
        "capacity_mw": 0,
        "operator": "Unknown",
        "state": "Uttar Pradesh",
        "osm_id": "way/986566554"
      }
    },
    {
      "type": "Feature",
      "geometry": {
        "type": "Point",
        "coordinates": [
          79.7701412,
          25.3530285
        ]
      },
      "properties": {
        "name": "Supa",
        "type": "solar",
        "capacity_mw": 20.0,
        "operator": "Unknown",
        "state": "Uttar Pradesh",
        "osm_id": "way/986566557"
      }
    },
    {
      "type": "Feature",
      "geometry": {
        "type": "Point",
        "coordinates": [
          80.3315867,
          25.5599523
        ]
      },
      "properties": {
        "name": "Chahitara",
        "type": "solar",
        "capacity_mw": 20.0,
        "operator": "Unknown",
        "state": "Uttar Pradesh",
        "osm_id": "way/986570228"
      }
    },
    {
      "type": "Feature",
      "geometry": {
        "type": "Point",
        "coordinates": [
          80.3343623,
          25.553785
        ]
      },
      "properties": {
        "name": "Banda Solar Plant",
        "type": "solar",
        "capacity_mw": 0,
        "operator": "Unknown",
        "state": "Uttar Pradesh",
        "osm_id": "way/986570229"
      }
    },
    {
      "type": "Feature",
      "geometry": {
        "type": "Point",
        "coordinates": [
          79.7412854,
          27.8826686
        ]
      },
      "properties": {
        "name": "Shahjahanpur Solar Plant",
        "type": "solar",
        "capacity_mw": 0,
        "operator": "Unknown",
        "state": "Uttar Pradesh",
        "osm_id": "way/986575040"
      }
    },
    {
      "type": "Feature",
      "geometry": {
        "type": "Point",
        "coordinates": [
          79.0896455,
          29.2050378
        ]
      },
      "properties": {
        "name": "Bajpur Solar Plant",
        "type": "solar",
        "capacity_mw": 0,
        "operator": "Unknown",
        "state": "Uttarakhand",
        "osm_id": "way/986754576"
      }
    },
    {
      "type": "Feature",
      "geometry": {
        "type": "Point",
        "coordinates": [
          71.521208,
          26.5251327
        ]
      },
      "properties": {
        "name": "Bonada",
        "type": "solar",
        "capacity_mw": 1.0,
        "operator": "Unknown",
        "state": "Rajasthan",
        "osm_id": "way/986855584"
      }
    },
    {
      "type": "Feature",
      "geometry": {
        "type": "Point",
        "coordinates": [
          87.2486355,
          23.5513202
        ]
      },
      "properties": {
        "name": "Durgapur SAIL power station",
        "type": "coal",
        "capacity_mw": 120.0,
        "operator": "NTPC-Sail Power Co Ltd",
        "state": "West Bengal",
        "osm_id": "way/987918498"
      }
    },
    {
      "type": "Feature",
      "geometry": {
        "type": "Point",
        "coordinates": [
          75.8825576,
          25.1296519
        ]
      },
      "properties": {
        "name": "Kota Complex power station",
        "type": "coal",
        "capacity_mw": 125.0,
        "operator": "DCM Shriram Fertilisers & Chemicals",
        "state": "Rajasthan",
        "osm_id": "way/987921715"
      }
    },
    {
      "type": "Feature",
      "geometry": {
        "type": "Point",
        "coordinates": [
          87.0487721,
          23.6453854
        ]
      },
      "properties": {
        "name": "Raniganj Solar Plant",
        "type": "solar",
        "capacity_mw": 2.0,
        "operator": "West Bengal Energy Development Corporation Limited (WBEDCL)",
        "state": "West Bengal",
        "osm_id": "way/988636077"
      }
    },
    {
      "type": "Feature",
      "geometry": {
        "type": "Point",
        "coordinates": [
          83.2290155,
          20.1291048
        ]
      },
      "properties": {
        "name": "Kesinga Solar Plant",
        "type": "solar",
        "capacity_mw": 10.0,
        "operator": "Unknown",
        "state": "Odisha",
        "osm_id": "way/988921437"
      }
    },
    {
      "type": "Feature",
      "geometry": {
        "type": "Point",
        "coordinates": [
          76.8083682,
          34.8197308
        ]
      },
      "properties": {
        "name": "Turtuk Hydel Power Plant",
        "type": "hydro",
        "capacity_mw": 0,
        "operator": "Unknown",
        "state": "Jammu and Kashmir",
        "osm_id": "way/988988762"
      }
    },
    {
      "type": "Feature",
      "geometry": {
        "type": "Point",
        "coordinates": [
          83.9060404,
          21.502097
        ]
      },
      "properties": {
        "name": "Burla Solar Plant",
        "type": "solar",
        "capacity_mw": 1.0,
        "operator": "Unknown",
        "state": "Odisha",
        "osm_id": "way/989333268"
      }
    },
    {
      "type": "Feature",
      "geometry": {
        "type": "Point",
        "coordinates": [
          83.3716256,
          20.5533758
        ]
      },
      "properties": {
        "name": "Bolangir",
        "type": "solar",
        "capacity_mw": 25.0,
        "operator": "Unknown",
        "state": "Odisha",
        "osm_id": "way/989333269"
      }
    },
    {
      "type": "Feature",
      "geometry": {
        "type": "Point",
        "coordinates": [
          83.078785,
          20.9812941
        ]
      },
      "properties": {
        "name": "Padmapur Solar Plant",
        "type": "solar",
        "capacity_mw": 0,
        "operator": "Unknown",
        "state": "Odisha",
        "osm_id": "way/989333270"
      }
    },
    {
      "type": "Feature",
      "geometry": {
        "type": "Point",
        "coordinates": [
          83.4699703,
          20.5283954
        ]
      },
      "properties": {
        "name": "Tushura Solar Plant",
        "type": "solar",
        "capacity_mw": 40.0,
        "operator": "Unknown",
        "state": "Odisha",
        "osm_id": "way/989333272"
      }
    },
    {
      "type": "Feature",
      "geometry": {
        "type": "Point",
        "coordinates": [
          85.0969944,
          21.0874331
        ]
      },
      "properties": {
        "name": "Solar plant NTPC kaniha",
        "type": "solar",
        "capacity_mw": 10.0,
        "operator": "Unknown",
        "state": "Odisha",
        "osm_id": "way/989333273"
      }
    },
    {
      "type": "Feature",
      "geometry": {
        "type": "Point",
        "coordinates": [
          86.0137533,
          20.6258535
        ]
      },
      "properties": {
        "name": "Solar Plant - Kapilas Cement Works",
        "type": "solar",
        "capacity_mw": 0,
        "operator": "Unknown",
        "state": "Odisha",
        "osm_id": "way/989333276"
      }
    },
    {
      "type": "Feature",
      "geometry": {
        "type": "Point",
        "coordinates": [
          79.8778636,
          18.4466241
        ]
      },
      "properties": {
        "name": "Bhupalpally mandal Solar Plant",
        "type": "solar",
        "capacity_mw": 0,
        "operator": "Unknown",
        "state": "Telangana",
        "osm_id": "way/989561652"
      }
    },
    {
      "type": "Feature",
      "geometry": {
        "type": "Point",
        "coordinates": [
          74.1362786,
          26.3195223
        ]
      },
      "properties": {
        "name": "Jaitaran Tehsil Solar Plant",
        "type": "solar",
        "capacity_mw": 0,
        "operator": "Unknown",
        "state": "Rajasthan",
        "osm_id": "way/989739597"
      }
    },
    {
      "type": "Feature",
      "geometry": {
        "type": "Point",
        "coordinates": [
          76.8651289,
          29.5106526
        ]
      },
      "properties": {
        "name": "Gharaunda Unknown Plant",
        "type": "unknown",
        "capacity_mw": 0,
        "operator": "Unknown",
        "state": "Haryana",
        "osm_id": "way/989819096"
      }
    },
    {
      "type": "Feature",
      "geometry": {
        "type": "Point",
        "coordinates": [
          85.49915,
          22.1546176
        ]
      },
      "properties": {
        "name": "Noamundi Solar Plant",
        "type": "solar",
        "capacity_mw": 3.0,
        "operator": "Unknown",
        "state": "Jharkhand",
        "osm_id": "way/990058810"
      }
    },
    {
      "type": "Feature",
      "geometry": {
        "type": "Point",
        "coordinates": [
          83.8486205,
          21.0367759
        ]
      },
      "properties": {
        "name": "Ulunda Solar Plant",
        "type": "solar",
        "capacity_mw": 0,
        "operator": "Unknown",
        "state": "Odisha",
        "osm_id": "way/990058811"
      }
    },
    {
      "type": "Feature",
      "geometry": {
        "type": "Point",
        "coordinates": [
          82.4768835,
          21.1178867
        ]
      },
      "properties": {
        "name": "Pithora Tahsil Solar Plant",
        "type": "solar",
        "capacity_mw": 0,
        "operator": "Unknown",
        "state": "Chhattisgarh",
        "osm_id": "way/990058813"
      }
    },
    {
      "type": "Feature",
      "geometry": {
        "type": "Point",
        "coordinates": [
          81.4763884,
          21.2342924
        ]
      },
      "properties": {
        "name": "Dhamdha Tahsil Solar Plant",
        "type": "solar",
        "capacity_mw": 0,
        "operator": "Unknown",
        "state": "Chhattisgarh",
        "osm_id": "way/990062941"
      }
    },
    {
      "type": "Feature",
      "geometry": {
        "type": "Point",
        "coordinates": [
          77.6228445,
          15.1319667
        ]
      },
      "properties": {
        "name": "Gooty Solar Plant",
        "type": "solar",
        "capacity_mw": 0,
        "operator": "Unknown",
        "state": "Andhra Pradesh",
        "osm_id": "way/990887246"
      }
    },
    {
      "type": "Feature",
      "geometry": {
        "type": "Point",
        "coordinates": [
          80.0500452,
          26.7237875
        ]
      },
      "properties": {
        "name": "Bilhaur Solar Plant",
        "type": "solar",
        "capacity_mw": 85.0,
        "operator": "Uttar Pradesh New and Renewable Energy Development Agency",
        "state": "Uttar Pradesh",
        "osm_id": "way/991127882"
      }
    },
    {
      "type": "Feature",
      "geometry": {
        "type": "Point",
        "coordinates": [
          80.067088,
          26.7552285
        ]
      },
      "properties": {
        "name": "Bilhaur solar farm",
        "type": "solar",
        "capacity_mw": 140.0,
        "operator": "National Thermal Power Corporation Limited",
        "state": "Uttar Pradesh",
        "osm_id": "way/991127883"
      }
    },
    {
      "type": "Feature",
      "geometry": {
        "type": "Point",
        "coordinates": [
          74.3630245,
          23.6294862
        ]
      },
      "properties": {
        "name": "Banswara Tehsil Solar Plant",
        "type": "solar",
        "capacity_mw": 0,
        "operator": "Unknown",
        "state": "Rajasthan",
        "osm_id": "way/992815025"
      }
    },
    {
      "type": "Feature",
      "geometry": {
        "type": "Point",
        "coordinates": [
          77.9126529,
          28.1601365
        ]
      },
      "properties": {
        "name": "Khurja Super Thermal Power Plant",
        "type": "coal",
        "capacity_mw": 1320.0,
        "operator": "THDC Ltd",
        "state": "Uttar Pradesh",
        "osm_id": "way/994875579"
      }
    },
    {
      "type": "Feature",
      "geometry": {
        "type": "Point",
        "coordinates": [
          78.8513679,
          12.1826586
        ]
      },
      "properties": {
        "name": "Thandrampet Hydro Plant",
        "type": "hydro",
        "capacity_mw": 0,
        "operator": "Unknown",
        "state": "Tamil Nadu",
        "osm_id": "way/995868195"
      }
    },
    {
      "type": "Feature",
      "geometry": {
        "type": "Point",
        "coordinates": [
          77.6215679,
          30.179659
        ]
      },
      "properties": {
        "name": "Behat Hydro Plant",
        "type": "hydro",
        "capacity_mw": 0,
        "operator": "Unknown",
        "state": "Uttar Pradesh",
        "osm_id": "way/998216295"
      }
    },
    {
      "type": "Feature",
      "geometry": {
        "type": "Point",
        "coordinates": [
          78.3093439,
          10.8529225
        ]
      },
      "properties": {
        "name": "Krishnarayapuram Solar Plant",
        "type": "solar",
        "capacity_mw": 0,
        "operator": "Unknown",
        "state": "Tamil Nadu",
        "osm_id": "way/998302164"
      }
    },
    {
      "type": "Feature",
      "geometry": {
        "type": "Point",
        "coordinates": [
          78.1864987,
          10.8155298
        ]
      },
      "properties": {
        "name": "Karur",
        "type": "solar",
        "capacity_mw": 10.0,
        "operator": "Unknown",
        "state": "Tamil Nadu",
        "osm_id": "way/998307433"
      }
    },
    {
      "type": "Feature",
      "geometry": {
        "type": "Point",
        "coordinates": [
          73.7114696,
          17.9502255
        ]
      },
      "properties": {
        "name": "Dhom Hydroelectricity Power Station",
        "type": "hydro",
        "capacity_mw": 2.0,
        "operator": "Unknown",
        "state": "Maharashtra",
        "osm_id": "way/999045168"
      }
    },
    {
      "type": "Feature",
      "geometry": {
        "type": "Point",
        "coordinates": [
          75.3695258,
          19.4835272
        ]
      },
      "properties": {
        "name": "Jayakwadi Hydroelectric Power Plant",
        "type": "hydro",
        "capacity_mw": 12.0,
        "operator": "Unknown",
        "state": "Maharashtra",
        "osm_id": "way/999045596"
      }
    },
    {
      "type": "Feature",
      "geometry": {
        "type": "Point",
        "coordinates": [
          72.6512012,
          26.2783365
        ]
      },
      "properties": {
        "name": "Durga Solar Power plant",
        "type": "solar",
        "capacity_mw": 1.0,
        "operator": "Sovox Renewables Private Limited",
        "state": "Rajasthan",
        "osm_id": "way/999053882"
      }
    },
    {
      "type": "Feature",
      "geometry": {
        "type": "Point",
        "coordinates": [
          78.4371967,
          25.2028125
        ]
      },
      "properties": {
        "name": "Jhansi Solar Plant",
        "type": "solar",
        "capacity_mw": 50.0,
        "operator": "Unknown",
        "state": "Uttar Pradesh",
        "osm_id": "way/1388308854"
      }
    },
    {
      "type": "Feature",
      "geometry": {
        "type": "Point",
        "coordinates": [
          87.3065901,
          22.5682568
        ]
      },
      "properties": {
        "name": "Salbani Solar Plant",
        "type": "solar",
        "capacity_mw": 0,
        "operator": "Unknown",
        "state": "West Bengal",
        "osm_id": "way/999062037"
      }
    },
    {
      "type": "Feature",
      "geometry": {
        "type": "Point",
        "coordinates": [
          83.8910557,
          20.7843965
        ]
      },
      "properties": {
        "name": "Manamunda",
        "type": "solar",
        "capacity_mw": 20.0,
        "operator": "Unknown",
        "state": "Odisha",
        "osm_id": "way/999062038"
      }
    },
    {
      "type": "Feature",
      "geometry": {
        "type": "Point",
        "coordinates": [
          72.2676493,
          26.074916
        ]
      },
      "properties": {
        "name": "Patodi",
        "type": "solar",
        "capacity_mw": 1.0,
        "operator": "Unknown",
        "state": "Rajasthan",
        "osm_id": "way/999202771"
      }
    },
    {
      "type": "Feature",
      "geometry": {
        "type": "Point",
        "coordinates": [
          73.251965,
          25.1684603
        ]
      },
      "properties": {
        "name": "Boya",
        "type": "solar",
        "capacity_mw": 10.0,
        "operator": "Unknown",
        "state": "Rajasthan",
        "osm_id": "way/999202772"
      }
    },
    {
      "type": "Feature",
      "geometry": {
        "type": "Point",
        "coordinates": [
          73.820764,
          24.6005082
        ]
      },
      "properties": {
        "name": "Debari",
        "type": "solar",
        "capacity_mw": 12.0,
        "operator": "Unknown",
        "state": "Rajasthan",
        "osm_id": "way/999202773"
      }
    },
    {
      "type": "Feature",
      "geometry": {
        "type": "Point",
        "coordinates": [
          75.5626412,
          26.5644383
        ]
      },
      "properties": {
        "name": "Phagi",
        "type": "solar",
        "capacity_mw": 1.0,
        "operator": "Unknown",
        "state": "Rajasthan",
        "osm_id": "way/999202774"
      }
    },
    {
      "type": "Feature",
      "geometry": {
        "type": "Point",
        "coordinates": [
          72.5377276,
          26.6533487
        ]
      },
      "properties": {
        "name": "Godelai",
        "type": "solar",
        "capacity_mw": 1.0,
        "operator": "Unknown",
        "state": "Rajasthan",
        "osm_id": "way/999202775"
      }
    },
    {
      "type": "Feature",
      "geometry": {
        "type": "Point",
        "coordinates": [
          75.6786581,
          27.9365235
        ]
      },
      "properties": {
        "name": "Rasulpur",
        "type": "solar",
        "capacity_mw": 1.0,
        "operator": "Unknown",
        "state": "Rajasthan",
        "osm_id": "way/999202776"
      }
    },
    {
      "type": "Feature",
      "geometry": {
        "type": "Point",
        "coordinates": [
          75.5819249,
          28.6966909
        ]
      },
      "properties": {
        "name": "Mithi",
        "type": "solar",
        "capacity_mw": 6.0,
        "operator": "Unknown",
        "state": "Haryana",
        "osm_id": "way/999202777"
      }
    },
    {
      "type": "Feature",
      "geometry": {
        "type": "Point",
        "coordinates": [
          74.2400131,
          28.3619486
        ]
      },
      "properties": {
        "name": "Amarsar",
        "type": "solar",
        "capacity_mw": 1.0,
        "operator": "Unknown",
        "state": "Rajasthan",
        "osm_id": "way/999202778"
      }
    },
    {
      "type": "Feature",
      "geometry": {
        "type": "Point",
        "coordinates": [
          71.5322399,
          27.0322507
        ]
      },
      "properties": {
        "name": "Lathi",
        "type": "solar",
        "capacity_mw": 1.0,
        "operator": "Unknown",
        "state": "Rajasthan",
        "osm_id": "way/999202779"
      }
    },
    {
      "type": "Feature",
      "geometry": {
        "type": "Point",
        "coordinates": [
          70.9432348,
          27.6968116
        ]
      },
      "properties": {
        "name": "Jaisalmer Tehsil Solar Plant",
        "type": "solar",
        "capacity_mw": 0,
        "operator": "Unknown",
        "state": "Rajasthan",
        "osm_id": "way/999202780"
      }
    },
    {
      "type": "Feature",
      "geometry": {
        "type": "Point",
        "coordinates": [
          74.6188724,
          30.4613523
        ]
      },
      "properties": {
        "name": "Khirkianwala",
        "type": "solar",
        "capacity_mw": 1.8,
        "operator": "Unknown",
        "state": "Punjab",
        "osm_id": "way/999213864"
      }
    },
    {
      "type": "Feature",
      "geometry": {
        "type": "Point",
        "coordinates": [
          75.6693033,
          29.8750667
        ]
      },
      "properties": {
        "name": "Bareta",
        "type": "solar",
        "capacity_mw": 30.0,
        "operator": "Unknown",
        "state": "Punjab",
        "osm_id": "way/999213865"
      }
    },
    {
      "type": "Feature",
      "geometry": {
        "type": "Point",
        "coordinates": [
          75.2639329,
          29.6586851
        ]
      },
      "properties": {
        "name": "Khaira Khurd",
        "type": "solar",
        "capacity_mw": 25.0,
        "operator": "Unknown",
        "state": "Punjab",
        "osm_id": "way/999213866"
      }
    },
    {
      "type": "Feature",
      "geometry": {
        "type": "Point",
        "coordinates": [
          75.3083557,
          29.7319705
        ]
      },
      "properties": {
        "name": "Mirpur Kalan",
        "type": "solar",
        "capacity_mw": 30.0,
        "operator": "Unknown",
        "state": "Punjab",
        "osm_id": "way/999213867"
      }
    },
    {
      "type": "Feature",
      "geometry": {
        "type": "Point",
        "coordinates": [
          75.1921899,
          29.8595805
        ]
      },
      "properties": {
        "name": "Nagla",
        "type": "solar",
        "capacity_mw": 3.0,
        "operator": "Unknown",
        "state": "Punjab",
        "osm_id": "way/999213868"
      }
    },
    {
      "type": "Feature",
      "geometry": {
        "type": "Point",
        "coordinates": [
          75.2099612,
          29.859598
        ]
      },
      "properties": {
        "name": "Talwandi Sabo Tahsil Solar Plant",
        "type": "solar",
        "capacity_mw": 15.0,
        "operator": "Unknown",
        "state": "Punjab",
        "osm_id": "way/999213869"
      }
    },
    {
      "type": "Feature",
      "geometry": {
        "type": "Point",
        "coordinates": [
          75.1631986,
          29.962466
        ]
      },
      "properties": {
        "name": "Ramtirath Jaga",
        "type": "solar",
        "capacity_mw": 6.0,
        "operator": "Unknown",
        "state": "Punjab",
        "osm_id": "way/999213871"
      }
    },
    {
      "type": "Feature",
      "geometry": {
        "type": "Point",
        "coordinates": [
          75.4825035,
          31.2496753
        ]
      },
      "properties": {
        "name": "Lallian Kalan",
        "type": "solar",
        "capacity_mw": 1.0,
        "operator": "Unknown",
        "state": "Punjab",
        "osm_id": "way/999225110"
      }
    },
    {
      "type": "Feature",
      "geometry": {
        "type": "Point",
        "coordinates": [
          77.1595023,
          28.427542
        ]
      },
      "properties": {
        "name": "Gwal Pahari Solar Power Plant",
        "type": "solar",
        "capacity_mw": 3.0,
        "operator": "Solar Energy Centre",
        "state": "Delhi",
        "osm_id": "way/999227746"
      }
    },
    {
      "type": "Feature",
      "geometry": {
        "type": "Point",
        "coordinates": [
          76.8708329,
          29.3885676
        ]
      },
      "properties": {
        "name": "Panipat",
        "type": "solar",
        "capacity_mw": 920.0,
        "operator": "Unknown",
        "state": "Haryana",
        "osm_id": "way/999227749"
      }
    },
    {
      "type": "Feature",
      "geometry": {
        "type": "Point",
        "coordinates": [
          79.918558,
          25.9063428
        ]
      },
      "properties": {
        "name": "Bindpuri",
        "type": "solar",
        "capacity_mw": 10.0,
        "operator": "Unknown",
        "state": "Uttar Pradesh",
        "osm_id": "way/999233558"
      }
    },
    {
      "type": "Feature",
      "geometry": {
        "type": "Point",
        "coordinates": [
          79.6902805,
          27.6067473
        ]
      },
      "properties": {
        "name": "Chiluah",
        "type": "solar",
        "capacity_mw": 10.0,
        "operator": "Unknown",
        "state": "Uttar Pradesh",
        "osm_id": "way/999233559"
      }
    },
    {
      "type": "Feature",
      "geometry": {
        "type": "Point",
        "coordinates": [
          77.6317173,
          28.5787982
        ]
      },
      "properties": {
        "name": "Dadri",
        "type": "solar",
        "capacity_mw": 5.0,
        "operator": "Unknown",
        "state": "Uttar Pradesh",
        "osm_id": "way/999233560"
      }
    },
    {
      "type": "Feature",
      "geometry": {
        "type": "Point",
        "coordinates": [
          79.2828919,
          29.0851245
        ]
      },
      "properties": {
        "name": "Gadarpur Solar Farm",
        "type": "solar",
        "capacity_mw": 12.5,
        "operator": "Unknown",
        "state": "Uttarakhand",
        "osm_id": "way/999236374"
      }
    },
    {
      "type": "Feature",
      "geometry": {
        "type": "Point",
        "coordinates": [
          77.9305878,
          29.7379331
        ]
      },
      "properties": {
        "name": "Manglaur",
        "type": "solar",
        "capacity_mw": 10.0,
        "operator": "Unknown",
        "state": "Uttarakhand",
        "osm_id": "way/999236375"
      }
    },
    {
      "type": "Feature",
      "geometry": {
        "type": "Point",
        "coordinates": [
          87.0695257,
          23.7162869
        ]
      },
      "properties": {
        "name": "Jamuria Solar Plant",
        "type": "solar",
        "capacity_mw": 2.0,
        "operator": "West Bengal Energy Development Corporation Limited (WBEDCL)",
        "state": "West Bengal",
        "osm_id": "way/999246057"
      }
    },
    {
      "type": "Feature",
      "geometry": {
        "type": "Point",
        "coordinates": [
          74.7070366,
          22.3350418
        ]
      },
      "properties": {
        "name": "Kanheri Bhatyari",
        "type": "solar",
        "capacity_mw": 20.0,
        "operator": "Unknown",
        "state": "Madhya Pradesh",
        "osm_id": "way/999254214"
      }
    },
    {
      "type": "Feature",
      "geometry": {
        "type": "Point",
        "coordinates": [
          75.5282888,
          23.6967282
        ]
      },
      "properties": {
        "name": "Alot Tahsil Solar Plant",
        "type": "solar",
        "capacity_mw": 0,
        "operator": "Unknown",
        "state": "Madhya Pradesh",
        "osm_id": "way/999254215"
      }
    },
    {
      "type": "Feature",
      "geometry": {
        "type": "Point",
        "coordinates": [
          76.0224053,
          23.983998
        ]
      },
      "properties": {
        "name": "Dehriya Susner",
        "type": "solar",
        "capacity_mw": 10.0,
        "operator": "Unknown",
        "state": "Madhya Pradesh",
        "osm_id": "way/999254216"
      }
    },
    {
      "type": "Feature",
      "geometry": {
        "type": "Point",
        "coordinates": [
          77.8951987,
          23.8142567
        ]
      },
      "properties": {
        "name": "Basoda Tahsil Solar Plant",
        "type": "solar",
        "capacity_mw": 0,
        "operator": "Unknown",
        "state": "Madhya Pradesh",
        "osm_id": "way/999254217"
      }
    },
    {
      "type": "Feature",
      "geometry": {
        "type": "Point",
        "coordinates": [
          77.6282384,
          24.5093188
        ]
      },
      "properties": {
        "name": "Bhensarwas",
        "type": "solar",
        "capacity_mw": 51.0,
        "operator": "Unknown",
        "state": "Madhya Pradesh",
        "osm_id": "way/999254220"
      }
    },
    {
      "type": "Feature",
      "geometry": {
        "type": "Point",
        "coordinates": [
          73.4396545,
          23.5049469
        ]
      },
      "properties": {
        "name": "Modasa Taluka Solar Plant",
        "type": "solar",
        "capacity_mw": 40.0,
        "operator": "Unknown",
        "state": "Gujarat",
        "osm_id": "way/1002378027"
      }
    },
    {
      "type": "Feature",
      "geometry": {
        "type": "Point",
        "coordinates": [
          71.8758362,
          23.7212105
        ]
      },
      "properties": {
        "name": "Harij",
        "type": "solar",
        "capacity_mw": 30.0,
        "operator": "Unknown",
        "state": "Gujarat",
        "osm_id": "way/999260109"
      }
    },
    {
      "type": "Feature",
      "geometry": {
        "type": "Point",
        "coordinates": [
          74.3683769,
          18.3194503
        ]
      },
      "properties": {
        "name": "Supe",
        "type": "solar",
        "capacity_mw": 0,
        "operator": "Unknown",
        "state": "Maharashtra",
        "osm_id": "way/999353824"
      }
    },
    {
      "type": "Feature",
      "geometry": {
        "type": "Point",
        "coordinates": [
          74.5685132,
          18.3153724
        ]
      },
      "properties": {
        "name": "Shirsuphal",
        "type": "solar",
        "capacity_mw": 52.0,
        "operator": "Unknown",
        "state": "Maharashtra",
        "osm_id": "way/999353825"
      }
    },
    {
      "type": "Feature",
      "geometry": {
        "type": "Point",
        "coordinates": [
          74.8253154,
          17.5560762
        ]
      },
      "properties": {
        "name": "Palaswade",
        "type": "solar",
        "capacity_mw": 25.0,
        "operator": "Unknown",
        "state": "Maharashtra",
        "osm_id": "way/999353827"
      }
    },
    {
      "type": "Feature",
      "geometry": {
        "type": "Point",
        "coordinates": [
          75.0321177,
          20.3803497
        ]
      },
      "properties": {
        "name": "Bodhare",
        "type": "solar",
        "capacity_mw": 50.0,
        "operator": "Unknown",
        "state": "Maharashtra",
        "osm_id": "way/999353828"
      }
    },
    {
      "type": "Feature",
      "geometry": {
        "type": "Point",
        "coordinates": [
          75.5220499,
          18.6700744
        ]
      },
      "properties": {
        "name": "Mohari",
        "type": "solar",
        "capacity_mw": 10.0,
        "operator": "Unknown",
        "state": "Maharashtra",
        "osm_id": "way/999353829"
      }
    },
    {
      "type": "Feature",
      "geometry": {
        "type": "Point",
        "coordinates": [
          86.1273,
          23.7376
        ]
      },
      "properties": {
        "name": "Chandrapur",
        "type": "solar",
        "capacity_mw": 630.0,
        "operator": "MAHAGENCO",
        "state": "Maharashtra",
        "osm_id": "way/999353830"
      }
    },
    {
      "type": "Feature",
      "geometry": {
        "type": "Point",
        "coordinates": [
          78.6106066,
          21.2942402
        ]
      },
      "properties": {
        "name": "Katol",
        "type": "solar",
        "capacity_mw": 4.0,
        "operator": "Unknown",
        "state": "Maharashtra",
        "osm_id": "way/999353831"
      }
    },
    {
      "type": "Feature",
      "geometry": {
        "type": "Point",
        "coordinates": [
          75.994112,
          21.0284153
        ]
      },
      "properties": {
        "name": "Muktainagar (Edlabad) Solar Plant",
        "type": "solar",
        "capacity_mw": 0,
        "operator": "Unknown",
        "state": "Maharashtra",
        "osm_id": "way/999353834"
      }
    },
    {
      "type": "Feature",
      "geometry": {
        "type": "Point",
        "coordinates": [
          75.9787202,
          21.0328817
        ]
      },
      "properties": {
        "name": "Bhusawal Solar Plant",
        "type": "solar",
        "capacity_mw": 1210.0,
        "operator": "Unknown",
        "state": "Maharashtra",
        "osm_id": "way/999353835"
      }
    },
    {
      "type": "Feature",
      "geometry": {
        "type": "Point",
        "coordinates": [
          78.1425574,
          14.164505
        ]
      },
      "properties": {
        "name": "Kotagulla",
        "type": "solar",
        "capacity_mw": 10.0,
        "operator": "Unknown",
        "state": "Andhra Pradesh",
        "osm_id": "way/999489494"
      }
    },
    {
      "type": "Feature",
      "geometry": {
        "type": "Point",
        "coordinates": [
          81.3625199,
          16.8609533
        ]
      },
      "properties": {
        "name": "Gollagudem",
        "type": "solar",
        "capacity_mw": 5.0,
        "operator": "Unknown",
        "state": "Andhra Pradesh",
        "osm_id": "way/999489497"
      }
    },
    {
      "type": "Feature",
      "geometry": {
        "type": "Point",
        "coordinates": [
          79.3256423,
          17.2075926
        ]
      },
      "properties": {
        "name": "Aitipamula",
        "type": "solar",
        "capacity_mw": 15.0,
        "operator": "Unknown",
        "state": "Telangana",
        "osm_id": "way/999507274"
      }
    },
    {
      "type": "Feature",
      "geometry": {
        "type": "Point",
        "coordinates": [
          79.5964998,
          17.2704981
        ]
      },
      "properties": {
        "name": "Kandagatla Keerthi",
        "type": "solar",
        "capacity_mw": 8.0,
        "operator": "Unknown",
        "state": "Telangana",
        "osm_id": "way/999507275"
      }
    },
    {
      "type": "Feature",
      "geometry": {
        "type": "Point",
        "coordinates": [
          79.0185607,
          17.7129276
        ]
      },
      "properties": {
        "name": "Somaram C",
        "type": "solar",
        "capacity_mw": 18.0,
        "operator": "Unknown",
        "state": "Telangana",
        "osm_id": "way/999507276"
      }
    },
    {
      "type": "Feature",
      "geometry": {
        "type": "Point",
        "coordinates": [
          78.9945369,
          17.7177587
        ]
      },
      "properties": {
        "name": "Somaram A",
        "type": "solar",
        "capacity_mw": 20.0,
        "operator": "Unknown",
        "state": "Telangana",
        "osm_id": "way/999507277"
      }
    },
    {
      "type": "Feature",
      "geometry": {
        "type": "Point",
        "coordinates": [
          79.7269195,
          18.7826747
        ]
      },
      "properties": {
        "name": "Othkulapalli",
        "type": "solar",
        "capacity_mw": 0,
        "operator": "Unknown",
        "state": "Telangana",
        "osm_id": "way/999507282"
      }
    },
    {
      "type": "Feature",
      "geometry": {
        "type": "Point",
        "coordinates": [
          77.8647128,
          17.2316906
        ]
      },
      "properties": {
        "name": "Barkathpally",
        "type": "solar",
        "capacity_mw": 5.0,
        "operator": "Unknown",
        "state": "Telangana",
        "osm_id": "way/999507283"
      }
    },
    {
      "type": "Feature",
      "geometry": {
        "type": "Point",
        "coordinates": [
          77.013,
          17.793
        ]
      },
      "properties": {
        "name": "Saidapur",
        "type": "solar",
        "capacity_mw": 24.0,
        "operator": "Unknown",
        "state": "Andhra Pradesh",
        "osm_id": "way/999507284"
      }
    },
    {
      "type": "Feature",
      "geometry": {
        "type": "Point",
        "coordinates": [
          77.8648308,
          17.6624117
        ]
      },
      "properties": {
        "name": "Pedda Gopalaram",
        "type": "solar",
        "capacity_mw": 20.0,
        "operator": "Unknown",
        "state": "Telangana",
        "osm_id": "way/999507285"
      }
    },
    {
      "type": "Feature",
      "geometry": {
        "type": "Point",
        "coordinates": [
          77.8606439,
          17.6893016
        ]
      },
      "properties": {
        "name": "Munipalli",
        "type": "solar",
        "capacity_mw": 5.0,
        "operator": "Unknown",
        "state": "Telangana",
        "osm_id": "way/999507286"
      }
    },
    {
      "type": "Feature",
      "geometry": {
        "type": "Point",
        "coordinates": [
          77.8282696,
          17.9494961
        ]
      },
      "properties": {
        "name": "Lingampalle",
        "type": "solar",
        "capacity_mw": 10.0,
        "operator": "Unknown",
        "state": "Telangana",
        "osm_id": "way/999507289"
      }
    },
    {
      "type": "Feature",
      "geometry": {
        "type": "Point",
        "coordinates": [
          78.1425024,
          17.7417803
        ]
      },
      "properties": {
        "name": "Panyala",
        "type": "solar",
        "capacity_mw": 5.0,
        "operator": "Unknown",
        "state": "Telangana",
        "osm_id": "way/999507292"
      }
    },
    {
      "type": "Feature",
      "geometry": {
        "type": "Point",
        "coordinates": [
          76.9608318,
          12.0537326
        ]
      },
      "properties": {
        "name": "T.N.Pura",
        "type": "solar",
        "capacity_mw": 20.0,
        "operator": "Unknown",
        "state": "Karnataka",
        "osm_id": "way/999615857"
      }
    },
    {
      "type": "Feature",
      "geometry": {
        "type": "Point",
        "coordinates": [
          76.1763105,
          12.3915799
        ]
      },
      "properties": {
        "name": "Kalkere",
        "type": "solar",
        "capacity_mw": 20.0,
        "operator": "Unknown",
        "state": "Karnataka",
        "osm_id": "way/999615858"
      }
    },
    {
      "type": "Feature",
      "geometry": {
        "type": "Point",
        "coordinates": [
          76.8530559,
          14.1063191
        ]
      },
      "properties": {
        "name": "Kanajanahalli",
        "type": "solar",
        "capacity_mw": 20.0,
        "operator": "Unknown",
        "state": "Karnataka",
        "osm_id": "way/999615863"
      }
    },
    {
      "type": "Feature",
      "geometry": {
        "type": "Point",
        "coordinates": [
          76.8147245,
          14.8671014
        ]
      },
      "properties": {
        "name": "Devasamudra",
        "type": "solar",
        "capacity_mw": 10.0,
        "operator": "Unknown",
        "state": "Karnataka",
        "osm_id": "way/999615868"
      }
    },
    {
      "type": "Feature",
      "geometry": {
        "type": "Point",
        "coordinates": [
          75.1855398,
          14.9643864
        ]
      },
      "properties": {
        "name": "Jakkanakatti",
        "type": "solar",
        "capacity_mw": 0,
        "operator": "Unknown",
        "state": "Karnataka",
        "osm_id": "way/999615869"
      }
    },
    {
      "type": "Feature",
      "geometry": {
        "type": "Point",
        "coordinates": [
          76.4639318,
          15.5712415
        ]
      },
      "properties": {
        "name": "Kanakagiri",
        "type": "solar",
        "capacity_mw": 20.0,
        "operator": "Unknown",
        "state": "Karnataka",
        "osm_id": "way/999615870"
      }
    },
    {
      "type": "Feature",
      "geometry": {
        "type": "Point",
        "coordinates": [
          76.2064103,
          15.5748561
        ]
      },
      "properties": {
        "name": "Kolihala",
        "type": "solar",
        "capacity_mw": 5.0,
        "operator": "Unknown",
        "state": "Karnataka",
        "osm_id": "way/999615872"
      }
    },
    {
      "type": "Feature",
      "geometry": {
        "type": "Point",
        "coordinates": [
          78.0462366,
          16.6235037
        ]
      },
      "properties": {
        "name": "Ghanpur",
        "type": "solar",
        "capacity_mw": 15.0,
        "operator": "Unknown",
        "state": "Telangana",
        "osm_id": "way/999615873"
      }
    },
    {
      "type": "Feature",
      "geometry": {
        "type": "Point",
        "coordinates": [
          77.5570848,
          16.1324933
        ]
      },
      "properties": {
        "name": "Ghattu",
        "type": "solar",
        "capacity_mw": 39.0,
        "operator": "Unknown",
        "state": "Telangana",
        "osm_id": "way/999615874"
      }
    },
    {
      "type": "Feature",
      "geometry": {
        "type": "Point",
        "coordinates": [
          77.587548,
          16.8846084
        ]
      },
      "properties": {
        "name": "Kajipuram",
        "type": "solar",
        "capacity_mw": 30.0,
        "operator": "Unknown",
        "state": "Telangana",
        "osm_id": "way/999615877"
      }
    },
    {
      "type": "Feature",
      "geometry": {
        "type": "Point",
        "coordinates": [
          77.5706139,
          17.6123193
        ]
      },
      "properties": {
        "name": "Jeedigadda Thanda",
        "type": "solar",
        "capacity_mw": 0,
        "operator": "Unknown",
        "state": "Telangana",
        "osm_id": "way/999615878"
      }
    },
    {
      "type": "Feature",
      "geometry": {
        "type": "Point",
        "coordinates": [
          78.178137,
          17.3493224
        ]
      },
      "properties": {
        "name": "Rangareddy Mytrah",
        "type": "solar",
        "capacity_mw": 7.0,
        "operator": "Unknown",
        "state": "Telangana",
        "osm_id": "way/999615882"
      }
    },
    {
      "type": "Feature",
      "geometry": {
        "type": "Point",
        "coordinates": [
          77.629074,
          17.1553865
        ]
      },
      "properties": {
        "name": "Yenkepalle",
        "type": "solar",
        "capacity_mw": 0,
        "operator": "Unknown",
        "state": "Telangana",
        "osm_id": "way/999615885"
      }
    },
    {
      "type": "Feature",
      "geometry": {
        "type": "Point",
        "coordinates": [
          77.5572817,
          17.0742
        ]
      },
      "properties": {
        "name": "Angadi Raichur",
        "type": "solar",
        "capacity_mw": 7.0,
        "operator": "Unknown",
        "state": "Telangana",
        "osm_id": "way/999615886"
      }
    },
    {
      "type": "Feature",
      "geometry": {
        "type": "Point",
        "coordinates": [
          76.1806973,
          18.0792475
        ]
      },
      "properties": {
        "name": "Dharashiv Solar Plant",
        "type": "solar",
        "capacity_mw": 1.0,
        "operator": "Dr Babasaheb Ambedkar SSK Limited",
        "state": "Maharashtra",
        "osm_id": "way/999615887"
      }
    },
    {
      "type": "Feature",
      "geometry": {
        "type": "Point",
        "coordinates": [
          78.4489274,
          9.8050155
        ]
      },
      "properties": {
        "name": "Sivaganga",
        "type": "solar",
        "capacity_mw": 0,
        "operator": "Unknown",
        "state": "Tamil Nadu",
        "osm_id": "way/999684605"
      }
    },
    {
      "type": "Feature",
      "geometry": {
        "type": "Point",
        "coordinates": [
          78.6894498,
          11.121742
        ]
      },
      "properties": {
        "name": "Kottathur",
        "type": "solar",
        "capacity_mw": 10.0,
        "operator": "Unknown",
        "state": "Tamil Nadu",
        "osm_id": "way/999684607"
      }
    },
    {
      "type": "Feature",
      "geometry": {
        "type": "Point",
        "coordinates": [
          78.4580549,
          11.193579
        ]
      },
      "properties": {
        "name": "Azhagapuri",
        "type": "solar",
        "capacity_mw": 5.0,
        "operator": "Unknown",
        "state": "Tamil Nadu",
        "osm_id": "way/999684608"
      }
    },
    {
      "type": "Feature",
      "geometry": {
        "type": "Point",
        "coordinates": [
          77.9771041,
          10.8566071
        ]
      },
      "properties": {
        "name": "Kodaiyur",
        "type": "solar",
        "capacity_mw": 5.0,
        "operator": "Unknown",
        "state": "Tamil Nadu",
        "osm_id": "way/999684609"
      }
    },
    {
      "type": "Feature",
      "geometry": {
        "type": "Point",
        "coordinates": [
          76.8723835,
          8.5353278
        ]
      },
      "properties": {
        "name": "Thiruvananthapuram Solar Plant",
        "type": "solar",
        "capacity_mw": 0.2,
        "operator": "Unknown",
        "state": "Kerala",
        "osm_id": "way/999687410"
      }
    },
    {
      "type": "Feature",
      "geometry": {
        "type": "Point",
        "coordinates": [
          76.3903648,
          10.1490663
        ]
      },
      "properties": {
        "name": "Aluva Solar Plant",
        "type": "solar",
        "capacity_mw": 1.0,
        "operator": "Unknown",
        "state": "Kerala",
        "osm_id": "way/999687411"
      }
    },
    {
      "type": "Feature",
      "geometry": {
        "type": "Point",
        "coordinates": [
          78.0679478,
          17.982283
        ]
      },
      "properties": {
        "name": "Seripally",
        "type": "solar",
        "capacity_mw": 0,
        "operator": "Unknown",
        "state": "Telangana",
        "osm_id": "way/999716952"
      }
    },
    {
      "type": "Feature",
      "geometry": {
        "type": "Point",
        "coordinates": [
          78.0541659,
          17.9595797
        ]
      },
      "properties": {
        "name": "Korampalle",
        "type": "solar",
        "capacity_mw": 0,
        "operator": "Unknown",
        "state": "Telangana",
        "osm_id": "way/999719287"
      }
    },
    {
      "type": "Feature",
      "geometry": {
        "type": "Point",
        "coordinates": [
          78.021445,
          17.9207058
        ]
      },
      "properties": {
        "name": "Bardipur",
        "type": "solar",
        "capacity_mw": 0,
        "operator": "Unknown",
        "state": "Telangana",
        "osm_id": "way/999719288"
      }
    },
    {
      "type": "Feature",
      "geometry": {
        "type": "Point",
        "coordinates": [
          77.8223821,
          17.9225854
        ]
      },
      "properties": {
        "name": "Tatpalle",
        "type": "solar",
        "capacity_mw": 0,
        "operator": "Unknown",
        "state": "Telangana",
        "osm_id": "way/999719666"
      }
    },
    {
      "type": "Feature",
      "geometry": {
        "type": "Point",
        "coordinates": [
          77.4404517,
          17.7775558
        ]
      },
      "properties": {
        "name": "Bidar",
        "type": "solar",
        "capacity_mw": 15.0,
        "operator": "Unknown",
        "state": "Karnataka",
        "osm_id": "relation/16706086"
      }
    },
    {
      "type": "Feature",
      "geometry": {
        "type": "Point",
        "coordinates": [
          77.0671016,
          10.8373392
        ]
      },
      "properties": {
        "name": "Pollachi Solar Plant",
        "type": "solar",
        "capacity_mw": 0,
        "operator": "Unknown",
        "state": "Tamil Nadu",
        "osm_id": "way/999721676"
      }
    },
    {
      "type": "Feature",
      "geometry": {
        "type": "Point",
        "coordinates": [
          78.424294,
          10.8485509
        ]
      },
      "properties": {
        "name": "Kulithalai Solar Plant",
        "type": "solar",
        "capacity_mw": 0,
        "operator": "Unknown",
        "state": "Tamil Nadu",
        "osm_id": "way/999721677"
      }
    },
    {
      "type": "Feature",
      "geometry": {
        "type": "Point",
        "coordinates": [
          74.66241,
          31.4472341
        ]
      },
      "properties": {
        "name": "Chhina Bidhi Chand",
        "type": "solar",
        "capacity_mw": 2.0,
        "operator": "Unknown",
        "state": "Punjab",
        "osm_id": "way/999982168"
      }
    },
    {
      "type": "Feature",
      "geometry": {
        "type": "Point",
        "coordinates": [
          74.9182646,
          31.9463007
        ]
      },
      "properties": {
        "name": "Ramdas",
        "type": "solar",
        "capacity_mw": 1.0,
        "operator": "Unknown",
        "state": "Punjab",
        "osm_id": "way/999982169"
      }
    },
    {
      "type": "Feature",
      "geometry": {
        "type": "Point",
        "coordinates": [
          74.7448691,
          30.1209694
        ]
      },
      "properties": {
        "name": "Bathinda Tahsil Solar Plant",
        "type": "solar",
        "capacity_mw": 0,
        "operator": "Unknown",
        "state": "Punjab",
        "osm_id": "way/1002372097"
      }
    },
    {
      "type": "Feature",
      "geometry": {
        "type": "Point",
        "coordinates": [
          76.7919553,
          30.664659
        ]
      },
      "properties": {
        "name": "S.A.S. Nagar (Mohali) Tahsil Solar Plant",
        "type": "solar",
        "capacity_mw": 0,
        "operator": "Unknown",
        "state": "Punjab",
        "osm_id": "way/1002372999"
      }
    },
    {
      "type": "Feature",
      "geometry": {
        "type": "Point",
        "coordinates": [
          78.2363663,
          17.0467672
        ]
      },
      "properties": {
        "name": "Farooqnagar mandal Solar Plant",
        "type": "solar",
        "capacity_mw": 0,
        "operator": "Unknown",
        "state": "Telangana",
        "osm_id": "way/1002373125"
      }
    },
    {
      "type": "Feature",
      "geometry": {
        "type": "Point",
        "coordinates": [
          74.8275791,
          12.9470847
        ]
      },
      "properties": {
        "name": "Mangaluru taluk Solar Plant",
        "type": "solar",
        "capacity_mw": 0,
        "operator": "Unknown",
        "state": "Karnataka",
        "osm_id": "way/1002373710"
      }
    },
    {
      "type": "Feature",
      "geometry": {
        "type": "Point",
        "coordinates": [
          74.790448,
          16.1773672
        ]
      },
      "properties": {
        "name": "Gokak taluku Solar Plant",
        "type": "solar",
        "capacity_mw": 0,
        "operator": "Unknown",
        "state": "Karnataka",
        "osm_id": "way/1002374278"
      }
    },
    {
      "type": "Feature",
      "geometry": {
        "type": "Point",
        "coordinates": [
          72.994886,
          23.7686194
        ]
      },
      "properties": {
        "name": "Idar Taluka Solar Plant",
        "type": "solar",
        "capacity_mw": 0,
        "operator": "Unknown",
        "state": "Gujarat",
        "osm_id": "way/1002374414"
      }
    },
    {
      "type": "Feature",
      "geometry": {
        "type": "Point",
        "coordinates": [
          72.7265605,
          22.303796
        ]
      },
      "properties": {
        "name": "Khambhat Taluka Solar Plant",
        "type": "solar",
        "capacity_mw": 0,
        "operator": "Unknown",
        "state": "Gujarat",
        "osm_id": "way/1002374415"
      }
    },
    {
      "type": "Feature",
      "geometry": {
        "type": "Point",
        "coordinates": [
          72.9721368,
          20.2660821
        ]
      },
      "properties": {
        "name": "Nagar Haveli Solar Plant",
        "type": "solar",
        "capacity_mw": 0,
        "operator": "Unknown",
        "state": "Dadra and Nagar Haveli",
        "osm_id": "way/1002374470"
      }
    },
    {
      "type": "Feature",
      "geometry": {
        "type": "Point",
        "coordinates": [
          72.825939,
          21.0084774
        ]
      },
      "properties": {
        "name": "Jalalpore Taluka Solar Plant",
        "type": "solar",
        "capacity_mw": 0,
        "operator": "Unknown",
        "state": "Gujarat",
        "osm_id": "way/1002374524"
      }
    },
    {
      "type": "Feature",
      "geometry": {
        "type": "Point",
        "coordinates": [
          69.8433548,
          22.4228361
        ]
      },
      "properties": {
        "name": "Jamnagar Taluka Solar Plant",
        "type": "solar",
        "capacity_mw": 0,
        "operator": "Unknown",
        "state": "Gujarat",
        "osm_id": "way/1002375029"
      }
    },
    {
      "type": "Feature",
      "geometry": {
        "type": "Point",
        "coordinates": [
          69.7025362,
          22.9313765
        ]
      },
      "properties": {
        "name": "Mundra Taluka Solar Plant",
        "type": "solar",
        "capacity_mw": 0,
        "operator": "Unknown",
        "state": "Gujarat",
        "osm_id": "way/1002375165"
      }
    },
    {
      "type": "Feature",
      "geometry": {
        "type": "Point",
        "coordinates": [
          74.9567959,
          18.0902202
        ]
      },
      "properties": {
        "name": "Indapur Solar Plant",
        "type": "solar",
        "capacity_mw": 0,
        "operator": "Unknown",
        "state": "Maharashtra",
        "osm_id": "way/1002375263"
      }
    },
    {
      "type": "Feature",
      "geometry": {
        "type": "Point",
        "coordinates": [
          74.6193928,
          19.0766917
        ]
      },
      "properties": {
        "name": "Ahmednagar Solar Plant",
        "type": "solar",
        "capacity_mw": 0,
        "operator": "Unknown",
        "state": "Maharashtra",
        "osm_id": "way/1002375271"
      }
    },
    {
      "type": "Feature",
      "geometry": {
        "type": "Point",
        "coordinates": [
          70.3706892,
          21.4803016
        ]
      },
      "properties": {
        "name": "Vanthali Taluka Solar Plant",
        "type": "solar",
        "capacity_mw": 0,
        "operator": "Unknown",
        "state": "Gujarat",
        "osm_id": "way/1002375294"
      }
    },
    {
      "type": "Feature",
      "geometry": {
        "type": "Point",
        "coordinates": [
          71.4150097,
          22.5395379
        ]
      },
      "properties": {
        "name": "Sayla Taluka Solar Plant",
        "type": "solar",
        "capacity_mw": 0,
        "operator": "Unknown",
        "state": "Gujarat",
        "osm_id": "way/1002375319"
      }
    },
    {
      "type": "Feature",
      "geometry": {
        "type": "Point",
        "coordinates": [
          76.4913197,
          14.6173519
        ]
      },
      "properties": {
        "name": "Kudligi taluku Solar Plant",
        "type": "solar",
        "capacity_mw": 0,
        "operator": "Unknown",
        "state": "Karnataka",
        "osm_id": "way/1002375967"
      }
    },
    {
      "type": "Feature",
      "geometry": {
        "type": "Point",
        "coordinates": [
          76.7084964,
          31.5970269
        ]
      },
      "properties": {
        "name": "Bhoranj Solar Plant",
        "type": "solar",
        "capacity_mw": 0,
        "operator": "Unknown",
        "state": "Himachal Pradesh",
        "osm_id": "way/1002376549"
      }
    },
    {
      "type": "Feature",
      "geometry": {
        "type": "Point",
        "coordinates": [
          76.4704197,
          14.2420895
        ]
      },
      "properties": {
        "name": "Chitradurga taluku Solar Plant",
        "type": "solar",
        "capacity_mw": 0,
        "operator": "Unknown",
        "state": "Karnataka",
        "osm_id": "way/1002377315"
      }
    },
    {
      "type": "Feature",
      "geometry": {
        "type": "Point",
        "coordinates": [
          77.7546084,
          29.8780778
        ]
      },
      "properties": {
        "name": "Roorkee Solar Plant",
        "type": "solar",
        "capacity_mw": 0,
        "operator": "Unknown",
        "state": "Uttarakhand",
        "osm_id": "way/1002377619"
      }
    },
    {
      "type": "Feature",
      "geometry": {
        "type": "Point",
        "coordinates": [
          73.050704,
          22.3786398
        ]
      },
      "properties": {
        "name": "Anklav Taluka Solar Plant",
        "type": "solar",
        "capacity_mw": 0,
        "operator": "Unknown",
        "state": "Gujarat",
        "osm_id": "way/1002377643"
      }
    },
    {
      "type": "Feature",
      "geometry": {
        "type": "Point",
        "coordinates": [
          71.7966093,
          23.1712171
        ]
      },
      "properties": {
        "name": "Dasada Taluka Solar Plant",
        "type": "solar",
        "capacity_mw": 0,
        "operator": "Unknown",
        "state": "Gujarat",
        "osm_id": "way/1002378126"
      }
    },
    {
      "type": "Feature",
      "geometry": {
        "type": "Point",
        "coordinates": [
          71.9376384,
          22.0164787
        ]
      },
      "properties": {
        "name": "Vallabhipur Taluka Solar Plant",
        "type": "solar",
        "capacity_mw": 0,
        "operator": "Unknown",
        "state": "Gujarat",
        "osm_id": "way/1002378202"
      }
    },
    {
      "type": "Feature",
      "geometry": {
        "type": "Point",
        "coordinates": [
          80.2672692,
          26.4767231
        ]
      },
      "properties": {
        "name": "Kanpur Solar Plant",
        "type": "solar",
        "capacity_mw": 0,
        "operator": "Unknown",
        "state": "Uttar Pradesh",
        "osm_id": "way/1002378262"
      }
    },
    {
      "type": "Feature",
      "geometry": {
        "type": "Point",
        "coordinates": [
          86.8506905,
          24.8091267
        ]
      },
      "properties": {
        "name": "Banka Solar Plant",
        "type": "solar",
        "capacity_mw": 0,
        "operator": "Unknown",
        "state": "Bihar",
        "osm_id": "way/1002378396"
      }
    },
    {
      "type": "Feature",
      "geometry": {
        "type": "Point",
        "coordinates": [
          77.5313584,
          23.0970837
        ]
      },
      "properties": {
        "name": "Goharganj Tahsil Solar Plant",
        "type": "solar",
        "capacity_mw": 0,
        "operator": "Unknown",
        "state": "Madhya Pradesh",
        "osm_id": "way/1002378471"
      }
    },
    {
      "type": "Feature",
      "geometry": {
        "type": "Point",
        "coordinates": [
          75.9995837,
          28.1000678
        ]
      },
      "properties": {
        "name": "Narnaul Solar Plant",
        "type": "solar",
        "capacity_mw": 0,
        "operator": "Unknown",
        "state": "Haryana",
        "osm_id": "way/1002379454"
      }
    },
    {
      "type": "Feature",
      "geometry": {
        "type": "Point",
        "coordinates": [
          79.439,
          25.415
        ]
      },
      "properties": {
        "name": "Govindpur Solar Plant",
        "type": "solar",
        "capacity_mw": 25.0,
        "operator": "Unknown",
        "state": "Odisha",
        "osm_id": "way/1002379670"
      }
    },
    {
      "type": "Feature",
      "geometry": {
        "type": "Point",
        "coordinates": [
          85.51235,
          24.8487592
        ]
      },
      "properties": {
        "name": "Akbarpur Solar Plant",
        "type": "solar",
        "capacity_mw": 0,
        "operator": "Unknown",
        "state": "Bihar",
        "osm_id": "way/1002379725"
      }
    },
    {
      "type": "Feature",
      "geometry": {
        "type": "Point",
        "coordinates": [
          73.6929684,
          26.6071422
        ]
      },
      "properties": {
        "name": "Bhopalgarh Tehsil Solar Plant",
        "type": "solar",
        "capacity_mw": 0,
        "operator": "Unknown",
        "state": "Rajasthan",
        "osm_id": "way/1002380415"
      }
    },
    {
      "type": "Feature",
      "geometry": {
        "type": "Point",
        "coordinates": [
          84.9533674,
          21.5399652
        ]
      },
      "properties": {
        "name": "Barkot Solar Plant",
        "type": "solar",
        "capacity_mw": 0,
        "operator": "Unknown",
        "state": "Odisha",
        "osm_id": "way/1002380549"
      }
    },
    {
      "type": "Feature",
      "geometry": {
        "type": "Point",
        "coordinates": [
          83.4340763,
          19.325901
        ]
      },
      "properties": {
        "name": "Rayagada Solar Plant",
        "type": "solar",
        "capacity_mw": 0,
        "operator": "Unknown",
        "state": "Odisha",
        "osm_id": "way/1002380844"
      }
    },
    {
      "type": "Feature",
      "geometry": {
        "type": "Point",
        "coordinates": [
          74.1325096,
          24.9542991
        ]
      },
      "properties": {
        "name": "Dariba",
        "type": "solar",
        "capacity_mw": 4.8,
        "operator": "Unknown",
        "state": "Rajasthan",
        "osm_id": "way/1002380893"
      }
    },
    {
      "type": "Feature",
      "geometry": {
        "type": "Point",
        "coordinates": [
          76.7528084,
          23.2049666
        ]
      },
      "properties": {
        "name": "Kalapipal Tahsil Solar Plant",
        "type": "solar",
        "capacity_mw": 0,
        "operator": "Unknown",
        "state": "Madhya Pradesh",
        "osm_id": "way/1002381023"
      }
    },
    {
      "type": "Feature",
      "geometry": {
        "type": "Point",
        "coordinates": [
          76.1176391,
          23.4575615
        ]
      },
      "properties": {
        "name": "Kapeli",
        "type": "solar",
        "capacity_mw": 10.0,
        "operator": "Unknown",
        "state": "Madhya Pradesh",
        "osm_id": "way/1002381156"
      }
    },
    {
      "type": "Feature",
      "geometry": {
        "type": "Point",
        "coordinates": [
          76.1247901,
          23.5375737
        ]
      },
      "properties": {
        "name": "Kadodiya A",
        "type": "solar",
        "capacity_mw": 25.0,
        "operator": "Unknown",
        "state": "Madhya Pradesh",
        "osm_id": "way/1002381346"
      }
    },
    {
      "type": "Feature",
      "geometry": {
        "type": "Point",
        "coordinates": [
          77.8346766,
          22.5885359
        ]
      },
      "properties": {
        "name": "Itarsi Tahsil Solar Plant",
        "type": "solar",
        "capacity_mw": 0,
        "operator": "Unknown",
        "state": "Madhya Pradesh",
        "osm_id": "way/1002381796"
      }
    },
    {
      "type": "Feature",
      "geometry": {
        "type": "Point",
        "coordinates": [
          79.9814912,
          23.1726198
        ]
      },
      "properties": {
        "name": "Ranjhi Tahsil Solar Plant",
        "type": "solar",
        "capacity_mw": 0,
        "operator": "Unknown",
        "state": "Madhya Pradesh",
        "osm_id": "way/1002382149"
      }
    },
    {
      "type": "Feature",
      "geometry": {
        "type": "Point",
        "coordinates": [
          76.8601695,
          15.7042462
        ]
      },
      "properties": {
        "name": "Sindhanuru taluku Solar Plant",
        "type": "solar",
        "capacity_mw": 0,
        "operator": "Unknown",
        "state": "Karnataka",
        "osm_id": "way/1002383329"
      }
    },
    {
      "type": "Feature",
      "geometry": {
        "type": "Point",
        "coordinates": [
          75.5614356,
          28.9565389
        ]
      },
      "properties": {
        "name": "Siwani Solar Plant",
        "type": "solar",
        "capacity_mw": 0,
        "operator": "Unknown",
        "state": "Haryana",
        "osm_id": "way/1002386293"
      }
    },
    {
      "type": "Feature",
      "geometry": {
        "type": "Point",
        "coordinates": [
          76.3507479,
          18.9268031
        ]
      },
      "properties": {
        "name": "Beed Solar Plant",
        "type": "solar",
        "capacity_mw": 0,
        "operator": "Unknown",
        "state": "Maharashtra",
        "osm_id": "way/1002386507"
      }
    },
    {
      "type": "Feature",
      "geometry": {
        "type": "Point",
        "coordinates": [
          78.7057434,
          13.7002159
        ]
      },
      "properties": {
        "name": "Valmikipuram Solar Plant",
        "type": "solar",
        "capacity_mw": 0,
        "operator": "Unknown",
        "state": "Andhra Pradesh",
        "osm_id": "way/1002388714"
      }
    },
    {
      "type": "Feature",
      "geometry": {
        "type": "Point",
        "coordinates": [
          77.7334067,
          18.0019974
        ]
      },
      "properties": {
        "name": "Manoor mandal Solar Plant",
        "type": "solar",
        "capacity_mw": 0,
        "operator": "Unknown",
        "state": "Telangana",
        "osm_id": "way/1002397028"
      }
    },
    {
      "type": "Feature",
      "geometry": {
        "type": "Point",
        "coordinates": [
          78.179,
          13.906
        ]
      },
      "properties": {
        "name": "Putlur Solar Plant",
        "type": "solar",
        "capacity_mw": 10.0,
        "operator": "Unknown",
        "state": "Andhra Pradesh",
        "osm_id": "way/1002397679"
      }
    },
    {
      "type": "Feature",
      "geometry": {
        "type": "Point",
        "coordinates": [
          78.5177623,
          16.8278332
        ]
      },
      "properties": {
        "name": "Amangal mandal Solar Plant",
        "type": "solar",
        "capacity_mw": 0,
        "operator": "Unknown",
        "state": "Telangana",
        "osm_id": "way/1002398707"
      }
    },
    {
      "type": "Feature",
      "geometry": {
        "type": "Point",
        "coordinates": [
          78.5165349,
          16.8197603
        ]
      },
      "properties": {
        "name": "Veldanda mandal Solar Plant",
        "type": "solar",
        "capacity_mw": 0,
        "operator": "Unknown",
        "state": "Telangana",
        "osm_id": "way/1002398708"
      }
    },
    {
      "type": "Feature",
      "geometry": {
        "type": "Point",
        "coordinates": [
          78.4555042,
          16.5040137
        ]
      },
      "properties": {
        "name": "Telkapalle mandal Solar Plant",
        "type": "solar",
        "capacity_mw": 0,
        "operator": "Unknown",
        "state": "Telangana",
        "osm_id": "way/1002398709"
      }
    },
    {
      "type": "Feature",
      "geometry": {
        "type": "Point",
        "coordinates": [
          77.7830174,
          10.9041398
        ]
      },
      "properties": {
        "name": "Aravakurichi Solar Plant",
        "type": "solar",
        "capacity_mw": 0,
        "operator": "Unknown",
        "state": "Tamil Nadu",
        "osm_id": "way/1002399796"
      }
    },
    {
      "type": "Feature",
      "geometry": {
        "type": "Point",
        "coordinates": [
          77.7915345,
          14.7848828
        ]
      },
      "properties": {
        "name": "Singanamala Solar Plant",
        "type": "solar",
        "capacity_mw": 0,
        "operator": "Unknown",
        "state": "Andhra Pradesh",
        "osm_id": "way/1002399824"
      }
    },
    {
      "type": "Feature",
      "geometry": {
        "type": "Point",
        "coordinates": [
          72.6347148,
          22.0761198
        ]
      },
      "properties": {
        "name": "Jambusar Taluka Solar Plant",
        "type": "solar",
        "capacity_mw": 0,
        "operator": "Unknown",
        "state": "Gujarat",
        "osm_id": "way/1002400016"
      }
    },
    {
      "type": "Feature",
      "geometry": {
        "type": "Point",
        "coordinates": [
          68.7036378,
          23.4305044
        ]
      },
      "properties": {
        "name": "Abdasa Taluka Solar Plant",
        "type": "solar",
        "capacity_mw": 0,
        "operator": "Unknown",
        "state": "Gujarat",
        "osm_id": "way/1002400940"
      }
    },
    {
      "type": "Feature",
      "geometry": {
        "type": "Point",
        "coordinates": [
          74.2021128,
          25.1842739
        ]
      },
      "properties": {
        "name": "Sahara Tehsil Solar Plant",
        "type": "solar",
        "capacity_mw": 0,
        "operator": "Unknown",
        "state": "Rajasthan",
        "osm_id": "way/1002401078"
      }
    },
    {
      "type": "Feature",
      "geometry": {
        "type": "Point",
        "coordinates": [
          78.3500595,
          16.4989394
        ]
      },
      "properties": {
        "name": "Nagarkurnool Keerthi",
        "type": "solar",
        "capacity_mw": 10.0,
        "operator": "Unknown",
        "state": "Telangana",
        "osm_id": "way/1002401301"
      }
    },
    {
      "type": "Feature",
      "geometry": {
        "type": "Point",
        "coordinates": [
          78.0972314,
          17.7261619
        ]
      },
      "properties": {
        "name": "Choutkur mandal Solar Plant",
        "type": "solar",
        "capacity_mw": 0,
        "operator": "Unknown",
        "state": "Telangana",
        "osm_id": "way/1002401518"
      }
    },
    {
      "type": "Feature",
      "geometry": {
        "type": "Point",
        "coordinates": [
          78.0836631,
          16.8881881
        ]
      },
      "properties": {
        "name": "Dondlapalle",
        "type": "solar",
        "capacity_mw": 25.0,
        "operator": "Unknown",
        "state": "Telangana",
        "osm_id": "way/1002401719"
      }
    },
    {
      "type": "Feature",
      "geometry": {
        "type": "Point",
        "coordinates": [
          77.8899608,
          16.6225061
        ]
      },
      "properties": {
        "name": "Basawaipalli",
        "type": "solar",
        "capacity_mw": 4.4,
        "operator": "Unknown",
        "state": "Telangana",
        "osm_id": "way/1002401764"
      }
    },
    {
      "type": "Feature",
      "geometry": {
        "type": "Point",
        "coordinates": [
          77.6640074,
          17.7891668
        ]
      },
      "properties": {
        "name": "Jharasangam mandal Solar Plant",
        "type": "solar",
        "capacity_mw": 0,
        "operator": "Unknown",
        "state": "Telangana",
        "osm_id": "way/1002402036"
      }
    },
    {
      "type": "Feature",
      "geometry": {
        "type": "Point",
        "coordinates": [
          77.976838,
          17.2386222
        ]
      },
      "properties": {
        "name": "Pudur mandal Solar Plant",
        "type": "solar",
        "capacity_mw": 0,
        "operator": "Unknown",
        "state": "Telangana",
        "osm_id": "way/1002403097"
      }
    },
    {
      "type": "Feature",
      "geometry": {
        "type": "Point",
        "coordinates": [
          78.1740006,
          17.6742221
        ]
      },
      "properties": {
        "name": "Hathnoora mandal Solar Plant",
        "type": "solar",
        "capacity_mw": 0,
        "operator": "Unknown",
        "state": "Telangana",
        "osm_id": "way/1002403407"
      }
    },
    {
      "type": "Feature",
      "geometry": {
        "type": "Point",
        "coordinates": [
          78.0923884,
          16.8608221
        ]
      },
      "properties": {
        "name": "Ghanapur",
        "type": "solar",
        "capacity_mw": 15.0,
        "operator": "Unknown",
        "state": "Telangana",
        "osm_id": "way/1002403582"
      }
    },
    {
      "type": "Feature",
      "geometry": {
        "type": "Point",
        "coordinates": [
          77.8843419,
          17.4847624
        ]
      },
      "properties": {
        "name": "Mominpet mandal Solar Plant",
        "type": "solar",
        "capacity_mw": 0,
        "operator": "Unknown",
        "state": "Telangana",
        "osm_id": "way/1002403722"
      }
    },
    {
      "type": "Feature",
      "geometry": {
        "type": "Point",
        "coordinates": [
          78.6240219,
          17.4416328
        ]
      },
      "properties": {
        "name": "Venkatapur",
        "type": "solar",
        "capacity_mw": 5.0,
        "operator": "Unknown",
        "state": "Telangana",
        "osm_id": "way/1002403962"
      }
    },
    {
      "type": "Feature",
      "geometry": {
        "type": "Point",
        "coordinates": [
          78.8864823,
          16.8018635
        ]
      },
      "properties": {
        "name": "Chinthapally mandal Solar Plant",
        "type": "solar",
        "capacity_mw": 0,
        "operator": "Unknown",
        "state": "Telangana",
        "osm_id": "way/1002404178"
      }
    },
    {
      "type": "Feature",
      "geometry": {
        "type": "Point",
        "coordinates": [
          78.0698132,
          14.2188098
        ]
      },
      "properties": {
        "name": "Mudigubba Solar Plant",
        "type": "solar",
        "capacity_mw": 0,
        "operator": "Unknown",
        "state": "Andhra Pradesh",
        "osm_id": "way/1002404642"
      }
    },
    {
      "type": "Feature",
      "geometry": {
        "type": "Point",
        "coordinates": [
          79.1530176,
          17.801412
        ]
      },
      "properties": {
        "name": "Jangoan mandal Solar Plant",
        "type": "solar",
        "capacity_mw": 0,
        "operator": "Unknown",
        "state": "Telangana",
        "osm_id": "way/1002404884"
      }
    },
    {
      "type": "Feature",
      "geometry": {
        "type": "Point",
        "coordinates": [
          77.9615817,
          15.9164085
        ]
      },
      "properties": {
        "name": "Undavelly mandal Solar Plant",
        "type": "solar",
        "capacity_mw": 0,
        "operator": "Unknown",
        "state": "Telangana",
        "osm_id": "way/1002405199"
      }
    },
    {
      "type": "Feature",
      "geometry": {
        "type": "Point",
        "coordinates": [
          78.4204326,
          16.4954914
        ]
      },
      "properties": {
        "name": "Nagar_Kurnool mandal Solar Plant",
        "type": "solar",
        "capacity_mw": 0,
        "operator": "Unknown",
        "state": "Telangana",
        "osm_id": "way/1002405395"
      }
    },
    {
      "type": "Feature",
      "geometry": {
        "type": "Point",
        "coordinates": [
          78.3359023,
          16.7802848
        ]
      },
      "properties": {
        "name": "Midjil mandal Solar Plant",
        "type": "solar",
        "capacity_mw": 0,
        "operator": "Unknown",
        "state": "Telangana",
        "osm_id": "way/1002405838"
      }
    },
    {
      "type": "Feature",
      "geometry": {
        "type": "Point",
        "coordinates": [
          75.514,
          14.673
        ]
      },
      "properties": {
        "name": "Badangi Solar Plant",
        "type": "solar",
        "capacity_mw": 3.0,
        "operator": "Eaama Estates Private Limited (EEPL)",
        "state": "Andhra Pradesh",
        "osm_id": "way/1002418116"
      }
    },
    {
      "type": "Feature",
      "geometry": {
        "type": "Point",
        "coordinates": [
          78.1737266,
          16.6869685
        ]
      },
      "properties": {
        "name": "Thimmajipet",
        "type": "solar",
        "capacity_mw": 8.0,
        "operator": "Unknown",
        "state": "Telangana",
        "osm_id": "way/1002418213"
      }
    },
    {
      "type": "Feature",
      "geometry": {
        "type": "Point",
        "coordinates": [
          77.9291353,
          17.3568212
        ]
      },
      "properties": {
        "name": "Vikarabad mandal Solar Plant",
        "type": "solar",
        "capacity_mw": 0,
        "operator": "Unknown",
        "state": "Telangana",
        "osm_id": "way/1002418262"
      }
    },
    {
      "type": "Feature",
      "geometry": {
        "type": "Point",
        "coordinates": [
          79.5925305,
          14.4961909
        ]
      },
      "properties": {
        "name": "Chejerla Solar Plant",
        "type": "solar",
        "capacity_mw": 0,
        "operator": "Unknown",
        "state": "Andhra Pradesh",
        "osm_id": "way/1002418315"
      }
    },
    {
      "type": "Feature",
      "geometry": {
        "type": "Point",
        "coordinates": [
          79.0315236,
          17.902971
        ]
      },
      "properties": {
        "name": "Maddur mandal Solar Plant",
        "type": "solar",
        "capacity_mw": 0,
        "operator": "Unknown",
        "state": "Telangana",
        "osm_id": "way/1002418353"
      }
    },
    {
      "type": "Feature",
      "geometry": {
        "type": "Point",
        "coordinates": [
          72.7194522,
          21.1670046
        ]
      },
      "properties": {
        "name": "Chorasi Taluka Solar Plant",
        "type": "solar",
        "capacity_mw": 0,
        "operator": "Unknown",
        "state": "Gujarat",
        "osm_id": "way/1002418492"
      }
    },
    {
      "type": "Feature",
      "geometry": {
        "type": "Point",
        "coordinates": [
          78.7337763,
          14.1020246
        ]
      },
      "properties": {
        "name": "Kuravapalli",
        "type": "solar",
        "capacity_mw": 10.0,
        "operator": "Unknown",
        "state": "Andhra Pradesh",
        "osm_id": "way/1002419429"
      }
    },
    {
      "type": "Feature",
      "geometry": {
        "type": "Point",
        "coordinates": [
          77.6747383,
          16.6026009
        ]
      },
      "properties": {
        "name": "Dhanwada mandal Solar Plant",
        "type": "solar",
        "capacity_mw": 0,
        "operator": "Unknown",
        "state": "Telangana",
        "osm_id": "way/1002420603"
      }
    },
    {
      "type": "Feature",
      "geometry": {
        "type": "Point",
        "coordinates": [
          75.8526015,
          31.687612
        ]
      },
      "properties": {
        "name": "Hoshiarpur Tahsil Solar Plant",
        "type": "solar",
        "capacity_mw": 0,
        "operator": "Unknown",
        "state": "Punjab",
        "osm_id": "way/1002420937"
      }
    },
    {
      "type": "Feature",
      "geometry": {
        "type": "Point",
        "coordinates": [
          74.4235633,
          30.4391516
        ]
      },
      "properties": {
        "name": "Muktsar Tahsil Solar Plant",
        "type": "solar",
        "capacity_mw": 0,
        "operator": "Unknown",
        "state": "Punjab",
        "osm_id": "way/1002421345"
      }
    },
    {
      "type": "Feature",
      "geometry": {
        "type": "Point",
        "coordinates": [
          78.8608522,
          18.2789263
        ]
      },
      "properties": {
        "name": "Illanthakunta mandal Solar Plant",
        "type": "solar",
        "capacity_mw": 0,
        "operator": "Unknown",
        "state": "Telangana",
        "osm_id": "way/1002421527"
      }
    },
    {
      "type": "Feature",
      "geometry": {
        "type": "Point",
        "coordinates": [
          76.7948,
          20.7147
        ]
      },
      "properties": {
        "name": "Para Solar Plant",
        "type": "solar",
        "capacity_mw": 500.0,
        "operator": "Unknown",
        "state": "West Bengal",
        "osm_id": "way/1002422341"
      }
    },
    {
      "type": "Feature",
      "geometry": {
        "type": "Point",
        "coordinates": [
          77.7165372,
          18.1354199
        ]
      },
      "properties": {
        "name": "Sirgapoor mandal Solar Plant",
        "type": "solar",
        "capacity_mw": 0,
        "operator": "Unknown",
        "state": "Telangana",
        "osm_id": "way/1002423589"
      }
    },
    {
      "type": "Feature",
      "geometry": {
        "type": "Point",
        "coordinates": [
          78.5458871,
          17.6559629
        ]
      },
      "properties": {
        "name": "Medchal mandal Solar Plant",
        "type": "solar",
        "capacity_mw": 0,
        "operator": "Unknown",
        "state": "Telangana",
        "osm_id": "way/1002423693"
      }
    },
    {
      "type": "Feature",
      "geometry": {
        "type": "Point",
        "coordinates": [
          80.7564579,
          16.4762427
        ]
      },
      "properties": {
        "name": "Kankipadu Solar Plant",
        "type": "solar",
        "capacity_mw": 0,
        "operator": "Unknown",
        "state": "Andhra Pradesh",
        "osm_id": "way/1002423813"
      }
    },
    {
      "type": "Feature",
      "geometry": {
        "type": "Point",
        "coordinates": [
          78.5983648,
          17.7503784
        ]
      },
      "properties": {
        "name": "Wargal mandal Solar Plant",
        "type": "solar",
        "capacity_mw": 0,
        "operator": "Unknown",
        "state": "Telangana",
        "osm_id": "way/1002423968"
      }
    },
    {
      "type": "Feature",
      "geometry": {
        "type": "Point",
        "coordinates": [
          79.4759105,
          16.9283957
        ]
      },
      "properties": {
        "name": "Madugulapally mandal Solar Plant",
        "type": "solar",
        "capacity_mw": 0,
        "operator": "Unknown",
        "state": "Telangana",
        "osm_id": "way/1002423985"
      }
    },
    {
      "type": "Feature",
      "geometry": {
        "type": "Point",
        "coordinates": [
          78.4332501,
          17.9909311
        ]
      },
      "properties": {
        "name": "Shankarampet_R mandal Solar Plant",
        "type": "solar",
        "capacity_mw": 0,
        "operator": "Unknown",
        "state": "Telangana",
        "osm_id": "way/1002425026"
      }
    },
    {
      "type": "Feature",
      "geometry": {
        "type": "Point",
        "coordinates": [
          78.116924,
          16.9506166
        ]
      },
      "properties": {
        "name": "Balanagar mandal Solar Plant",
        "type": "solar",
        "capacity_mw": 0,
        "operator": "Unknown",
        "state": "Telangana",
        "osm_id": "way/1002425027"
      }
    },
    {
      "type": "Feature",
      "geometry": {
        "type": "Point",
        "coordinates": [
          78.4685901,
          18.2769183
        ]
      },
      "properties": {
        "name": "Machareddy mandal Solar Plant",
        "type": "solar",
        "capacity_mw": 0,
        "operator": "Unknown",
        "state": "Telangana",
        "osm_id": "way/1002425033"
      }
    },
    {
      "type": "Feature",
      "geometry": {
        "type": "Point",
        "coordinates": [
          78.8682854,
          16.7723451
        ]
      },
      "properties": {
        "name": "Kurmapally Gk",
        "type": "solar",
        "capacity_mw": 48.0,
        "operator": "Unknown",
        "state": "Telangana",
        "osm_id": "way/1002425112"
      }
    },
    {
      "type": "Feature",
      "geometry": {
        "type": "Point",
        "coordinates": [
          78.7386545,
          16.9102067
        ]
      },
      "properties": {
        "name": "Madgul mandal Solar Plant",
        "type": "solar",
        "capacity_mw": 0,
        "operator": "Unknown",
        "state": "Telangana",
        "osm_id": "way/1002425172"
      }
    },
    {
      "type": "Feature",
      "geometry": {
        "type": "Point",
        "coordinates": [
          78.8598464,
          18.5789437
        ]
      },
      "properties": {
        "name": "Vemulawada Rural mandal Solar Plant",
        "type": "solar",
        "capacity_mw": 0,
        "operator": "Unknown",
        "state": "Telangana",
        "osm_id": "way/1002425204"
      }
    },
    {
      "type": "Feature",
      "geometry": {
        "type": "Point",
        "coordinates": [
          75.2050962,
          29.6244676
        ]
      },
      "properties": {
        "name": "Sardulgarh Tehsil Solar Plant",
        "type": "solar",
        "capacity_mw": 0,
        "operator": "Unknown",
        "state": "Punjab",
        "osm_id": "way/1002426992"
      }
    },
    {
      "type": "Feature",
      "geometry": {
        "type": "Point",
        "coordinates": [
          79.9736512,
          13.5226774
        ]
      },
      "properties": {
        "name": "Satyavedu Solar Plant",
        "type": "solar",
        "capacity_mw": 0,
        "operator": "Unknown",
        "state": "Andhra Pradesh",
        "osm_id": "way/1002429763"
      }
    },
    {
      "type": "Feature",
      "geometry": {
        "type": "Point",
        "coordinates": [
          78.1323795,
          17.9318371
        ]
      },
      "properties": {
        "name": "Kowdipally mandal Solar Plant",
        "type": "solar",
        "capacity_mw": 0,
        "operator": "Unknown",
        "state": "Telangana",
        "osm_id": "way/1002429778"
      }
    },
    {
      "type": "Feature",
      "geometry": {
        "type": "Point",
        "coordinates": [
          76.8761863,
          13.4991039
        ]
      },
      "properties": {
        "name": "Gubbi taluk Solar Plant",
        "type": "solar",
        "capacity_mw": 0,
        "operator": "Unknown",
        "state": "Karnataka",
        "osm_id": "way/1002431005"
      }
    },
    {
      "type": "Feature",
      "geometry": {
        "type": "Point",
        "coordinates": [
          76.9514003,
          14.7616827
        ]
      },
      "properties": {
        "name": "Veerapuram",
        "type": "solar",
        "capacity_mw": 5.0,
        "operator": "Unknown",
        "state": "Andhra Pradesh",
        "osm_id": "way/1002431204"
      }
    },
    {
      "type": "Feature",
      "geometry": {
        "type": "Point",
        "coordinates": [
          77.3645442,
          13.5514904
        ]
      },
      "properties": {
        "name": "Koratagere taluku Solar Plant",
        "type": "solar",
        "capacity_mw": 0,
        "operator": "Unknown",
        "state": "Karnataka",
        "osm_id": "way/1002515428"
      }
    },
    {
      "type": "Feature",
      "geometry": {
        "type": "Point",
        "coordinates": [
          81.5264312,
          27.5115535
        ]
      },
      "properties": {
        "name": "Mahasi Solar Plant",
        "type": "solar",
        "capacity_mw": 0,
        "operator": "Unknown",
        "state": "Uttar Pradesh",
        "osm_id": "way/1002517750"
      }
    },
    {
      "type": "Feature",
      "geometry": {
        "type": "Point",
        "coordinates": [
          76.3902504,
          27.9630335
        ]
      },
      "properties": {
        "name": "Neemrana Tehsil Solar Plant",
        "type": "solar",
        "capacity_mw": 0,
        "operator": "Unknown",
        "state": "Rajasthan",
        "osm_id": "way/1002518982"
      }
    },
    {
      "type": "Feature",
      "geometry": {
        "type": "Point",
        "coordinates": [
          81.0995802,
          26.8944551
        ]
      },
      "properties": {
        "name": "Nawabganj Solar Plant",
        "type": "solar",
        "capacity_mw": 0,
        "operator": "Unknown",
        "state": "Uttar Pradesh",
        "osm_id": "way/1002536178"
      }
    },
    {
      "type": "Feature",
      "geometry": {
        "type": "Point",
        "coordinates": [
          75.2035018,
          16.3482977
        ]
      },
      "properties": {
        "name": "Mudhola taluku Solar Plant",
        "type": "solar",
        "capacity_mw": 0,
        "operator": "Unknown",
        "state": "Karnataka",
        "osm_id": "way/1002542304"
      }
    },
    {
      "type": "Feature",
      "geometry": {
        "type": "Point",
        "coordinates": [
          79.7332874,
          13.5929497
        ]
      },
      "properties": {
        "name": "Kumara Venkata Bhupalapuram Solar Plant",
        "type": "solar",
        "capacity_mw": 0,
        "operator": "Unknown",
        "state": "Andhra Pradesh",
        "osm_id": "way/1002542311"
      }
    },
    {
      "type": "Feature",
      "geometry": {
        "type": "Point",
        "coordinates": [
          78.1560165,
          29.8235231
        ]
      },
      "properties": {
        "name": "Hardwar Solar Plant",
        "type": "solar",
        "capacity_mw": 0,
        "operator": "Unknown",
        "state": "Uttarakhand",
        "osm_id": "way/1002542835"
      }
    },
    {
      "type": "Feature",
      "geometry": {
        "type": "Point",
        "coordinates": [
          78.3811376,
          12.8529618
        ]
      },
      "properties": {
        "name": "JRD 360 SolarCity",
        "type": "solar",
        "capacity_mw": 0,
        "operator": "Unknown",
        "state": "Andhra Pradesh",
        "osm_id": "way/1002543028"
      }
    },
    {
      "type": "Feature",
      "geometry": {
        "type": "Point",
        "coordinates": [
          78.3655279,
          13.3685416
        ]
      },
      "properties": {
        "name": "Srinivasapura",
        "type": "solar",
        "capacity_mw": 20.0,
        "operator": "Unknown",
        "state": "Andhra Pradesh",
        "osm_id": "way/1002543774"
      }
    },
    {
      "type": "Feature",
      "geometry": {
        "type": "Point",
        "coordinates": [
          82.1791664,
          24.9919922
        ]
      },
      "properties": {
        "name": "Koraon Solar Plant",
        "type": "solar",
        "capacity_mw": 0,
        "operator": "Unknown",
        "state": "Uttar Pradesh",
        "osm_id": "way/1002544462"
      }
    },
    {
      "type": "Feature",
      "geometry": {
        "type": "Point",
        "coordinates": [
          78.6946304,
          24.4876672
        ]
      },
      "properties": {
        "name": "Mahroni Tehsil Solar Plant",
        "type": "solar",
        "capacity_mw": 0,
        "operator": "Unknown",
        "state": "Uttar Pradesh",
        "osm_id": "way/1002544486"
      }
    },
    {
      "type": "Feature",
      "geometry": {
        "type": "Point",
        "coordinates": [
          76.1536093,
          23.5057349
        ]
      },
      "properties": {
        "name": "Kadodiya HE",
        "type": "solar",
        "capacity_mw": 5.0,
        "operator": "Unknown",
        "state": "Madhya Pradesh",
        "osm_id": "way/1002545268"
      }
    },
    {
      "type": "Feature",
      "geometry": {
        "type": "Point",
        "coordinates": [
          76.1588409,
          23.5115052
        ]
      },
      "properties": {
        "name": "Kadodiya",
        "type": "solar",
        "capacity_mw": 10.0,
        "operator": "Unknown",
        "state": "Madhya Pradesh",
        "osm_id": "way/1002545269"
      }
    },
    {
      "type": "Feature",
      "geometry": {
        "type": "Point",
        "coordinates": [
          79.9133989,
          25.9079354
        ]
      },
      "properties": {
        "name": "Hamirpur Solar Plant",
        "type": "solar",
        "capacity_mw": 0,
        "operator": "Unknown",
        "state": "Uttar Pradesh",
        "osm_id": "way/1002546214"
      }
    },
    {
      "type": "Feature",
      "geometry": {
        "type": "Point",
        "coordinates": [
          79.2870176,
          27.801667
        ]
      },
      "properties": {
        "name": "Dataganj Solar Plant",
        "type": "solar",
        "capacity_mw": 0,
        "operator": "Unknown",
        "state": "Uttar Pradesh",
        "osm_id": "way/1002582990"
      }
    },
    {
      "type": "Feature",
      "geometry": {
        "type": "Point",
        "coordinates": [
          77.8502201,
          9.6441787
        ]
      },
      "properties": {
        "name": "Moolippatti",
        "type": "solar",
        "capacity_mw": 40.0,
        "operator": "Unknown",
        "state": "Tamil Nadu",
        "osm_id": "way/1002687119"
      }
    },
    {
      "type": "Feature",
      "geometry": {
        "type": "Point",
        "coordinates": [
          81.201713,
          21.5259311
        ]
      },
      "properties": {
        "name": "Saja Tahsil Solar Plant",
        "type": "solar",
        "capacity_mw": 0,
        "operator": "Unknown",
        "state": "Chhattisgarh",
        "osm_id": "way/1002687120"
      }
    },
    {
      "type": "Feature",
      "geometry": {
        "type": "Point",
        "coordinates": [
          77.2077398,
          11.3857259
        ]
      },
      "properties": {
        "name": "Sathyamangalam Solar Plant",
        "type": "solar",
        "capacity_mw": 0,
        "operator": "Unknown",
        "state": "Tamil Nadu",
        "osm_id": "way/1002687626"
      }
    },
    {
      "type": "Feature",
      "geometry": {
        "type": "Point",
        "coordinates": [
          78.6925739,
          9.8100923
        ]
      },
      "properties": {
        "name": "Sivaganga Solar Plant",
        "type": "solar",
        "capacity_mw": 0,
        "operator": "Unknown",
        "state": "Tamil Nadu",
        "osm_id": "way/1002688001"
      }
    },
    {
      "type": "Feature",
      "geometry": {
        "type": "Point",
        "coordinates": [
          77.2090348,
          16.6466094
        ]
      },
      "properties": {
        "name": "Yadgiri",
        "type": "solar",
        "capacity_mw": 20.0,
        "operator": "Unknown",
        "state": "Karnataka",
        "osm_id": "way/1002691000"
      }
    },
    {
      "type": "Feature",
      "geometry": {
        "type": "Point",
        "coordinates": [
          76.4878434,
          16.6588009
        ]
      },
      "properties": {
        "name": "Shorapur Solar Plant",
        "type": "solar",
        "capacity_mw": 0,
        "operator": "Unknown",
        "state": "Karnataka",
        "osm_id": "way/1002691319"
      }
    },
    {
      "type": "Feature",
      "geometry": {
        "type": "Point",
        "coordinates": [
          77.106758,
          16.4062992
        ]
      },
      "properties": {
        "name": "Raichur Solar Plant",
        "type": "solar",
        "capacity_mw": 1720.0,
        "operator": "Unknown",
        "state": "Karnataka",
        "osm_id": "way/1002691343"
      }
    },
    {
      "type": "Feature",
      "geometry": {
        "type": "Point",
        "coordinates": [
          76.7645664,
          13.6639094
        ]
      },
      "properties": {
        "name": "Sira taluk Solar Plant",
        "type": "solar",
        "capacity_mw": 0,
        "operator": "Unknown",
        "state": "Karnataka",
        "osm_id": "way/1002693469"
      }
    },
    {
      "type": "Feature",
      "geometry": {
        "type": "Point",
        "coordinates": [
          77.3782655,
          17.4021816
        ]
      },
      "properties": {
        "name": "Chincholi taluku Solar Plant",
        "type": "solar",
        "capacity_mw": 0,
        "operator": "Unknown",
        "state": "Karnataka",
        "osm_id": "way/1002695034"
      }
    },
    {
      "type": "Feature",
      "geometry": {
        "type": "Point",
        "coordinates": [
          78.1656498,
          12.893456
        ]
      },
      "properties": {
        "name": "Yalesandra",
        "type": "solar",
        "capacity_mw": 0,
        "operator": "Unknown",
        "state": "Karnataka",
        "osm_id": "way/1002695171"
      }
    },
    {
      "type": "Feature",
      "geometry": {
        "type": "Point",
        "coordinates": [
          78.1465412,
          14.0111068
        ]
      },
      "properties": {
        "name": "Nallacheruvu Solar Plant",
        "type": "solar",
        "capacity_mw": 0,
        "operator": "Unknown",
        "state": "Andhra Pradesh",
        "osm_id": "way/1002697242"
      }
    },
    {
      "type": "Feature",
      "geometry": {
        "type": "Point",
        "coordinates": [
          77.6722852,
          14.4524774
        ]
      },
      "properties": {
        "name": "Dharmavaram Solar Plant",
        "type": "solar",
        "capacity_mw": 0,
        "operator": "Unknown",
        "state": "Andhra Pradesh",
        "osm_id": "way/1002697319"
      }
    },
    {
      "type": "Feature",
      "geometry": {
        "type": "Point",
        "coordinates": [
          78.2042395,
          18.3155016
        ]
      },
      "properties": {
        "name": "Lingapuram Suzlon",
        "type": "solar",
        "capacity_mw": 15.0,
        "operator": "Unknown",
        "state": "Telangana",
        "osm_id": "way/1002697413"
      }
    },
    {
      "type": "Feature",
      "geometry": {
        "type": "Point",
        "coordinates": [
          78.3819341,
          12.8778445
        ]
      },
      "properties": {
        "name": "Santhipuram Solar Plant",
        "type": "solar",
        "capacity_mw": 0,
        "operator": "Unknown",
        "state": "Andhra Pradesh",
        "osm_id": "way/1002697596"
      }
    },
    {
      "type": "Feature",
      "geometry": {
        "type": "Point",
        "coordinates": [
          78.6698325,
          18.304542
        ]
      },
      "properties": {
        "name": "Mustabad mandal Solar Plant",
        "type": "solar",
        "capacity_mw": 0,
        "operator": "Unknown",
        "state": "Telangana",
        "osm_id": "way/1002706799"
      }
    },
    {
      "type": "Feature",
      "geometry": {
        "type": "Point",
        "coordinates": [
          78.3980038,
          18.4486213
        ]
      },
      "properties": {
        "name": "Ramareddy mandal Solar Plant",
        "type": "solar",
        "capacity_mw": 0,
        "operator": "Unknown",
        "state": "Telangana",
        "osm_id": "way/1002706930"
      }
    },
    {
      "type": "Feature",
      "geometry": {
        "type": "Point",
        "coordinates": [
          78.1181774,
          16.8358229
        ]
      },
      "properties": {
        "name": "Jadcherla mandal Solar Plant",
        "type": "solar",
        "capacity_mw": 0,
        "operator": "Unknown",
        "state": "Telangana",
        "osm_id": "way/1002707497"
      }
    },
    {
      "type": "Feature",
      "geometry": {
        "type": "Point",
        "coordinates": [
          78.4892766,
          16.6959782
        ]
      },
      "properties": {
        "name": "Kalwakurthy Haldiram",
        "type": "solar",
        "capacity_mw": 10.0,
        "operator": "Unknown",
        "state": "Telangana",
        "osm_id": "way/1002708054"
      }
    },
    {
      "type": "Feature",
      "geometry": {
        "type": "Point",
        "coordinates": [
          78.2575973,
          16.7588854
        ]
      },
      "properties": {
        "name": "Chilveru",
        "type": "solar",
        "capacity_mw": 8.0,
        "operator": "Unknown",
        "state": "Telangana",
        "osm_id": "way/1002708339"
      }
    },
    {
      "type": "Feature",
      "geometry": {
        "type": "Point",
        "coordinates": [
          78.3815759,
          16.4993039
        ]
      },
      "properties": {
        "name": "Nagarkurnool Mytrah",
        "type": "solar",
        "capacity_mw": 15.0,
        "operator": "Unknown",
        "state": "Telangana",
        "osm_id": "way/1002708443"
      }
    },
    {
      "type": "Feature",
      "geometry": {
        "type": "Point",
        "coordinates": [
          79.9553418,
          12.8459042
        ]
      },
      "properties": {
        "name": "Kanchipuram Solar Plant",
        "type": "solar",
        "capacity_mw": 0,
        "operator": "Unknown",
        "state": "Tamil Nadu",
        "osm_id": "way/1002708449"
      }
    },
    {
      "type": "Feature",
      "geometry": {
        "type": "Point",
        "coordinates": [
          75.5651771,
          20.9290485
        ]
      },
      "properties": {
        "name": "Jalgaon Solar Plant",
        "type": "solar",
        "capacity_mw": 0,
        "operator": "Unknown",
        "state": "Maharashtra",
        "osm_id": "way/1002709281"
      }
    },
    {
      "type": "Feature",
      "geometry": {
        "type": "Point",
        "coordinates": [
          74.5998682,
          18.3117917
        ]
      },
      "properties": {
        "name": "Baramati Solar Plant",
        "type": "solar",
        "capacity_mw": 0,
        "operator": "Unknown",
        "state": "Maharashtra",
        "osm_id": "way/1002709427"
      }
    },
    {
      "type": "Feature",
      "geometry": {
        "type": "Point",
        "coordinates": [
          79.2760696,
          27.1322783
        ]
      },
      "properties": {
        "name": "Bhogaon Solar Plant",
        "type": "solar",
        "capacity_mw": 0,
        "operator": "Unknown",
        "state": "Uttar Pradesh",
        "osm_id": "way/1002711861"
      }
    },
    {
      "type": "Feature",
      "geometry": {
        "type": "Point",
        "coordinates": [
          76.1072651,
          23.374639
        ]
      },
      "properties": {
        "name": "Tarana Tahsil Solar Plant",
        "type": "solar",
        "capacity_mw": 0,
        "operator": "Unknown",
        "state": "Madhya Pradesh",
        "osm_id": "way/1002712221"
      }
    },
    {
      "type": "Feature",
      "geometry": {
        "type": "Point",
        "coordinates": [
          76.1255695,
          23.5117655
        ]
      },
      "properties": {
        "name": "Maakdon Tahsil Solar Plant",
        "type": "solar",
        "capacity_mw": 0,
        "operator": "Unknown",
        "state": "Madhya Pradesh",
        "osm_id": "way/1002712469"
      }
    },
    {
      "type": "Feature",
      "geometry": {
        "type": "Point",
        "coordinates": [
          84.8518114,
          24.5736298
        ]
      },
      "properties": {
        "name": "Sherghati",
        "type": "solar",
        "capacity_mw": 10.0,
        "operator": "Unknown",
        "state": "Bihar",
        "osm_id": "way/1002713050"
      }
    },
    {
      "type": "Feature",
      "geometry": {
        "type": "Point",
        "coordinates": [
          84.7042123,
          24.7163647
        ]
      },
      "properties": {
        "name": "Rafiganj Solar Plant",
        "type": "solar",
        "capacity_mw": 0,
        "operator": "Unknown",
        "state": "Bihar",
        "osm_id": "way/1002713206"
      }
    },
    {
      "type": "Feature",
      "geometry": {
        "type": "Point",
        "coordinates": [
          77.1637324,
          12.1609605
        ]
      },
      "properties": {
        "name": "Kollegala taluk Solar Plant",
        "type": "solar",
        "capacity_mw": 0,
        "operator": "Unknown",
        "state": "Karnataka",
        "osm_id": "way/1002713385"
      }
    },
    {
      "type": "Feature",
      "geometry": {
        "type": "Point",
        "coordinates": [
          76.183477,
          15.5358601
        ]
      },
      "properties": {
        "name": "Kukunoor taluku Solar Plant",
        "type": "solar",
        "capacity_mw": 0,
        "operator": "Unknown",
        "state": "Karnataka",
        "osm_id": "way/1002713429"
      }
    },
    {
      "type": "Feature",
      "geometry": {
        "type": "Point",
        "coordinates": [
          76.9228532,
          13.0402871
        ]
      },
      "properties": {
        "name": "Kunigal A",
        "type": "solar",
        "capacity_mw": 5.5,
        "operator": "Unknown",
        "state": "Karnataka",
        "osm_id": "way/1002714028"
      }
    },
    {
      "type": "Feature",
      "geometry": {
        "type": "Point",
        "coordinates": [
          76.7184458,
          14.0737595
        ]
      },
      "properties": {
        "name": "Bhagavathikere",
        "type": "solar",
        "capacity_mw": 10.0,
        "operator": "Unknown",
        "state": "Karnataka",
        "osm_id": "way/1002714960"
      }
    },
    {
      "type": "Feature",
      "geometry": {
        "type": "Point",
        "coordinates": [
          77.7863107,
          30.4985452
        ]
      },
      "properties": {
        "name": "Vikasnagar Solar Plant",
        "type": "solar",
        "capacity_mw": 0,
        "operator": "Unknown",
        "state": "Uttarakhand",
        "osm_id": "way/1002716852"
      }
    },
    {
      "type": "Feature",
      "geometry": {
        "type": "Point",
        "coordinates": [
          75.8282146,
          17.0247135
        ]
      },
      "properties": {
        "name": "Indi Essel",
        "type": "solar",
        "capacity_mw": 20.0,
        "operator": "Unknown",
        "state": "Karnataka",
        "osm_id": "way/1002717290"
      }
    },
    {
      "type": "Feature",
      "geometry": {
        "type": "Point",
        "coordinates": [
          77.450361,
          20.7244848
        ]
      },
      "properties": {
        "name": "Akola Solar Plant",
        "type": "solar",
        "capacity_mw": 0,
        "operator": "Unknown",
        "state": "Maharashtra",
        "osm_id": "way/1002718468"
      }
    },
    {
      "type": "Feature",
      "geometry": {
        "type": "Point",
        "coordinates": [
          74.8055321,
          29.5633608
        ]
      },
      "properties": {
        "name": "Rania Solar Plant",
        "type": "solar",
        "capacity_mw": 0,
        "operator": "Unknown",
        "state": "Haryana",
        "osm_id": "way/1002718695"
      }
    },
    {
      "type": "Feature",
      "geometry": {
        "type": "Point",
        "coordinates": [
          76.4026688,
          25.0957319
        ]
      },
      "properties": {
        "name": "Baran Tehsil Solar Plant",
        "type": "solar",
        "capacity_mw": 0,
        "operator": "Unknown",
        "state": "Rajasthan",
        "osm_id": "way/1002960622"
      }
    },
    {
      "type": "Feature",
      "geometry": {
        "type": "Point",
        "coordinates": [
          77.9834372,
          29.7645147
        ]
      },
      "properties": {
        "name": "Laksar Solar Plant",
        "type": "solar",
        "capacity_mw": 0,
        "operator": "Unknown",
        "state": "Uttarakhand",
        "osm_id": "way/1002962843"
      }
    },
    {
      "type": "Feature",
      "geometry": {
        "type": "Point",
        "coordinates": [
          79.1973992,
          29.3141288
        ]
      },
      "properties": {
        "name": "Kaladhungi Solar Plant",
        "type": "solar",
        "capacity_mw": 0,
        "operator": "Unknown",
        "state": "Uttarakhand",
        "osm_id": "way/1002962849"
      }
    },
    {
      "type": "Feature",
      "geometry": {
        "type": "Point",
        "coordinates": [
          79.4638994,
          28.9891499
        ]
      },
      "properties": {
        "name": "Kichha Solar Plant",
        "type": "solar",
        "capacity_mw": 0,
        "operator": "Unknown",
        "state": "Uttarakhand",
        "osm_id": "way/1002962850"
      }
    },
    {
      "type": "Feature",
      "geometry": {
        "type": "Point",
        "coordinates": [
          75.819043,
          29.8268574
        ]
      },
      "properties": {
        "name": "Lehra Tahsil Solar Plant",
        "type": "solar",
        "capacity_mw": 0,
        "operator": "Unknown",
        "state": "Punjab",
        "osm_id": "way/1003037867"
      }
    },
    {
      "type": "Feature",
      "geometry": {
        "type": "Point",
        "coordinates": [
          76.8616283,
          29.3875364
        ]
      },
      "properties": {
        "name": "Matlauda Solar Plant",
        "type": "solar",
        "capacity_mw": 0,
        "operator": "Unknown",
        "state": "Haryana",
        "osm_id": "way/1003037868"
      }
    },
    {
      "type": "Feature",
      "geometry": {
        "type": "Point",
        "coordinates": [
          77.801814,
          30.5073442
        ]
      },
      "properties": {
        "name": "Paonta Sahib Solar Plant",
        "type": "solar",
        "capacity_mw": 0,
        "operator": "Unknown",
        "state": "Uttarakhand",
        "osm_id": "way/1003037872"
      }
    },
    {
      "type": "Feature",
      "geometry": {
        "type": "Point",
        "coordinates": [
          80.9519353,
          24.5604852
        ]
      },
      "properties": {
        "name": "Rampur Baghelan Tahsil Solar Plant",
        "type": "solar",
        "capacity_mw": 0,
        "operator": "Unknown",
        "state": "Madhya Pradesh",
        "osm_id": "way/1003080700"
      }
    },
    {
      "type": "Feature",
      "geometry": {
        "type": "Point",
        "coordinates": [
          80.8592543,
          24.5844049
        ]
      },
      "properties": {
        "name": "Raghurajnagar Nagareey Tahsil Solar Plant",
        "type": "solar",
        "capacity_mw": 0,
        "operator": "Unknown",
        "state": "Madhya Pradesh",
        "osm_id": "way/1003080701"
      }
    },
    {
      "type": "Feature",
      "geometry": {
        "type": "Point",
        "coordinates": [
          78.1755191,
          24.2499946
        ]
      },
      "properties": {
        "name": "Bina Tahsil Solar Plant",
        "type": "solar",
        "capacity_mw": 0,
        "operator": "Unknown",
        "state": "Madhya Pradesh",
        "osm_id": "way/1003080702"
      }
    },
    {
      "type": "Feature",
      "geometry": {
        "type": "Point",
        "coordinates": [
          86.9911285,
          24.8124685
        ]
      },
      "properties": {
        "name": "Bausi Solar Plant",
        "type": "solar",
        "capacity_mw": 0,
        "operator": "Unknown",
        "state": "Bihar",
        "osm_id": "way/1003080703"
      }
    },
    {
      "type": "Feature",
      "geometry": {
        "type": "Point",
        "coordinates": [
          88.3241737,
          26.469469
        ]
      },
      "properties": {
        "name": "Chopra Solar Plant",
        "type": "solar",
        "capacity_mw": 0,
        "operator": "Unknown",
        "state": "West Bengal",
        "osm_id": "way/1003080705"
      }
    },
    {
      "type": "Feature",
      "geometry": {
        "type": "Point",
        "coordinates": [
          84.4958429,
          27.2662399
        ]
      },
      "properties": {
        "name": "Gaunaha Solar Plant",
        "type": "solar",
        "capacity_mw": 0,
        "operator": "Unknown",
        "state": "Bihar",
        "osm_id": "way/1003080706"
      }
    },
    {
      "type": "Feature",
      "geometry": {
        "type": "Point",
        "coordinates": [
          84.2966688,
          27.1264142
        ]
      },
      "properties": {
        "name": "Ramnagar Solar Plant",
        "type": "solar",
        "capacity_mw": 0,
        "operator": "Unknown",
        "state": "Bihar",
        "osm_id": "way/1003080707"
      }
    },
    {
      "type": "Feature",
      "geometry": {
        "type": "Point",
        "coordinates": [
          77.1438246,
          28.9691814
        ]
      },
      "properties": {
        "name": "Sonipat Solar Plant",
        "type": "solar",
        "capacity_mw": 0,
        "operator": "Unknown",
        "state": "Haryana",
        "osm_id": "way/1003080716"
      }
    },
    {
      "type": "Feature",
      "geometry": {
        "type": "Point",
        "coordinates": [
          76.218294,
          28.3625859
        ]
      },
      "properties": {
        "name": "Mahendragarh Solar Plant",
        "type": "solar",
        "capacity_mw": 0,
        "operator": "Unknown",
        "state": "Haryana",
        "osm_id": "way/1003080717"
      }
    },
    {
      "type": "Feature",
      "geometry": {
        "type": "Point",
        "coordinates": [
          74.2134726,
          18.4824633
        ]
      },
      "properties": {
        "name": "Daund Solar Plant",
        "type": "solar",
        "capacity_mw": 0,
        "operator": "Unknown",
        "state": "Maharashtra",
        "osm_id": "way/1003080718"
      }
    },
    {
      "type": "Feature",
      "geometry": {
        "type": "Point",
        "coordinates": [
          79.1024017,
          18.8243728
        ]
      },
      "properties": {
        "name": "Gollapalli mandal Solar Plant",
        "type": "solar",
        "capacity_mw": 0,
        "operator": "Unknown",
        "state": "Telangana",
        "osm_id": "way/1003080719"
      }
    },
    {
      "type": "Feature",
      "geometry": {
        "type": "Point",
        "coordinates": [
          76.7676242,
          18.7173392
        ]
      },
      "properties": {
        "name": "Ahmadpur Solar Plant",
        "type": "solar",
        "capacity_mw": 0,
        "operator": "Unknown",
        "state": "Maharashtra",
        "osm_id": "way/1003080720"
      }
    },
    {
      "type": "Feature",
      "geometry": {
        "type": "Point",
        "coordinates": [
          75.696254,
          18.4783472
        ]
      },
      "properties": {
        "name": "Bhum Solar Plant",
        "type": "solar",
        "capacity_mw": 0,
        "operator": "Unknown",
        "state": "Maharashtra",
        "osm_id": "way/1003080722"
      }
    },
    {
      "type": "Feature",
      "geometry": {
        "type": "Point",
        "coordinates": [
          74.811927,
          18.8392893
        ]
      },
      "properties": {
        "name": "Shrigonda Solar Plant",
        "type": "solar",
        "capacity_mw": 0,
        "operator": "Unknown",
        "state": "Maharashtra",
        "osm_id": "way/1003080723"
      }
    },
    {
      "type": "Feature",
      "geometry": {
        "type": "Point",
        "coordinates": [
          78.1516836,
          20.1546918
        ]
      },
      "properties": {
        "name": "Yavatmal Solar Plant",
        "type": "solar",
        "capacity_mw": 0,
        "operator": "Unknown",
        "state": "Maharashtra",
        "osm_id": "way/1003080734"
      }
    },
    {
      "type": "Feature",
      "geometry": {
        "type": "Point",
        "coordinates": [
          78.6367216,
          20.1308084
        ]
      },
      "properties": {
        "name": "Kelapur Solar Plant",
        "type": "solar",
        "capacity_mw": 0,
        "operator": "Unknown",
        "state": "Maharashtra",
        "osm_id": "way/1003080735"
      }
    },
    {
      "type": "Feature",
      "geometry": {
        "type": "Point",
        "coordinates": [
          87.1775191,
          22.3467442
        ]
      },
      "properties": {
        "name": "Kharagpur-I Solar Plant",
        "type": "solar",
        "capacity_mw": 0,
        "operator": "Unknown",
        "state": "West Bengal",
        "osm_id": "way/1003080736"
      }
    },
    {
      "type": "Feature",
      "geometry": {
        "type": "Point",
        "coordinates": [
          87.4317473,
          23.5416468
        ]
      },
      "properties": {
        "name": "Kanksa Solar Plant",
        "type": "solar",
        "capacity_mw": 5.0,
        "operator": "Unknown",
        "state": "West Bengal",
        "osm_id": "way/1003080741"
      }
    },
    {
      "type": "Feature",
      "geometry": {
        "type": "Point",
        "coordinates": [
          87.1251494,
          23.5647001
        ]
      },
      "properties": {
        "name": "Mejhia Solar Plant",
        "type": "solar",
        "capacity_mw": 1340.0,
        "operator": "Unknown",
        "state": "West Bengal",
        "osm_id": "way/1003080742"
      }
    },
    {
      "type": "Feature",
      "geometry": {
        "type": "Point",
        "coordinates": [
          69.9787607,
          23.2568608
        ]
      },
      "properties": {
        "name": "Bhuj Taluka Solar Plant",
        "type": "solar",
        "capacity_mw": 0,
        "operator": "Unknown",
        "state": "Gujarat",
        "osm_id": "way/1003080747"
      }
    },
    {
      "type": "Feature",
      "geometry": {
        "type": "Point",
        "coordinates": [
          68.7754333,
          23.6616486
        ]
      },
      "properties": {
        "name": "Lakhpat Taluka Solar Plant",
        "type": "solar",
        "capacity_mw": 0,
        "operator": "Unknown",
        "state": "Gujarat",
        "osm_id": "way/1003080748"
      }
    },
    {
      "type": "Feature",
      "geometry": {
        "type": "Point",
        "coordinates": [
          72.4072261,
          24.6549692
        ]
      },
      "properties": {
        "name": "Reodar Tehsil Solar Plant",
        "type": "solar",
        "capacity_mw": 0,
        "operator": "Unknown",
        "state": "Rajasthan",
        "osm_id": "way/1003080749"
      }
    },
    {
      "type": "Feature",
      "geometry": {
        "type": "Point",
        "coordinates": [
          74.613449,
          25.1279473
        ]
      },
      "properties": {
        "name": "Gangrar Tehsil Solar Plant",
        "type": "solar",
        "capacity_mw": 0,
        "operator": "Unknown",
        "state": "Rajasthan",
        "osm_id": "way/1003080750"
      }
    },
    {
      "type": "Feature",
      "geometry": {
        "type": "Point",
        "coordinates": [
          75.6613492,
          26.6547811
        ]
      },
      "properties": {
        "name": "Phagi Tehsil Solar Plant",
        "type": "solar",
        "capacity_mw": 0,
        "operator": "Unknown",
        "state": "Rajasthan",
        "osm_id": "way/1003080758"
      }
    },
    {
      "type": "Feature",
      "geometry": {
        "type": "Point",
        "coordinates": [
          76.8982754,
          28.3653071
        ]
      },
      "properties": {
        "name": "Gurgaon Solar Plant",
        "type": "solar",
        "capacity_mw": 15.0,
        "operator": "Unknown",
        "state": "Haryana",
        "osm_id": "relation/13446096"
      }
    },
    {
      "type": "Feature",
      "geometry": {
        "type": "Point",
        "coordinates": [
          80.4117265,
          16.4548219
        ]
      },
      "properties": {
        "name": "Tadikonda Solar Plant",
        "type": "solar",
        "capacity_mw": 0,
        "operator": "Unknown",
        "state": "Andhra Pradesh",
        "osm_id": "way/1003091494"
      }
    },
    {
      "type": "Feature",
      "geometry": {
        "type": "Point",
        "coordinates": [
          80.8900192,
          16.7497981
        ]
      },
      "properties": {
        "name": "Nuzvid Solar Plant",
        "type": "solar",
        "capacity_mw": 0,
        "operator": "Unknown",
        "state": "Andhra Pradesh",
        "osm_id": "way/1003091495"
      }
    },
    {
      "type": "Feature",
      "geometry": {
        "type": "Point",
        "coordinates": [
          81.0138662,
          17.0381302
        ]
      },
      "properties": {
        "name": "Chintalapudi Solar Plant",
        "type": "solar",
        "capacity_mw": 0,
        "operator": "Unknown",
        "state": "Andhra Pradesh",
        "osm_id": "way/1003091496"
      }
    },
    {
      "type": "Feature",
      "geometry": {
        "type": "Point",
        "coordinates": [
          80.0569282,
          16.8434046
        ]
      },
      "properties": {
        "name": "Jaggayyapeta Solar Plant",
        "type": "solar",
        "capacity_mw": 0,
        "operator": "Unknown",
        "state": "Andhra Pradesh",
        "osm_id": "way/1003091497"
      }
    },
    {
      "type": "Feature",
      "geometry": {
        "type": "Point",
        "coordinates": [
          79.7945622,
          17.0745718
        ]
      },
      "properties": {
        "name": "Munagala mandal Solar Plant",
        "type": "solar",
        "capacity_mw": 0,
        "operator": "Unknown",
        "state": "Telangana",
        "osm_id": "way/1003091498"
      }
    },
    {
      "type": "Feature",
      "geometry": {
        "type": "Point",
        "coordinates": [
          79.5547673,
          17.1986171
        ]
      },
      "properties": {
        "name": "Suryapet mandal Solar Plant",
        "type": "solar",
        "capacity_mw": 0,
        "operator": "Unknown",
        "state": "Telangana",
        "osm_id": "way/1003091499"
      }
    },
    {
      "type": "Feature",
      "geometry": {
        "type": "Point",
        "coordinates": [
          79.2105635,
          17.2229886
        ]
      },
      "properties": {
        "name": "Narketpally mandal Solar Plant",
        "type": "solar",
        "capacity_mw": 0,
        "operator": "Unknown",
        "state": "Telangana",
        "osm_id": "way/1003091500"
      }
    },
    {
      "type": "Feature",
      "geometry": {
        "type": "Point",
        "coordinates": [
          79.0813145,
          17.1752209
        ]
      },
      "properties": {
        "name": "Chityal mandal Solar Plant",
        "type": "solar",
        "capacity_mw": 0,
        "operator": "Unknown",
        "state": "Telangana",
        "osm_id": "way/1003091501"
      }
    },
    {
      "type": "Feature",
      "geometry": {
        "type": "Point",
        "coordinates": [
          79.3240973,
          17.1500403
        ]
      },
      "properties": {
        "name": "Kattangur mandal Solar Plant",
        "type": "solar",
        "capacity_mw": 0,
        "operator": "Unknown",
        "state": "Telangana",
        "osm_id": "way/1003091502"
      }
    },
    {
      "type": "Feature",
      "geometry": {
        "type": "Point",
        "coordinates": [
          78.2497546,
          18.006746
        ]
      },
      "properties": {
        "name": "Medak mandal Solar Plant",
        "type": "solar",
        "capacity_mw": 0,
        "operator": "Unknown",
        "state": "Telangana",
        "osm_id": "way/1003091504"
      }
    },
    {
      "type": "Feature",
      "geometry": {
        "type": "Point",
        "coordinates": [
          75.7343465,
          19.2899322
        ]
      },
      "properties": {
        "name": "Georai Solar Plant",
        "type": "solar",
        "capacity_mw": 0,
        "operator": "Unknown",
        "state": "Maharashtra",
        "osm_id": "way/1003091505"
      }
    },
    {
      "type": "Feature",
      "geometry": {
        "type": "Point",
        "coordinates": [
          73.8597448,
          20.2505225
        ]
      },
      "properties": {
        "name": "Dindori Taluka Solar Plant",
        "type": "solar",
        "capacity_mw": 0,
        "operator": "Unknown",
        "state": "Maharashtra",
        "osm_id": "way/1003091507"
      }
    },
    {
      "type": "Feature",
      "geometry": {
        "type": "Point",
        "coordinates": [
          74.4956571,
          20.2711873
        ]
      },
      "properties": {
        "name": "Nandgaon Taluka Solar Plant",
        "type": "solar",
        "capacity_mw": 0,
        "operator": "Unknown",
        "state": "Maharashtra",
        "osm_id": "way/1003091509"
      }
    },
    {
      "type": "Feature",
      "geometry": {
        "type": "Point",
        "coordinates": [
          76.9046697,
          21.0984091
        ]
      },
      "properties": {
        "name": "Telhara Solar Plant",
        "type": "solar",
        "capacity_mw": 0,
        "operator": "Unknown",
        "state": "Maharashtra",
        "osm_id": "way/1003091510"
      }
    },
    {
      "type": "Feature",
      "geometry": {
        "type": "Point",
        "coordinates": [
          79.0032193,
          20.9346306
        ]
      },
      "properties": {
        "name": "Nagpur Rural Taluka Solar Plant",
        "type": "solar",
        "capacity_mw": 0,
        "operator": "Unknown",
        "state": "Maharashtra",
        "osm_id": "way/1003091512"
      }
    },
    {
      "type": "Feature",
      "geometry": {
        "type": "Point",
        "coordinates": [
          79.273311,
          21.1329808
        ]
      },
      "properties": {
        "name": "Kamptee Taluka Solar Plant",
        "type": "solar",
        "capacity_mw": 0,
        "operator": "Unknown",
        "state": "Maharashtra",
        "osm_id": "way/1003091514"
      }
    },
    {
      "type": "Feature",
      "geometry": {
        "type": "Point",
        "coordinates": [
          79.5605314,
          21.0973605
        ]
      },
      "properties": {
        "name": "Bhandara Taluka Solar Plant",
        "type": "solar",
        "capacity_mw": 0,
        "operator": "Unknown",
        "state": "Maharashtra",
        "osm_id": "way/1003091516"
      }
    },
    {
      "type": "Feature",
      "geometry": {
        "type": "Point",
        "coordinates": [
          81.8918431,
          21.5420598
        ]
      },
      "properties": {
        "name": "Tilda Tahsil Solar Plant",
        "type": "solar",
        "capacity_mw": 0,
        "operator": "Unknown",
        "state": "Chhattisgarh",
        "osm_id": "way/1003091517"
      }
    },
    {
      "type": "Feature",
      "geometry": {
        "type": "Point",
        "coordinates": [
          81.8002376,
          21.1589524
        ]
      },
      "properties": {
        "name": "Arang Tahsil Solar Plant",
        "type": "solar",
        "capacity_mw": 0,
        "operator": "Unknown",
        "state": "Chhattisgarh",
        "osm_id": "way/1003091519"
      }
    },
    {
      "type": "Feature",
      "geometry": {
        "type": "Point",
        "coordinates": [
          81.5855911,
          21.2811319
        ]
      },
      "properties": {
        "name": "Raipur Tahsil Solar Plant",
        "type": "solar",
        "capacity_mw": 0,
        "operator": "Unknown",
        "state": "Chhattisgarh",
        "osm_id": "way/1003091520"
      }
    },
    {
      "type": "Feature",
      "geometry": {
        "type": "Point",
        "coordinates": [
          71.2640545,
          22.3212866
        ]
      },
      "properties": {
        "name": "Chotila Taluka Solar Plant",
        "type": "solar",
        "capacity_mw": 0,
        "operator": "Unknown",
        "state": "Gujarat",
        "osm_id": "way/1003091522"
      }
    },
    {
      "type": "Feature",
      "geometry": {
        "type": "Point",
        "coordinates": [
          73.129667,
          22.3621316
        ]
      },
      "properties": {
        "name": "Vadodara Rural Taluka Solar Plant",
        "type": "solar",
        "capacity_mw": 0,
        "operator": "Unknown",
        "state": "Gujarat",
        "osm_id": "way/1003091523"
      }
    },
    {
      "type": "Feature",
      "geometry": {
        "type": "Point",
        "coordinates": [
          73.3564451,
          22.071291
        ]
      },
      "properties": {
        "name": "Dabhoi Taluka Solar Plant",
        "type": "solar",
        "capacity_mw": 0,
        "operator": "Unknown",
        "state": "Gujarat",
        "osm_id": "way/1003091524"
      }
    },
    {
      "type": "Feature",
      "geometry": {
        "type": "Point",
        "coordinates": [
          72.5758445,
          21.7218842
        ]
      },
      "properties": {
        "name": "Vagra Taluka Solar Plant",
        "type": "solar",
        "capacity_mw": 0,
        "operator": "Unknown",
        "state": "Gujarat",
        "osm_id": "way/1003091525"
      }
    },
    {
      "type": "Feature",
      "geometry": {
        "type": "Point",
        "coordinates": [
          70.7906279,
          22.0672182
        ]
      },
      "properties": {
        "name": "Gondal Taluka Solar Plant",
        "type": "solar",
        "capacity_mw": 0,
        "operator": "Unknown",
        "state": "Gujarat",
        "osm_id": "way/1003091526"
      }
    },
    {
      "type": "Feature",
      "geometry": {
        "type": "Point",
        "coordinates": [
          69.9635653,
          21.8987955
        ]
      },
      "properties": {
        "name": "Jamjodhpur Taluka Solar Plant",
        "type": "solar",
        "capacity_mw": 0,
        "operator": "Unknown",
        "state": "Gujarat",
        "osm_id": "way/1003091527"
      }
    },
    {
      "type": "Feature",
      "geometry": {
        "type": "Point",
        "coordinates": [
          72.4406968,
          23.177695
        ]
      },
      "properties": {
        "name": "Kalol Taluka Solar Plant",
        "type": "solar",
        "capacity_mw": 0,
        "operator": "Unknown",
        "state": "Gujarat",
        "osm_id": "way/1003091532"
      }
    },
    {
      "type": "Feature",
      "geometry": {
        "type": "Point",
        "coordinates": [
          72.6693383,
          23.1534609
        ]
      },
      "properties": {
        "name": "PDPU Solar Park",
        "type": "solar",
        "capacity_mw": 0,
        "operator": "Unknown",
        "state": "Gujarat",
        "osm_id": "way/1003091533"
      }
    },
    {
      "type": "Feature",
      "geometry": {
        "type": "Point",
        "coordinates": [
          72.6823255,
          23.2744853
        ]
      },
      "properties": {
        "name": "Gandhinagar Taluka Solar Plant",
        "type": "solar",
        "capacity_mw": 0,
        "operator": "Unknown",
        "state": "Gujarat",
        "osm_id": "way/1003091534"
      }
    },
    {
      "type": "Feature",
      "geometry": {
        "type": "Point",
        "coordinates": [
          75.5769172,
          14.1953372
        ]
      },
      "properties": {
        "name": "Honnali taluku Solar Plant",
        "type": "solar",
        "capacity_mw": 0,
        "operator": "Unknown",
        "state": "Karnataka",
        "osm_id": "way/1003118923"
      }
    },
    {
      "type": "Feature",
      "geometry": {
        "type": "Point",
        "coordinates": [
          78.9202425,
          13.86745
        ]
      },
      "properties": {
        "name": "Kambhamvaripalle Solar Plant",
        "type": "solar",
        "capacity_mw": 0,
        "operator": "Unknown",
        "state": "Andhra Pradesh",
        "osm_id": "way/1003118933"
      }
    },
    {
      "type": "Feature",
      "geometry": {
        "type": "Point",
        "coordinates": [
          78.4318189,
          14.6713303
        ]
      },
      "properties": {
        "name": "Muddanur Solar Plant",
        "type": "solar",
        "capacity_mw": 0,
        "operator": "Unknown",
        "state": "Andhra Pradesh",
        "osm_id": "way/1003118934"
      }
    },
    {
      "type": "Feature",
      "geometry": {
        "type": "Point",
        "coordinates": [
          77.5484857,
          14.5383264
        ]
      },
      "properties": {
        "name": "Raptadu Solar Plant",
        "type": "solar",
        "capacity_mw": 0,
        "operator": "Unknown",
        "state": "Andhra Pradesh",
        "osm_id": "way/1003118935"
      }
    },
    {
      "type": "Feature",
      "geometry": {
        "type": "Point",
        "coordinates": [
          75.4515641,
          15.070984
        ]
      },
      "properties": {
        "name": "Lakshmeshvara taluku Solar Plant",
        "type": "solar",
        "capacity_mw": 0,
        "operator": "Unknown",
        "state": "Karnataka",
        "osm_id": "way/1003118936"
      }
    },
    {
      "type": "Feature",
      "geometry": {
        "type": "Point",
        "coordinates": [
          73.9467041,
          15.132937
        ]
      },
      "properties": {
        "name": "Quepem Solar Plant",
        "type": "solar",
        "capacity_mw": 0,
        "operator": "Unknown",
        "state": "Goa",
        "osm_id": "way/1003118937"
      }
    },
    {
      "type": "Feature",
      "geometry": {
        "type": "Point",
        "coordinates": [
          76.6367814,
          15.4072241
        ]
      },
      "properties": {
        "name": "Kampli taluk Solar Plant",
        "type": "solar",
        "capacity_mw": 0,
        "operator": "Unknown",
        "state": "Karnataka",
        "osm_id": "way/1003118941"
      }
    },
    {
      "type": "Feature",
      "geometry": {
        "type": "Point",
        "coordinates": [
          76.1586964,
          15.5828784
        ]
      },
      "properties": {
        "name": "Yelaburga taluku Solar Plant",
        "type": "solar",
        "capacity_mw": 0,
        "operator": "Unknown",
        "state": "Karnataka",
        "osm_id": "way/1003118942"
      }
    },
    {
      "type": "Feature",
      "geometry": {
        "type": "Point",
        "coordinates": [
          74.4498477,
          15.7824005
        ]
      },
      "properties": {
        "name": "Belagavi taluku Solar Plant",
        "type": "solar",
        "capacity_mw": 0,
        "operator": "Unknown",
        "state": "Karnataka",
        "osm_id": "way/1003118943"
      }
    },
    {
      "type": "Feature",
      "geometry": {
        "type": "Point",
        "coordinates": [
          74.7632115,
          15.7295496
        ]
      },
      "properties": {
        "name": "Bailahongala taluku Solar Plant",
        "type": "solar",
        "capacity_mw": 0,
        "operator": "Unknown",
        "state": "Karnataka",
        "osm_id": "way/1003118945"
      }
    },
    {
      "type": "Feature",
      "geometry": {
        "type": "Point",
        "coordinates": [
          74.3723015,
          16.6108456
        ]
      },
      "properties": {
        "name": "Hatkanangle Solar Plant",
        "type": "solar",
        "capacity_mw": 0,
        "operator": "Unknown",
        "state": "Maharashtra",
        "osm_id": "way/1003118952"
      }
    },
    {
      "type": "Feature",
      "geometry": {
        "type": "Point",
        "coordinates": [
          75.0746588,
          16.7088148
        ]
      },
      "properties": {
        "name": "Athani taluku Solar Plant",
        "type": "solar",
        "capacity_mw": 0,
        "operator": "Unknown",
        "state": "Karnataka",
        "osm_id": "way/1003118954"
      }
    },
    {
      "type": "Feature",
      "geometry": {
        "type": "Point",
        "coordinates": [
          75.8311155,
          16.5180484
        ]
      },
      "properties": {
        "name": "Kolahara Taluku Solar Plant",
        "type": "solar",
        "capacity_mw": 0,
        "operator": "Unknown",
        "state": "Karnataka",
        "osm_id": "way/1003118958"
      }
    },
    {
      "type": "Feature",
      "geometry": {
        "type": "Point",
        "coordinates": [
          77.5119099,
          8.2659601
        ]
      },
      "properties": {
        "name": "Thovalai Solar Plant",
        "type": "solar",
        "capacity_mw": 0,
        "operator": "Unknown",
        "state": "Tamil Nadu",
        "osm_id": "way/1003158309"
      }
    },
    {
      "type": "Feature",
      "geometry": {
        "type": "Point",
        "coordinates": [
          77.9105491,
          9.2579548
        ]
      },
      "properties": {
        "name": "Sattur Solar Plant",
        "type": "solar",
        "capacity_mw": 50.0,
        "operator": "Unknown",
        "state": "Tamil Nadu",
        "osm_id": "way/1003158314"
      }
    },
    {
      "type": "Feature",
      "geometry": {
        "type": "Point",
        "coordinates": [
          77.7257898,
          9.7887505
        ]
      },
      "properties": {
        "name": "Peraiyur Solar Plant",
        "type": "solar",
        "capacity_mw": 0,
        "operator": "Unknown",
        "state": "Tamil Nadu",
        "osm_id": "way/1003158317"
      }
    },
    {
      "type": "Feature",
      "geometry": {
        "type": "Point",
        "coordinates": [
          78.6993652,
          11.0662175
        ]
      },
      "properties": {
        "name": "Musiri Solar Plant",
        "type": "solar",
        "capacity_mw": 20.0,
        "operator": "Unknown",
        "state": "Tamil Nadu",
        "osm_id": "way/1003158323"
      }
    },
    {
      "type": "Feature",
      "geometry": {
        "type": "Point",
        "coordinates": [
          77.3248169,
          10.9297123
        ]
      },
      "properties": {
        "name": "Palladam Solar Plant",
        "type": "solar",
        "capacity_mw": 0,
        "operator": "Unknown",
        "state": "Tamil Nadu",
        "osm_id": "way/1003158331"
      }
    },
    {
      "type": "Feature",
      "geometry": {
        "type": "Point",
        "coordinates": [
          77.3283326,
          11.2098235
        ]
      },
      "properties": {
        "name": "Avanashi Solar Plant",
        "type": "solar",
        "capacity_mw": 0,
        "operator": "Unknown",
        "state": "Tamil Nadu",
        "osm_id": "way/1003158333"
      }
    },
    {
      "type": "Feature",
      "geometry": {
        "type": "Point",
        "coordinates": [
          77.5485219,
          11.2404102
        ]
      },
      "properties": {
        "name": "Perundurai Solar Plant",
        "type": "solar",
        "capacity_mw": 0,
        "operator": "Unknown",
        "state": "Tamil Nadu",
        "osm_id": "way/1003158334"
      }
    },
    {
      "type": "Feature",
      "geometry": {
        "type": "Point",
        "coordinates": [
          77.7956049,
          11.4108406
        ]
      },
      "properties": {
        "name": "Kumarapalayam Solar Plant",
        "type": "solar",
        "capacity_mw": 0,
        "operator": "Unknown",
        "state": "Tamil Nadu",
        "osm_id": "way/1003158335"
      }
    },
    {
      "type": "Feature",
      "geometry": {
        "type": "Point",
        "coordinates": [
          77.639544,
          11.4133708
        ]
      },
      "properties": {
        "name": "Bhavani Solar Plant",
        "type": "solar",
        "capacity_mw": 0,
        "operator": "Unknown",
        "state": "Tamil Nadu",
        "osm_id": "way/1003158336"
      }
    },
    {
      "type": "Feature",
      "geometry": {
        "type": "Point",
        "coordinates": [
          77.2370095,
          11.3354281
        ]
      },
      "properties": {
        "name": "Nambiyur Solar Plant",
        "type": "solar",
        "capacity_mw": 0,
        "operator": "Unknown",
        "state": "Tamil Nadu",
        "osm_id": "way/1003158337"
      }
    },
    {
      "type": "Feature",
      "geometry": {
        "type": "Point",
        "coordinates": [
          76.3731471,
          12.171119
        ]
      },
      "properties": {
        "name": "Hunasuru taluk Solar Plant",
        "type": "solar",
        "capacity_mw": 0,
        "operator": "Unknown",
        "state": "Karnataka",
        "osm_id": "way/1003158346"
      }
    },
    {
      "type": "Feature",
      "geometry": {
        "type": "Point",
        "coordinates": [
          77.4966936,
          13.1089091
        ]
      },
      "properties": {
        "name": "Yelahanka taluku Solar Plant",
        "type": "solar",
        "capacity_mw": 0,
        "operator": "Unknown",
        "state": "Karnataka",
        "osm_id": "way/1003158348"
      }
    },
    {
      "type": "Feature",
      "geometry": {
        "type": "Point",
        "coordinates": [
          77.6905167,
          13.2103464
        ]
      },
      "properties": {
        "name": "BIAL Solar System",
        "type": "solar",
        "capacity_mw": 0,
        "operator": "Unknown",
        "state": "Karnataka",
        "osm_id": "way/1003158350"
      }
    },
    {
      "type": "Feature",
      "geometry": {
        "type": "Point",
        "coordinates": [
          77.7426173,
          12.7946438
        ]
      },
      "properties": {
        "name": "Anekal Solar Plant",
        "type": "solar",
        "capacity_mw": 0,
        "operator": "Unknown",
        "state": "Karnataka",
        "osm_id": "way/1003159743"
      }
    },
    {
      "type": "Feature",
      "geometry": {
        "type": "Point",
        "coordinates": [
          78.414158,
          12.9556063
        ]
      },
      "properties": {
        "name": "Kolar Gold Field taluk Solar Plant",
        "type": "solar",
        "capacity_mw": 0,
        "operator": "Unknown",
        "state": "Karnataka",
        "osm_id": "way/1003159744"
      }
    },
    {
      "type": "Feature",
      "geometry": {
        "type": "Point",
        "coordinates": [
          77.7493601,
          12.650273
        ]
      },
      "properties": {
        "name": "Denkanikottai Solar Plant",
        "type": "solar",
        "capacity_mw": 0,
        "operator": "Unknown",
        "state": "Tamil Nadu",
        "osm_id": "way/1003159748"
      }
    },
    {
      "type": "Feature",
      "geometry": {
        "type": "Point",
        "coordinates": [
          80.189846,
          25.9733824
        ]
      },
      "properties": {
        "name": "Ghatampur Thermal Power Station",
        "type": "coal",
        "capacity_mw": 660.0,
        "operator": "Neyveli Uttar Pradesh Power Limited",
        "state": "Uttar Pradesh",
        "osm_id": "way/1004162648"
      }
    },
    {
      "type": "Feature",
      "geometry": {
        "type": "Point",
        "coordinates": [
          76.2767257,
          31.1488358
        ]
      },
      "properties": {
        "name": "Balachaur Tahsil Solar Plant",
        "type": "solar",
        "capacity_mw": 0,
        "operator": "Unknown",
        "state": "Punjab",
        "osm_id": "way/1005384995"
      }
    },
    {
      "type": "Feature",
      "geometry": {
        "type": "Point",
        "coordinates": [
          76.1834384,
          31.3960583
        ]
      },
      "properties": {
        "name": "Haroli Solar Plant",
        "type": "solar",
        "capacity_mw": 0,
        "operator": "Unknown",
        "state": "Himachal Pradesh",
        "osm_id": "way/1005385001"
      }
    },
    {
      "type": "Feature",
      "geometry": {
        "type": "Point",
        "coordinates": [
          74.9560047,
          31.9619034
        ]
      },
      "properties": {
        "name": "Ajnala Tahsil Solar Plant",
        "type": "solar",
        "capacity_mw": 1.0,
        "operator": "Unknown",
        "state": "Punjab",
        "osm_id": "way/1005385004"
      }
    },
    {
      "type": "Feature",
      "geometry": {
        "type": "Point",
        "coordinates": [
          75.7047573,
          31.2549062
        ]
      },
      "properties": {
        "name": "Phagwara Tahsil Solar Plant",
        "type": "solar",
        "capacity_mw": 0,
        "operator": "Unknown",
        "state": "Punjab",
        "osm_id": "way/1005387909"
      }
    },
    {
      "type": "Feature",
      "geometry": {
        "type": "Point",
        "coordinates": [
          75.9384951,
          30.8783637
        ]
      },
      "properties": {
        "name": "Ludhiana (West) Tahsil Solar Plant",
        "type": "solar",
        "capacity_mw": 0,
        "operator": "Unknown",
        "state": "Punjab",
        "osm_id": "way/1005387919"
      }
    },
    {
      "type": "Feature",
      "geometry": {
        "type": "Point",
        "coordinates": [
          77.0587747,
          30.6116389
        ]
      },
      "properties": {
        "name": "Morni Solar Plant",
        "type": "solar",
        "capacity_mw": 0,
        "operator": "Unknown",
        "state": "Haryana",
        "osm_id": "way/1005391113"
      }
    },
    {
      "type": "Feature",
      "geometry": {
        "type": "Point",
        "coordinates": [
          76.9917516,
          30.5337842
        ]
      },
      "properties": {
        "name": "Raipur Rani Solar Plant",
        "type": "solar",
        "capacity_mw": 0,
        "operator": "Unknown",
        "state": "Haryana",
        "osm_id": "way/1005391432"
      }
    },
    {
      "type": "Feature",
      "geometry": {
        "type": "Point",
        "coordinates": [
          85.4656244,
          19.9763367
        ]
      },
      "properties": {
        "name": "Tangi Solar Plant",
        "type": "solar",
        "capacity_mw": 0,
        "operator": "Unknown",
        "state": "Odisha",
        "osm_id": "way/1005400030"
      }
    },
    {
      "type": "Feature",
      "geometry": {
        "type": "Point",
        "coordinates": [
          75.79,
          20.3
        ]
      },
      "properties": {
        "name": "Ranapur Solar Plant",
        "type": "solar",
        "capacity_mw": 50.0,
        "operator": "Unknown",
        "state": "Odisha",
        "osm_id": "way/1005400035"
      }
    },
    {
      "type": "Feature",
      "geometry": {
        "type": "Point",
        "coordinates": [
          86.0161039,
          22.6347934
        ]
      },
      "properties": {
        "name": "Gobindpur(Rajnagar) Solar Plant",
        "type": "solar",
        "capacity_mw": 0,
        "operator": "Unknown",
        "state": "Jharkhand",
        "osm_id": "way/1005400036"
      }
    },
    {
      "type": "Feature",
      "geometry": {
        "type": "Point",
        "coordinates": [
          73.4752536,
          18.1117351
        ]
      },
      "properties": {
        "name": "Mahad Taluka Solar Plant",
        "type": "solar",
        "capacity_mw": 0,
        "operator": "Unknown",
        "state": "Maharashtra",
        "osm_id": "way/1005402494"
      }
    },
    {
      "type": "Feature",
      "geometry": {
        "type": "Point",
        "coordinates": [
          78.264594,
          17.6925175
        ]
      },
      "properties": {
        "name": "Medak Solar Plant",
        "type": "solar",
        "capacity_mw": 0,
        "operator": "Unknown",
        "state": "Telangana",
        "osm_id": "way/1005403736"
      }
    },
    {
      "type": "Feature",
      "geometry": {
        "type": "Point",
        "coordinates": [
          77.7056779,
          16.330087
        ]
      },
      "properties": {
        "name": "Dharoor mandal Solar Plant",
        "type": "solar",
        "capacity_mw": 0,
        "operator": "Unknown",
        "state": "Telangana",
        "osm_id": "way/1005411290"
      }
    },
    {
      "type": "Feature",
      "geometry": {
        "type": "Point",
        "coordinates": [
          78.1300717,
          17.5191205
        ]
      },
      "properties": {
        "name": "Kandi mandal Solar Plant",
        "type": "solar",
        "capacity_mw": 0,
        "operator": "Unknown",
        "state": "Telangana",
        "osm_id": "way/1005411298"
      }
    },
    {
      "type": "Feature",
      "geometry": {
        "type": "Point",
        "coordinates": [
          78.154905,
          17.4832835
        ]
      },
      "properties": {
        "name": "Patancheruvu mandal Solar Plant",
        "type": "solar",
        "capacity_mw": 0,
        "operator": "Unknown",
        "state": "Telangana",
        "osm_id": "way/1005411302"
      }
    },
    {
      "type": "Feature",
      "geometry": {
        "type": "Point",
        "coordinates": [
          78.7890678,
          17.4689257
        ]
      },
      "properties": {
        "name": "Bibinagar mandal Solar Plant",
        "type": "solar",
        "capacity_mw": 1.0,
        "operator": "Unknown",
        "state": "Telangana",
        "osm_id": "way/1005411317"
      }
    },
    {
      "type": "Feature",
      "geometry": {
        "type": "Point",
        "coordinates": [
          77.766441,
          8.3965454
        ]
      },
      "properties": {
        "name": "Tisayanvilai Solar Plant",
        "type": "solar",
        "capacity_mw": 0,
        "operator": "Unknown",
        "state": "Tamil Nadu",
        "osm_id": "way/1005580084"
      }
    },
    {
      "type": "Feature",
      "geometry": {
        "type": "Point",
        "coordinates": [
          87.1414116,
          24.8117573
        ]
      },
      "properties": {
        "name": "Godda Thermal Power Station",
        "type": "coal",
        "capacity_mw": 1600.0,
        "operator": "Adani Power (Jharkhand) Limited",
        "state": "Jharkhand",
        "osm_id": "way/1006309265"
      }
    },
    {
      "type": "Feature",
      "geometry": {
        "type": "Point",
        "coordinates": [
          75.6902634,
          29.8888669
        ]
      },
      "properties": {
        "name": "Budhlada Tahsil Solar Plant",
        "type": "solar",
        "capacity_mw": 0,
        "operator": "Unknown",
        "state": "Punjab",
        "osm_id": "way/1007082319"
      }
    },
    {
      "type": "Feature",
      "geometry": {
        "type": "Point",
        "coordinates": [
          75.9183946,
          29.6979371
        ]
      },
      "properties": {
        "name": "Tohana Solar Plant",
        "type": "solar",
        "capacity_mw": 0,
        "operator": "Unknown",
        "state": "Haryana",
        "osm_id": "way/1007083355"
      }
    },
    {
      "type": "Feature",
      "geometry": {
        "type": "Point",
        "coordinates": [
          75.9442914,
          28.4400653
        ]
      },
      "properties": {
        "name": "Badhra Solar Plant",
        "type": "solar",
        "capacity_mw": 0,
        "operator": "Unknown",
        "state": "Haryana",
        "osm_id": "way/1007098645"
      }
    },
    {
      "type": "Feature",
      "geometry": {
        "type": "Point",
        "coordinates": [
          78.071149,
          27.9250023
        ]
      },
      "properties": {
        "name": "Koil Solar Plant",
        "type": "solar",
        "capacity_mw": 0,
        "operator": "Unknown",
        "state": "Uttar Pradesh",
        "osm_id": "way/1007102799"
      }
    },
    {
      "type": "Feature",
      "geometry": {
        "type": "Point",
        "coordinates": [
          92.759073,
          26.7627818
        ]
      },
      "properties": {
        "name": "Chariduar Solar Plant",
        "type": "solar",
        "capacity_mw": 0,
        "operator": "Unknown",
        "state": "Assam",
        "osm_id": "way/1007109032"
      }
    },
    {
      "type": "Feature",
      "geometry": {
        "type": "Point",
        "coordinates": [
          91.2769287,
          23.4329955
        ]
      },
      "properties": {
        "name": "Sonamura Solar Plant",
        "type": "solar",
        "capacity_mw": 0,
        "operator": "Unknown",
        "state": "Tripura",
        "osm_id": "way/1007110622"
      }
    },
    {
      "type": "Feature",
      "geometry": {
        "type": "Point",
        "coordinates": [
          70.5545533,
          23.3711067
        ]
      },
      "properties": {
        "name": "Bhachau Taluka Solar Plant",
        "type": "solar",
        "capacity_mw": 0,
        "operator": "Unknown",
        "state": "Gujarat",
        "osm_id": "way/1007113012"
      }
    },
    {
      "type": "Feature",
      "geometry": {
        "type": "Point",
        "coordinates": [
          73.4254852,
          22.5411578
        ]
      },
      "properties": {
        "name": "Halol Taluka Solar Plant",
        "type": "solar",
        "capacity_mw": 0,
        "operator": "Unknown",
        "state": "Gujarat",
        "osm_id": "way/1007113447"
      }
    },
    {
      "type": "Feature",
      "geometry": {
        "type": "Point",
        "coordinates": [
          85.0668141,
          21.0909229
        ]
      },
      "properties": {
        "name": "N.T.P.C. Solar Plant",
        "type": "solar",
        "capacity_mw": 0,
        "operator": "Unknown",
        "state": "Odisha",
        "osm_id": "way/1007115341"
      }
    },
    {
      "type": "Feature",
      "geometry": {
        "type": "Point",
        "coordinates": [
          83.387125,
          18.0792462
        ]
      },
      "properties": {
        "name": "Vizianagaram Solar Plant",
        "type": "solar",
        "capacity_mw": 0,
        "operator": "Unknown",
        "state": "Andhra Pradesh",
        "osm_id": "way/1007116176"
      }
    },
    {
      "type": "Feature",
      "geometry": {
        "type": "Point",
        "coordinates": [
          83.2716492,
          17.7743816
        ]
      },
      "properties": {
        "name": "Visakhapatnam (Rural) Solar Plant",
        "type": "solar",
        "capacity_mw": 10.0,
        "operator": "Unknown",
        "state": "Andhra Pradesh",
        "osm_id": "way/1007116398"
      }
    },
    {
      "type": "Feature",
      "geometry": {
        "type": "Point",
        "coordinates": [
          83.1832489,
          17.6657725
        ]
      },
      "properties": {
        "name": "Gajuwaka Solar Plant",
        "type": "solar",
        "capacity_mw": 0,
        "operator": "Unknown",
        "state": "Andhra Pradesh",
        "osm_id": "way/1007116601"
      }
    },
    {
      "type": "Feature",
      "geometry": {
        "type": "Point",
        "coordinates": [
          82.0966767,
          17.280474
        ]
      },
      "properties": {
        "name": "Yeleswaram Solar Plant",
        "type": "solar",
        "capacity_mw": 0,
        "operator": "Unknown",
        "state": "Andhra Pradesh",
        "osm_id": "way/1007116989"
      }
    },
    {
      "type": "Feature",
      "geometry": {
        "type": "Point",
        "coordinates": [
          77.4888146,
          17.6343498
        ]
      },
      "properties": {
        "name": "Mogudampally mandal Solar Plant",
        "type": "solar",
        "capacity_mw": 0,
        "operator": "Unknown",
        "state": "Telangana",
        "osm_id": "way/1007123057"
      }
    },
    {
      "type": "Feature",
      "geometry": {
        "type": "Point",
        "coordinates": [
          78.8419729,
          17.5706285
        ]
      },
      "properties": {
        "name": "Bhongiri mandal Solar Plant",
        "type": "solar",
        "capacity_mw": 0,
        "operator": "Unknown",
        "state": "Telangana",
        "osm_id": "way/1007124084"
      }
    },
    {
      "type": "Feature",
      "geometry": {
        "type": "Point",
        "coordinates": [
          79.1883534,
          17.5484638
        ]
      },
      "properties": {
        "name": "Gundala mandal Solar Plant",
        "type": "solar",
        "capacity_mw": 0,
        "operator": "Unknown",
        "state": "Telangana",
        "osm_id": "way/1007124582"
      }
    },
    {
      "type": "Feature",
      "geometry": {
        "type": "Point",
        "coordinates": [
          80.3516777,
          16.2886051
        ]
      },
      "properties": {
        "name": "Guntur Solar Plant",
        "type": "solar",
        "capacity_mw": 0,
        "operator": "Unknown",
        "state": "Andhra Pradesh",
        "osm_id": "way/1007125085"
      }
    },
    {
      "type": "Feature",
      "geometry": {
        "type": "Point",
        "coordinates": [
          77.5505664,
          16.8584531
        ]
      },
      "properties": {
        "name": "Damargidda mandal Solar Plant",
        "type": "solar",
        "capacity_mw": 0,
        "operator": "Unknown",
        "state": "Telangana",
        "osm_id": "way/1007127406"
      }
    },
    {
      "type": "Feature",
      "geometry": {
        "type": "Point",
        "coordinates": [
          76.9220907,
          16.7910305
        ]
      },
      "properties": {
        "name": "Shahapura taluku Solar Plant",
        "type": "solar",
        "capacity_mw": 0,
        "operator": "Unknown",
        "state": "Karnataka",
        "osm_id": "way/1007127793"
      }
    },
    {
      "type": "Feature",
      "geometry": {
        "type": "Point",
        "coordinates": [
          75.8310216,
          17.5041836
        ]
      },
      "properties": {
        "name": "Solapur South Solar Plant",
        "type": "solar",
        "capacity_mw": 0,
        "operator": "Unknown",
        "state": "Maharashtra",
        "osm_id": "way/1007129485"
      }
    },
    {
      "type": "Feature",
      "geometry": {
        "type": "Point",
        "coordinates": [
          75.0788055,
          17.4657826
        ]
      },
      "properties": {
        "name": "Sangole Solar Plant",
        "type": "solar",
        "capacity_mw": 0,
        "operator": "Unknown",
        "state": "Maharashtra",
        "osm_id": "way/1007131070"
      }
    },
    {
      "type": "Feature",
      "geometry": {
        "type": "Point",
        "coordinates": [
          79.8256932,
          16.5298654
        ]
      },
      "properties": {
        "name": "Piduguralla Solar Plant",
        "type": "solar",
        "capacity_mw": 0,
        "operator": "Unknown",
        "state": "Andhra Pradesh",
        "osm_id": "way/1007132001"
      }
    },
    {
      "type": "Feature",
      "geometry": {
        "type": "Point",
        "coordinates": [
          77.8765037,
          15.6334736
        ]
      },
      "properties": {
        "name": "Kodumur Solar Plant",
        "type": "solar",
        "capacity_mw": 0,
        "operator": "Unknown",
        "state": "Andhra Pradesh",
        "osm_id": "way/1007132918"
      }
    },
    {
      "type": "Feature",
      "geometry": {
        "type": "Point",
        "coordinates": [
          78.4842535,
          15.8070781
        ]
      },
      "properties": {
        "name": "Pamulapadu Solar Plant",
        "type": "solar",
        "capacity_mw": 0,
        "operator": "Unknown",
        "state": "Andhra Pradesh",
        "osm_id": "way/1007133067"
      }
    },
    {
      "type": "Feature",
      "geometry": {
        "type": "Point",
        "coordinates": [
          78.2182574,
          15.3570759
        ]
      },
      "properties": {
        "name": "Banaganapalle Solar Plant",
        "type": "solar",
        "capacity_mw": 0,
        "operator": "Unknown",
        "state": "Andhra Pradesh",
        "osm_id": "way/1007134576"
      }
    },
    {
      "type": "Feature",
      "geometry": {
        "type": "Point",
        "coordinates": [
          76.8546223,
          15.2403639
        ]
      },
      "properties": {
        "name": "Kurugodu taluk Solar Plant",
        "type": "solar",
        "capacity_mw": 0,
        "operator": "Unknown",
        "state": "Karnataka",
        "osm_id": "way/1007134765"
      }
    },
    {
      "type": "Feature",
      "geometry": {
        "type": "Point",
        "coordinates": [
          79.8143998,
          10.8245491
        ]
      },
      "properties": {
        "name": "Nagapattinam Solar Plant",
        "type": "solar",
        "capacity_mw": 0,
        "operator": "Unknown",
        "state": "Puducherry",
        "osm_id": "way/1007138142"
      }
    },
    {
      "type": "Feature",
      "geometry": {
        "type": "Point",
        "coordinates": [
          72.8701876,
          18.7065434
        ]
      },
      "properties": {
        "name": "Alibag Taluka Unknown Plant",
        "type": "unknown",
        "capacity_mw": 0,
        "operator": "Unknown",
        "state": "Maharashtra",
        "osm_id": "way/1007647503"
      }
    },
    {
      "type": "Feature",
      "geometry": {
        "type": "Point",
        "coordinates": [
          75.4292308,
          29.0758135
        ]
      },
      "properties": {
        "name": "Balsamand Solar Plant",
        "type": "solar",
        "capacity_mw": 0,
        "operator": "Unknown",
        "state": "Haryana",
        "osm_id": "way/1009032007"
      }
    },
    {
      "type": "Feature",
      "geometry": {
        "type": "Point",
        "coordinates": [
          84.9923335,
          20.8921661
        ]
      },
      "properties": {
        "name": "Angul Steel Power Plant",
        "type": "coal",
        "capacity_mw": 0,
        "operator": "Unknown",
        "state": "Odisha",
        "osm_id": "way/1012595669"
      }
    },
    {
      "type": "Feature",
      "geometry": {
        "type": "Point",
        "coordinates": [
          88.4568328,
          22.9597538
        ]
      },
      "properties": {
        "name": "Barrackpore Gas Plant",
        "type": "gas",
        "capacity_mw": 0,
        "operator": "Unknown",
        "state": "West Bengal",
        "osm_id": "way/1014555575"
      }
    },
    {
      "type": "Feature",
      "geometry": {
        "type": "Point",
        "coordinates": [
          71.2807225,
          24.1409992
        ]
      },
      "properties": {
        "name": "Suigam Taluka Solar Plant",
        "type": "solar",
        "capacity_mw": 20.0,
        "operator": "Unknown",
        "state": "Gujarat",
        "osm_id": "way/1024059279"
      }
    },
    {
      "type": "Feature",
      "geometry": {
        "type": "Point",
        "coordinates": [
          79.5348895,
          18.657249
        ]
      },
      "properties": {
        "name": "Kamanpur mandal Solar Plant",
        "type": "solar",
        "capacity_mw": 0,
        "operator": "Unknown",
        "state": "Telangana",
        "osm_id": "way/1024350606"
      }
    },
    {
      "type": "Feature",
      "geometry": {
        "type": "Point",
        "coordinates": [
          78.4333956,
          17.5769513
        ]
      },
      "properties": {
        "name": "Dundigal mandal Unknown Plant",
        "type": "unknown",
        "capacity_mw": 0,
        "operator": "Unknown",
        "state": "Telangana",
        "osm_id": "way/1026127568"
      }
    },
    {
      "type": "Feature",
      "geometry": {
        "type": "Point",
        "coordinates": [
          77.7352712,
          29.0191072
        ]
      },
      "properties": {
        "name": "Meerut Solar Plant",
        "type": "solar",
        "capacity_mw": 0,
        "operator": "Unknown",
        "state": "Uttar Pradesh",
        "osm_id": "way/1027467167"
      }
    },
    {
      "type": "Feature",
      "geometry": {
        "type": "Point",
        "coordinates": [
          81.8027129,
          17.094391
        ]
      },
      "properties": {
        "name": "Korukonda Solar Plant",
        "type": "solar",
        "capacity_mw": 0,
        "operator": "Unknown",
        "state": "Andhra Pradesh",
        "osm_id": "way/1029275866"
      }
    },
    {
      "type": "Feature",
      "geometry": {
        "type": "Point",
        "coordinates": [
          71.737911,
          24.426769
        ]
      },
      "properties": {
        "name": "Tharad Taluka Solar Plant",
        "type": "solar",
        "capacity_mw": 0,
        "operator": "Unknown",
        "state": "Gujarat",
        "osm_id": "way/1029441599"
      }
    },
    {
      "type": "Feature",
      "geometry": {
        "type": "Point",
        "coordinates": [
          77.3124928,
          8.5320356
        ]
      },
      "properties": {
        "name": "KODAYAR-I&II",
        "type": "hydro",
        "capacity_mw": 100.0,
        "operator": "Unknown",
        "state": "Tamil Nadu",
        "osm_id": "way/1032969702"
      }
    },
    {
      "type": "Feature",
      "geometry": {
        "type": "Point",
        "coordinates": [
          76.6011465,
          11.5336732
        ]
      },
      "properties": {
        "name": "Singara Hydro Electric Power Station",
        "type": "hydro",
        "capacity_mw": 59.2,
        "operator": "TANGEDCO",
        "state": "Tamil Nadu",
        "osm_id": "way/1036169310"
      }
    },
    {
      "type": "Feature",
      "geometry": {
        "type": "Point",
        "coordinates": [
          76.6539878,
          11.5747059
        ]
      },
      "properties": {
        "name": "Maravakandy Hydroelectric Power Station",
        "type": "hydro",
        "capacity_mw": 0.75,
        "operator": "TANGEDCO",
        "state": "Tamil Nadu",
        "osm_id": "way/1036169313"
      }
    },
    {
      "type": "Feature",
      "geometry": {
        "type": "Point",
        "coordinates": [
          76.6923011,
          11.6139876
        ]
      },
      "properties": {
        "name": "Moyar Hydroelectric Power Station",
        "type": "hydro",
        "capacity_mw": 36.0,
        "operator": "TANGEDCO",
        "state": "Karnataka",
        "osm_id": "way/1036169314"
      }
    },
    {
      "type": "Feature",
      "geometry": {
        "type": "Point",
        "coordinates": [
          76.6594816,
          10.1390754
        ]
      },
      "properties": {
        "name": "Boothathankettu hydroelectric power station",
        "type": "hydro",
        "capacity_mw": 24.0,
        "operator": "Unknown",
        "state": "Kerala",
        "osm_id": "way/1036344782"
      }
    },
    {
      "type": "Feature",
      "geometry": {
        "type": "Point",
        "coordinates": [
          76.7138875,
          10.2070593
        ]
      },
      "properties": {
        "name": "Idamalayar hydroelectric power station",
        "type": "hydro",
        "capacity_mw": 75,
        "operator": "Kerala State Electricity Board",
        "state": "Kerala",
        "osm_id": "way/1036344790"
      }
    },
    {
      "type": "Feature",
      "geometry": {
        "type": "Point",
        "coordinates": [
          86.7475091,
          23.6805535
        ]
      },
      "properties": {
        "name": "Panchet hydroelectric power station",
        "type": "hydro",
        "capacity_mw": 80.0,
        "operator": "Unknown",
        "state": "Jharkhand",
        "osm_id": "way/1036348714"
      }
    },
    {
      "type": "Feature",
      "geometry": {
        "type": "Point",
        "coordinates": [
          75.2416341,
          12.2152587
        ]
      },
      "properties": {
        "name": "CIAL Solar Power Plant",
        "type": "solar",
        "capacity_mw": 12.0,
        "operator": "Cochin International Airport Limited",
        "state": "Kerala",
        "osm_id": "way/1037462231"
      }
    },
    {
      "type": "Feature",
      "geometry": {
        "type": "Point",
        "coordinates": [
          73.8025569,
          16.4223236
        ]
      },
      "properties": {
        "name": "Kankavli Taluka Hydro Plant",
        "type": "hydro",
        "capacity_mw": 0,
        "operator": "Unknown",
        "state": "Maharashtra",
        "osm_id": "way/1038823167"
      }
    },
    {
      "type": "Feature",
      "geometry": {
        "type": "Point",
        "coordinates": [
          76.1113138,
          32.7425644
        ]
      },
      "properties": {
        "name": "Baira Siul Hydroelectric Power Plant",
        "type": "hydro",
        "capacity_mw": 180.0,
        "operator": "Unknown",
        "state": "Himachal Pradesh",
        "osm_id": "way/1038894865"
      }
    },
    {
      "type": "Feature",
      "geometry": {
        "type": "Point",
        "coordinates": [
          92.6682441,
          25.5177155
        ]
      },
      "properties": {
        "name": "Kopili Stage II power station",
        "type": "hydro",
        "capacity_mw": 50.0,
        "operator": "North Eastern Electric Power Corporation",
        "state": "Assam",
        "osm_id": "way/1039455973"
      }
    },
    {
      "type": "Feature",
      "geometry": {
        "type": "Point",
        "coordinates": [
          91.8607181,
          25.713111
        ]
      },
      "properties": {
        "name": "Umiam Stage-II hydro power station",
        "type": "hydro",
        "capacity_mw": 20.0,
        "operator": "Meghalaya Power Generation Corporation Limited",
        "state": "Meghalaya",
        "osm_id": "way/1039461454"
      }
    },
    {
      "type": "Feature",
      "geometry": {
        "type": "Point",
        "coordinates": [
          91.8786279,
          25.6929523
        ]
      },
      "properties": {
        "name": "Umiam Stage-I hydro power station",
        "type": "hydro",
        "capacity_mw": 36.0,
        "operator": "Meghalaya Power Generation Corporation Limited",
        "state": "Meghalaya",
        "osm_id": "way/1039461455"
      }
    },
    {
      "type": "Feature",
      "geometry": {
        "type": "Point",
        "coordinates": [
          91.819396,
          26.0115595
        ]
      },
      "properties": {
        "name": "New Umiam hydro power station",
        "type": "hydro",
        "capacity_mw": 40.0,
        "operator": "Meghalaya Power Generation Corporation Limited",
        "state": "Meghalaya",
        "osm_id": "way/1039461459"
      }
    },
    {
      "type": "Feature",
      "geometry": {
        "type": "Point",
        "coordinates": [
          91.744034,
          25.838409
        ]
      },
      "properties": {
        "name": "Umiam Stage-IV hydro power station",
        "type": "hydro",
        "capacity_mw": 60.0,
        "operator": "Meghalaya Power Generation Corporation Limited",
        "state": "Meghalaya",
        "osm_id": "way/1039461461"
      }
    },
    {
      "type": "Feature",
      "geometry": {
        "type": "Point",
        "coordinates": [
          91.7894345,
          25.7847802
        ]
      },
      "properties": {
        "name": "Umiam Stage-III hydro power station",
        "type": "hydro",
        "capacity_mw": 60.0,
        "operator": "Meghalaya Power Generation Corporation Limited",
        "state": "Meghalaya",
        "osm_id": "way/1039461466"
      }
    },
    {
      "type": "Feature",
      "geometry": {
        "type": "Point",
        "coordinates": [
          76.7734178,
          10.7898785
        ]
      },
      "properties": {
        "name": "KSEB INKEL Solar power plant",
        "type": "solar",
        "capacity_mw": 3.0,
        "operator": "INKEL",
        "state": "Kerala",
        "osm_id": "way/1041195441"
      }
    },
    {
      "type": "Feature",
      "geometry": {
        "type": "Point",
        "coordinates": [
          77.4080254,
          19.3787662
        ]
      },
      "properties": {
        "name": "Kalamnuri Solar Plant",
        "type": "solar",
        "capacity_mw": 0,
        "operator": "Unknown",
        "state": "Maharashtra",
        "osm_id": "way/1041878295"
      }
    },
    {
      "type": "Feature",
      "geometry": {
        "type": "Point",
        "coordinates": [
          76.4380129,
          9.2402506
        ]
      },
      "properties": {
        "name": "NTPC Floating Solar Farm",
        "type": "solar",
        "capacity_mw": 0,
        "operator": "Unknown",
        "state": "Kerala",
        "osm_id": "way/1047324745"
      }
    },
    {
      "type": "Feature",
      "geometry": {
        "type": "Point",
        "coordinates": [
          80.7887662,
          16.5209302
        ]
      },
      "properties": {
        "name": "Gannavaram Solar Plant",
        "type": "solar",
        "capacity_mw": 0,
        "operator": "Unknown",
        "state": "Andhra Pradesh",
        "osm_id": "way/1051180072"
      }
    },
    {
      "type": "Feature",
      "geometry": {
        "type": "Point",
        "coordinates": [
          88.5945886,
          22.837359
        ]
      },
      "properties": {
        "name": "ONGC Ashoknagar",
        "type": "gas",
        "capacity_mw": 0,
        "operator": "ONGC",
        "state": "West Bengal",
        "osm_id": "way/1052952771"
      }
    },
    {
      "type": "Feature",
      "geometry": {
        "type": "Point",
        "coordinates": [
          75.9010131,
          32.6026593
        ]
      },
      "properties": {
        "name": "SEWA-III",
        "type": "hydro",
        "capacity_mw": 9.0,
        "operator": "Unknown",
        "state": "Himachal Pradesh",
        "osm_id": "way/1053790164"
      }
    },
    {
      "type": "Feature",
      "geometry": {
        "type": "Point",
        "coordinates": [
          75.073198,
          15.3551229
        ]
      },
      "properties": {
        "name": "Hubballi Urban Taluku Solar Plant",
        "type": "solar",
        "capacity_mw": 0,
        "operator": "Unknown",
        "state": "Karnataka",
        "osm_id": "way/1055958502"
      }
    },
    {
      "type": "Feature",
      "geometry": {
        "type": "Point",
        "coordinates": [
          80.3084114,
          13.239936
        ]
      },
      "properties": {
        "name": "Ponneri Solar Plant",
        "type": "solar",
        "capacity_mw": 0,
        "operator": "Unknown",
        "state": "Tamil Nadu",
        "osm_id": "way/1060236016"
      }
    },
    {
      "type": "Feature",
      "geometry": {
        "type": "Point",
        "coordinates": [
          77.935,
          16.544
        ]
      },
      "properties": {
        "name": "Shahpur Hydro Plant",
        "type": "hydro",
        "capacity_mw": 100.0,
        "operator": "Unknown",
        "state": "Himachal Pradesh",
        "osm_id": "way/1061542530"
      }
    },
    {
      "type": "Feature",
      "geometry": {
        "type": "Point",
        "coordinates": [
          79.9998513,
          13.5438227
        ]
      },
      "properties": {
        "name": "Varadaiahpalem Solar Plant",
        "type": "solar",
        "capacity_mw": 0,
        "operator": "Unknown",
        "state": "Andhra Pradesh",
        "osm_id": "way/1065817082"
      }
    },
    {
      "type": "Feature",
      "geometry": {
        "type": "Point",
        "coordinates": [
          94.259246,
          26.2327765
        ]
      },
      "properties": {
        "name": "DOYANG",
        "type": "hydro",
        "capacity_mw": 75.0,
        "operator": "Unknown",
        "state": "Nagaland",
        "osm_id": "way/1067257864"
      }
    },
    {
      "type": "Feature",
      "geometry": {
        "type": "Point",
        "coordinates": [
          79.0576752,
          28.1052738
        ]
      },
      "properties": {
        "name": "Kheda solar farm",
        "type": "solar",
        "capacity_mw": 75.0,
        "operator": "Unknown",
        "state": "Uttar Pradesh",
        "osm_id": "way/1067890466"
      }
    },
    {
      "type": "Feature",
      "geometry": {
        "type": "Point",
        "coordinates": [
          79.5215803,
          26.6481299
        ]
      },
      "properties": {
        "name": "NTPC Auriya Solar Photovoltaic Park",
        "type": "solar",
        "capacity_mw": 0,
        "operator": "NTPC",
        "state": "Uttar Pradesh",
        "osm_id": "way/1067890468"
      }
    },
    {
      "type": "Feature",
      "geometry": {
        "type": "Point",
        "coordinates": [
          83.1151736,
          17.5903345
        ]
      },
      "properties": {
        "name": "Simhadri solar farm",
        "type": "solar",
        "capacity_mw": 25.0,
        "operator": "Unknown",
        "state": "Andhra Pradesh",
        "osm_id": "way/1067998751"
      }
    },
    {
      "type": "Feature",
      "geometry": {
        "type": "Point",
        "coordinates": [
          81.6736437,
          17.2831567
        ]
      },
      "properties": {
        "name": "Power House",
        "type": "hydro",
        "capacity_mw": 0,
        "operator": "Unknown",
        "state": "Andhra Pradesh",
        "osm_id": "way/1069251512"
      }
    },
    {
      "type": "Feature",
      "geometry": {
        "type": "Point",
        "coordinates": [
          77.0800196,
          13.0312003
        ]
      },
      "properties": {
        "name": "Kunigal taluk Solar Plant",
        "type": "solar",
        "capacity_mw": 0,
        "operator": "Unknown",
        "state": "Karnataka",
        "osm_id": "way/1074881572"
      }
    },
    {
      "type": "Feature",
      "geometry": {
        "type": "Point",
        "coordinates": [
          76.2679428,
          12.9752989
        ]
      },
      "properties": {
        "name": "Biofuel Park",
        "type": "biomass",
        "capacity_mw": 0,
        "operator": "Unknown",
        "state": "Karnataka",
        "osm_id": "way/1074881585"
      }
    },
    {
      "type": "Feature",
      "geometry": {
        "type": "Point",
        "coordinates": [
          76.5343912,
          32.4539678
        ]
      },
      "properties": {
        "name": "BUDHIL",
        "type": "hydro",
        "capacity_mw": 70.0,
        "operator": "Unknown",
        "state": "Himachal Pradesh",
        "osm_id": "way/1075624920"
      }
    },
    {
      "type": "Feature",
      "geometry": {
        "type": "Point",
        "coordinates": [
          72.1594759,
          22.5651161
        ]
      },
      "properties": {
        "name": "Limbdi Taluka Solar Plant",
        "type": "solar",
        "capacity_mw": 615.0,
        "operator": "Unknown",
        "state": "Gujarat",
        "osm_id": "relation/19151344"
      }
    },
    {
      "type": "Feature",
      "geometry": {
        "type": "Point",
        "coordinates": [
          79.5790815,
          16.7087321
        ]
      },
      "properties": {
        "name": "Yadadri Thermal Power Plant",
        "type": "coal",
        "capacity_mw": 0,
        "operator": "Unknown",
        "state": "Telangana",
        "osm_id": "way/1082084862"
      }
    },
    {
      "type": "Feature",
      "geometry": {
        "type": "Point",
        "coordinates": [
          76.0715419,
          11.1936388
        ]
      },
      "properties": {
        "name": "Ernad Gas Plant",
        "type": "gas",
        "capacity_mw": 0,
        "operator": "Unknown",
        "state": "Kerala",
        "osm_id": "way/1082813280"
      }
    },
    {
      "type": "Feature",
      "geometry": {
        "type": "Point",
        "coordinates": [
          79.2485111,
          28.2284052
        ]
      },
      "properties": {
        "name": "IFFCO Aonla WORKS",
        "type": "unknown",
        "capacity_mw": 0,
        "operator": "Unknown",
        "state": "Uttar Pradesh",
        "osm_id": "way/1087337865"
      }
    },
    {
      "type": "Feature",
      "geometry": {
        "type": "Point",
        "coordinates": [
          83.2550378,
          17.7195112
        ]
      },
      "properties": {
        "name": "Visakhapatnam Port",
        "type": "solar",
        "capacity_mw": 10.0,
        "operator": "Unknown",
        "state": "Andhra Pradesh",
        "osm_id": "way/1088347266"
      }
    },
    {
      "type": "Feature",
      "geometry": {
        "type": "Point",
        "coordinates": [
          75.1382441,
          12.2718791
        ]
      },
      "properties": {
        "name": "Khara Malinya Samskarana Plant",
        "type": "biomass",
        "capacity_mw": 0,
        "operator": "Unknown",
        "state": "Kerala",
        "osm_id": "way/1090140216"
      }
    },
    {
      "type": "Feature",
      "geometry": {
        "type": "Point",
        "coordinates": [
          75.1102492,
          12.3250814
        ]
      },
      "properties": {
        "name": "Waste management Trenching Ground",
        "type": "biomass",
        "capacity_mw": 0,
        "operator": "Unknown",
        "state": "Kerala",
        "osm_id": "way/1090934729"
      }
    },
    {
      "type": "Feature",
      "geometry": {
        "type": "Point",
        "coordinates": [
          86.0916471,
          22.8033373
        ]
      },
      "properties": {
        "name": "Adityapur Works Power Station",
        "type": "unknown",
        "capacity_mw": 0,
        "operator": "Unknown",
        "state": "Jharkhand",
        "osm_id": "way/1092684075"
      }
    },
    {
      "type": "Feature",
      "geometry": {
        "type": "Point",
        "coordinates": [
          83.3450304,
          21.9255743
        ]
      },
      "properties": {
        "name": "Raigarh Jindal power station",
        "type": "unknown",
        "capacity_mw": 0,
        "operator": "Unknown",
        "state": "Chhattisgarh",
        "osm_id": "way/1093898245"
      }
    },
    {
      "type": "Feature",
      "geometry": {
        "type": "Point",
        "coordinates": [
          75.3882088,
          11.9992764
        ]
      },
      "properties": {
        "name": "Muncipality Platic Bailing and Hydrating Unit",
        "type": "biomass",
        "capacity_mw": 0,
        "operator": "Unknown",
        "state": "Kerala",
        "osm_id": "way/1094404054"
      }
    },
    {
      "type": "Feature",
      "geometry": {
        "type": "Point",
        "coordinates": [
          81.002968,
          26.9563443
        ]
      },
      "properties": {
        "name": "Bakshi Ka Talab Gas Plant",
        "type": "gas",
        "capacity_mw": 0,
        "operator": "Unknown",
        "state": "Uttar Pradesh",
        "osm_id": "way/1095686058"
      }
    },
    {
      "type": "Feature",
      "geometry": {
        "type": "Point",
        "coordinates": [
          76.9494798,
          31.8840335
        ]
      },
      "properties": {
        "name": "Padhar Hydro Plant",
        "type": "hydro",
        "capacity_mw": 0,
        "operator": "Unknown",
        "state": "Himachal Pradesh",
        "osm_id": "way/1095766194"
      }
    },
    {
      "type": "Feature",
      "geometry": {
        "type": "Point",
        "coordinates": [
          76.2771314,
          11.6812481
        ]
      },
      "properties": {
        "name": "Municipality Waste Management Plant",
        "type": "biomass",
        "capacity_mw": 0,
        "operator": "Unknown",
        "state": "Kerala",
        "osm_id": "way/1095852066"
      }
    },
    {
      "type": "Feature",
      "geometry": {
        "type": "Point",
        "coordinates": [
          76.3266345,
          10.0762176
        ]
      },
      "properties": {
        "name": "Waste Treatment Centre",
        "type": "biomass",
        "capacity_mw": 0,
        "operator": "Unknown",
        "state": "Kerala",
        "osm_id": "way/1095860673"
      }
    },
    {
      "type": "Feature",
      "geometry": {
        "type": "Point",
        "coordinates": [
          76.1336561,
          10.2974556
        ]
      },
      "properties": {
        "name": "Kanav Plastic Shredding Unit",
        "type": "biomass",
        "capacity_mw": 0,
        "operator": "Unknown",
        "state": "Kerala",
        "osm_id": "way/1096320580"
      }
    },
    {
      "type": "Feature",
      "geometry": {
        "type": "Point",
        "coordinates": [
          78.7726922,
          30.5239707
        ]
      },
      "properties": {
        "name": "Ghansali Hydro Plant",
        "type": "hydro",
        "capacity_mw": 0,
        "operator": "Unknown",
        "state": "Uttarakhand",
        "osm_id": "way/1096434979"
      }
    },
    {
      "type": "Feature",
      "geometry": {
        "type": "Point",
        "coordinates": [
          77.7369492,
          31.5987862
        ]
      },
      "properties": {
        "name": "Rampur Hydro Plant",
        "type": "hydro",
        "capacity_mw": 412.02,
        "operator": "Unknown",
        "state": "Himachal Pradesh",
        "osm_id": "way/1099947037"
      }
    },
    {
      "type": "Feature",
      "geometry": {
        "type": "Point",
        "coordinates": [
          77.7001399,
          31.5270347
        ]
      },
      "properties": {
        "name": "Nermand Hydro Plant",
        "type": "hydro",
        "capacity_mw": 0,
        "operator": "Unknown",
        "state": "Himachal Pradesh",
        "osm_id": "way/1102449049"
      }
    },
    {
      "type": "Feature",
      "geometry": {
        "type": "Point",
        "coordinates": [
          78.0823745,
          9.841743
        ]
      },
      "properties": {
        "name": "Madurai Airport Solar Farm",
        "type": "solar",
        "capacity_mw": 0,
        "operator": "Unknown",
        "state": "Tamil Nadu",
        "osm_id": "way/1105110242"
      }
    },
    {
      "type": "Feature",
      "geometry": {
        "type": "Point",
        "coordinates": [
          80.2239608,
          13.0089174
        ]
      },
      "properties": {
        "name": "Chennai Solar Plant",
        "type": "solar",
        "capacity_mw": 0,
        "operator": "Unknown",
        "state": "Tamil Nadu",
        "osm_id": "way/1105965966"
      }
    },
    {
      "type": "Feature",
      "geometry": {
        "type": "Point",
        "coordinates": [
          86.5923758,
          20.2566195
        ]
      },
      "properties": {
        "name": "Paradip Refinery Captive Power Plant",
        "type": "unknown",
        "capacity_mw": 366.0,
        "operator": "Unknown",
        "state": "Odisha",
        "osm_id": "way/1108634540"
      }
    },
    {
      "type": "Feature",
      "geometry": {
        "type": "Point",
        "coordinates": [
          78.1196247,
          17.597207
        ]
      },
      "properties": {
        "name": "Solar Farm 1",
        "type": "solar",
        "capacity_mw": 0,
        "operator": "Unknown",
        "state": "Telangana",
        "osm_id": "way/1110938614"
      }
    },
    {
      "type": "Feature",
      "geometry": {
        "type": "Point",
        "coordinates": [
          77.5623359,
          13.01734
        ]
      },
      "properties": {
        "name": "Bangalore North Gas Plant",
        "type": "gas",
        "capacity_mw": 0,
        "operator": "Unknown",
        "state": "Karnataka",
        "osm_id": "way/1116445601"
      }
    },
    {
      "type": "Feature",
      "geometry": {
        "type": "Point",
        "coordinates": [
          78.4352567,
          17.8071585
        ]
      },
      "properties": {
        "name": "Shivampet mandal Solar Plant",
        "type": "solar",
        "capacity_mw": 0,
        "operator": "Unknown",
        "state": "Telangana",
        "osm_id": "way/1116743330"
      }
    },
    {
      "type": "Feature",
      "geometry": {
        "type": "Point",
        "coordinates": [
          74.9615783,
          29.9271165
        ]
      },
      "properties": {
        "name": "Guru Gobind Singh Refinery (GGSR) Captive Power Plant",
        "type": "unknown",
        "capacity_mw": 2100.0,
        "operator": "Unknown",
        "state": "Punjab",
        "osm_id": "way/1119980917"
      }
    },
    {
      "type": "Feature",
      "geometry": {
        "type": "Point",
        "coordinates": [
          72.6912514,
          21.709887
        ]
      },
      "properties": {
        "name": "GACL Dahej Caustic Captive Power Plant",
        "type": "unknown",
        "capacity_mw": 0,
        "operator": "Unknown",
        "state": "Gujarat",
        "osm_id": "way/1120225231"
      }
    },
    {
      "type": "Feature",
      "geometry": {
        "type": "Point",
        "coordinates": [
          72.8804662,
          19.2146046
        ]
      },
      "properties": {
        "name": "substation towers",
        "type": "hydro",
        "capacity_mw": 0,
        "operator": "mseb",
        "state": "Maharashtra",
        "osm_id": "way/1121011018"
      }
    },
    {
      "type": "Feature",
      "geometry": {
        "type": "Point",
        "coordinates": [
          83.2301848,
          21.9866129
        ]
      },
      "properties": {
        "name": "Monnet Raigarh Power Plant",
        "type": "unknown",
        "capacity_mw": 0,
        "operator": "Unknown",
        "state": "Chhattisgarh",
        "osm_id": "way/1128051115"
      }
    },
    {
      "type": "Feature",
      "geometry": {
        "type": "Point",
        "coordinates": [
          80.2788415,
          13.0701615
        ]
      },
      "properties": {
        "name": "Island Grounds Solar Farm",
        "type": "solar",
        "capacity_mw": 0,
        "operator": "Unknown",
        "state": "Tamil Nadu",
        "osm_id": "way/1131700802"
      }
    },
    {
      "type": "Feature",
      "geometry": {
        "type": "Point",
        "coordinates": [
          80.2241542,
          13.6679239
        ]
      },
      "properties": {
        "name": "Sullurpeta Solar Plant",
        "type": "solar",
        "capacity_mw": 0,
        "operator": "Unknown",
        "state": "Andhra Pradesh",
        "osm_id": "way/1132769710"
      }
    },
    {
      "type": "Feature",
      "geometry": {
        "type": "Point",
        "coordinates": [
          73.1367856,
          21.6567244
        ]
      },
      "properties": {
        "name": "DCM Shriram Bharuch Power Station",
        "type": "unknown",
        "capacity_mw": 0,
        "operator": "Unknown",
        "state": "Gujarat",
        "osm_id": "way/1133329850"
      }
    },
    {
      "type": "Feature",
      "geometry": {
        "type": "Point",
        "coordinates": [
          78.0414943,
          29.9274027
        ]
      },
      "properties": {
        "name": "PATHRI",
        "type": "hydro",
        "capacity_mw": 20.4,
        "operator": "Unknown",
        "state": "Uttarakhand",
        "osm_id": "way/1133508137"
      }
    },
    {
      "type": "Feature",
      "geometry": {
        "type": "Point",
        "coordinates": [
          80.2824164,
          13.1675279
        ]
      },
      "properties": {
        "name": "CPCL Manali Refinery Captive Power Station",
        "type": "unknown",
        "capacity_mw": 0,
        "operator": "Unknown",
        "state": "Tamil Nadu",
        "osm_id": "way/1134607892"
      }
    },
    {
      "type": "Feature",
      "geometry": {
        "type": "Point",
        "coordinates": [
          73.4948405,
          18.6814067
        ]
      },
      "properties": {
        "name": "Pawana Hydroelectric Power Station",
        "type": "hydro",
        "capacity_mw": 10.0,
        "operator": "Unknown",
        "state": "Maharashtra",
        "osm_id": "way/1138681292"
      }
    },
    {
      "type": "Feature",
      "geometry": {
        "type": "Point",
        "coordinates": [
          85.7234236,
          20.5148221
        ]
      },
      "properties": {
        "name": "Cuttack Aarti Steels Power Station",
        "type": "coal",
        "capacity_mw": 110.0,
        "operator": "Unknown",
        "state": "Odisha",
        "osm_id": "way/1139073319"
      }
    },
    {
      "type": "Feature",
      "geometry": {
        "type": "Point",
        "coordinates": [
          71.5281267,
          26.4514857
        ]
      },
      "properties": {
        "name": "Sheo Tehsil Solar Plant",
        "type": "solar",
        "capacity_mw": 23.0,
        "operator": "Unknown",
        "state": "Rajasthan",
        "osm_id": "way/1143180425"
      }
    },
    {
      "type": "Feature",
      "geometry": {
        "type": "Point",
        "coordinates": [
          72.3026628,
          27.5929625
        ]
      },
      "properties": {
        "name": "Bajju Tehsil Solar Plant",
        "type": "solar",
        "capacity_mw": 0,
        "operator": "Unknown",
        "state": "Rajasthan",
        "osm_id": "way/1143180490"
      }
    },
    {
      "type": "Feature",
      "geometry": {
        "type": "Point",
        "coordinates": [
          75.407336,
          23.4470892
        ]
      },
      "properties": {
        "name": "Nagda Works Power Plant",
        "type": "coal",
        "capacity_mw": 0,
        "operator": "Unknown",
        "state": "Madhya Pradesh",
        "osm_id": "way/1143189197"
      }
    },
    {
      "type": "Feature",
      "geometry": {
        "type": "Point",
        "coordinates": [
          73.2772877,
          28.2596129
        ]
      },
      "properties": {
        "name": "Enel Power",
        "type": "solar",
        "capacity_mw": 0,
        "operator": "Unknown",
        "state": "Rajasthan",
        "osm_id": "way/1143762554"
      }
    },
    {
      "type": "Feature",
      "geometry": {
        "type": "Point",
        "coordinates": [
          73.2218492,
          28.2646852
        ]
      },
      "properties": {
        "name": "Tata Solar Noorsar",
        "type": "solar",
        "capacity_mw": 0,
        "operator": "Unknown",
        "state": "Rajasthan",
        "osm_id": "way/1143762558"
      }
    },
    {
      "type": "Feature",
      "geometry": {
        "type": "Point",
        "coordinates": [
          77.9222075,
          9.1358435
        ]
      },
      "properties": {
        "name": "Ettayapuram Solar Plant",
        "type": "solar",
        "capacity_mw": 0,
        "operator": "Unknown",
        "state": "Tamil Nadu",
        "osm_id": "way/1144250230"
      }
    },
    {
      "type": "Feature",
      "geometry": {
        "type": "Point",
        "coordinates": [
          72.7050975,
          21.1663207
        ]
      },
      "properties": {
        "name": "KRIBHCO Hazira Power Station",
        "type": "unknown",
        "capacity_mw": 0,
        "operator": "Unknown",
        "state": "Gujarat",
        "osm_id": "way/1145455077"
      }
    },
    {
      "type": "Feature",
      "geometry": {
        "type": "Point",
        "coordinates": [
          70.1879287,
          23.1713156
        ]
      },
      "properties": {
        "name": "KCIL Captive Power Plant",
        "type": "unknown",
        "capacity_mw": 0,
        "operator": "Unknown",
        "state": "Gujarat",
        "osm_id": "way/1145457441"
      }
    },
    {
      "type": "Feature",
      "geometry": {
        "type": "Point",
        "coordinates": [
          71.2300461,
          20.8982289
        ]
      },
      "properties": {
        "name": "Jafrabad Taluka Solar Plant",
        "type": "solar",
        "capacity_mw": 15.0,
        "operator": "Sunkon Energy Private Limited",
        "state": "Gujarat",
        "osm_id": "way/1149131315"
      }
    },
    {
      "type": "Feature",
      "geometry": {
        "type": "Point",
        "coordinates": [
          71.6082296,
          21.426471
        ]
      },
      "properties": {
        "name": "Jesar Taluka Solar Plant",
        "type": "solar",
        "capacity_mw": 0,
        "operator": "Unknown",
        "state": "Gujarat",
        "osm_id": "way/1151640781"
      }
    },
    {
      "type": "Feature",
      "geometry": {
        "type": "Point",
        "coordinates": [
          70.303828,
          21.9266858
        ]
      },
      "properties": {
        "name": "Upleta Taluka Solar Plant",
        "type": "solar",
        "capacity_mw": 0,
        "operator": "Unknown",
        "state": "Gujarat",
        "osm_id": "way/1152354465"
      }
    },
    {
      "type": "Feature",
      "geometry": {
        "type": "Point",
        "coordinates": [
          70.3385952,
          21.9650947
        ]
      },
      "properties": {
        "name": "Jam Kandoma Taluka Solar Plant",
        "type": "solar",
        "capacity_mw": 0,
        "operator": "Unknown",
        "state": "Gujarat",
        "osm_id": "way/1152354466"
      }
    },
    {
      "type": "Feature",
      "geometry": {
        "type": "Point",
        "coordinates": [
          69.8614266,
          22.0120072
        ]
      },
      "properties": {
        "name": "Bhanvad Taluka Solar Plant",
        "type": "solar",
        "capacity_mw": 0,
        "operator": "Unknown",
        "state": "Gujarat",
        "osm_id": "way/1152358297"
      }
    },
    {
      "type": "Feature",
      "geometry": {
        "type": "Point",
        "coordinates": [
          88.6036412,
          27.6600589
        ]
      },
      "properties": {
        "name": "Chungthang Hydro Plant",
        "type": "hydro",
        "capacity_mw": 0,
        "operator": "Unknown",
        "state": "Sikkim",
        "osm_id": "way/1153380959"
      }
    },
    {
      "type": "Feature",
      "geometry": {
        "type": "Point",
        "coordinates": [
          76.7444788,
          9.853678
        ]
      },
      "properties": {
        "name": "Thodupuzha Hydro Plant",
        "type": "hydro",
        "capacity_mw": 0,
        "operator": "Unknown",
        "state": "Kerala",
        "osm_id": "way/1155758677"
      }
    },
    {
      "type": "Feature",
      "geometry": {
        "type": "Point",
        "coordinates": [
          72.6561244,
          21.1146167
        ]
      },
      "properties": {
        "name": "Bhander Power Plant",
        "type": "gas",
        "capacity_mw": 500.0,
        "operator": "Unknown",
        "state": "Gujarat",
        "osm_id": "way/1157017752"
      }
    },
    {
      "type": "Feature",
      "geometry": {
        "type": "Point",
        "coordinates": [
          75.3156848,
          34.0055539
        ]
      },
      "properties": {
        "name": "Pahalgam Hydro Plant",
        "type": "hydro",
        "capacity_mw": 0,
        "operator": "Unknown",
        "state": "Jammu and Kashmir",
        "osm_id": "way/1157344580"
      }
    },
    {
      "type": "Feature",
      "geometry": {
        "type": "Point",
        "coordinates": [
          84.018183,
          21.770512
        ]
      },
      "properties": {
        "name": "Rengali Bhushan Power Plant",
        "type": "coal",
        "capacity_mw": 390.0,
        "operator": "Bhushan Power & Steel",
        "state": "Odisha",
        "osm_id": "way/1158770481"
      }
    },
    {
      "type": "Feature",
      "geometry": {
        "type": "Point",
        "coordinates": [
          71.4720679,
          22.9690054
        ]
      },
      "properties": {
        "name": "Dhrangadhra Taluka Solar Plant",
        "type": "solar",
        "capacity_mw": 0,
        "operator": "Unknown",
        "state": "Gujarat",
        "osm_id": "way/1159430686"
      }
    },
    {
      "type": "Feature",
      "geometry": {
        "type": "Point",
        "coordinates": [
          71.3405686,
          22.7176217
        ]
      },
      "properties": {
        "name": "Muli Taluka Solar Plant",
        "type": "solar",
        "capacity_mw": 0,
        "operator": "Unknown",
        "state": "Gujarat",
        "osm_id": "way/1159430720"
      }
    },
    {
      "type": "Feature",
      "geometry": {
        "type": "Point",
        "coordinates": [
          80.2270035,
          26.5038198
        ]
      },
      "properties": {
        "name": "Solar Energy Research Enclave",
        "type": "solar",
        "capacity_mw": 0,
        "operator": "Unknown",
        "state": "Uttar Pradesh",
        "osm_id": "way/1160852755"
      }
    },
    {
      "type": "Feature",
      "geometry": {
        "type": "Point",
        "coordinates": [
          70.4665875,
          23.6175363
        ]
      },
      "properties": {
        "name": "Rapar Taluka Solar Plant",
        "type": "solar",
        "capacity_mw": 0,
        "operator": "Unknown",
        "state": "Gujarat",
        "osm_id": "way/1161376894"
      }
    },
    {
      "type": "Feature",
      "geometry": {
        "type": "Point",
        "coordinates": [
          70.9688024,
          23.0896601
        ]
      },
      "properties": {
        "name": "Maliya Taluka Solar Plant",
        "type": "solar",
        "capacity_mw": 0,
        "operator": "Unknown",
        "state": "Gujarat",
        "osm_id": "way/1161376895"
      }
    },
    {
      "type": "Feature",
      "geometry": {
        "type": "Point",
        "coordinates": [
          76.3401678,
          9.6658974
        ]
      },
      "properties": {
        "name": "Cherthala Biomass Plant",
        "type": "biomass",
        "capacity_mw": 0,
        "operator": "Unknown",
        "state": "Kerala",
        "osm_id": "way/1161719196"
      }
    },
    {
      "type": "Feature",
      "geometry": {
        "type": "Point",
        "coordinates": [
          70.0554089,
          23.3593258
        ]
      },
      "properties": {
        "name": "Unity Power",
        "type": "solar",
        "capacity_mw": 0,
        "operator": "Unknown",
        "state": "Gujarat",
        "osm_id": "way/1162066693"
      }
    },
    {
      "type": "Feature",
      "geometry": {
        "type": "Point",
        "coordinates": [
          91.9810788,
          27.5881786
        ]
      },
      "properties": {
        "name": "NURANANG",
        "type": "hydro",
        "capacity_mw": 6.0,
        "operator": "Unknown",
        "state": "Arunachal Pradesh",
        "osm_id": "way/1163625283"
      }
    },
    {
      "type": "Feature",
      "geometry": {
        "type": "Point",
        "coordinates": [
          82.6700925,
          21.9963319
        ]
      },
      "properties": {
        "name": "Prakash Champa Captive Power Station",
        "type": "coal",
        "capacity_mw": 100.0,
        "operator": "Unknown",
        "state": "Chhattisgarh",
        "osm_id": "way/1163989782"
      }
    },
    {
      "type": "Feature",
      "geometry": {
        "type": "Point",
        "coordinates": [
          75.0276123,
          33.6450331
        ]
      },
      "properties": {
        "name": "Hospital Solar Power Plant",
        "type": "solar",
        "capacity_mw": 0,
        "operator": "Unknown",
        "state": "Jammu and Kashmir",
        "osm_id": "way/1173611046"
      }
    },
    {
      "type": "Feature",
      "geometry": {
        "type": "Point",
        "coordinates": [
          84.0187911,
          24.9583224
        ]
      },
      "properties": {
        "name": "Sasaram Hydro Plant",
        "type": "hydro",
        "capacity_mw": 0,
        "operator": "Unknown",
        "state": "Bihar",
        "osm_id": "way/1173981313"
      }
    },
    {
      "type": "Feature",
      "geometry": {
        "type": "Point",
        "coordinates": [
          79.0536319,
          20.8103938
        ]
      },
      "properties": {
        "name": "Bela Power Plant",
        "type": "coal",
        "capacity_mw": 0,
        "operator": "Unknown",
        "state": "Maharashtra",
        "osm_id": "way/1176456027"
      }
    },
    {
      "type": "Feature",
      "geometry": {
        "type": "Point",
        "coordinates": [
          73.3943472,
          18.8210646
        ]
      },
      "properties": {
        "name": "Mawal Solar Plant",
        "type": "solar",
        "capacity_mw": 0,
        "operator": "Unknown",
        "state": "Maharashtra",
        "osm_id": "way/1176889251"
      }
    },
    {
      "type": "Feature",
      "geometry": {
        "type": "Point",
        "coordinates": [
          77.0573806,
          31.967417
        ]
      },
      "properties": {
        "name": "Kullu Hydro Plant",
        "type": "hydro",
        "capacity_mw": 2.0,
        "operator": "Unknown",
        "state": "Himachal Pradesh",
        "osm_id": "way/1177290846"
      }
    },
    {
      "type": "Feature",
      "geometry": {
        "type": "Point",
        "coordinates": [
          73.86431,
          15.7466324
        ]
      },
      "properties": {
        "name": "Manohar International Airport Solar Farm",
        "type": "solar",
        "capacity_mw": 0,
        "operator": "Unknown",
        "state": "Goa",
        "osm_id": "way/1178522790"
      }
    },
    {
      "type": "Feature",
      "geometry": {
        "type": "Point",
        "coordinates": [
          79.7701026,
          29.8296002
        ]
      },
      "properties": {
        "name": "hydel power station",
        "type": "unknown",
        "capacity_mw": 0,
        "operator": "Unknown",
        "state": "Uttarakhand",
        "osm_id": "way/1179903417"
      }
    },
    {
      "type": "Feature",
      "geometry": {
        "type": "Point",
        "coordinates": [
          78.9074198,
          9.5816578
        ]
      },
      "properties": {
        "name": "Uppur Power Plant",
        "type": "coal",
        "capacity_mw": 0,
        "operator": "Unknown",
        "state": "Tamil Nadu",
        "osm_id": "way/1181414705"
      }
    },
    {
      "type": "Feature",
      "geometry": {
        "type": "Point",
        "coordinates": [
          81.8141116,
          16.9249757
        ]
      },
      "properties": {
        "name": "Velagiri Power Plant",
        "type": "gas",
        "capacity_mw": 388.0,
        "operator": "GMR Vemagiri Power Generation Ltd.",
        "state": "Andhra Pradesh",
        "osm_id": "way/1182741673"
      }
    },
    {
      "type": "Feature",
      "geometry": {
        "type": "Point",
        "coordinates": [
          76.6693702,
          32.2802846
        ]
      },
      "properties": {
        "name": "Bajoli Holi Dam",
        "type": "hydro",
        "capacity_mw": 0,
        "operator": "Unknown",
        "state": "Himachal Pradesh",
        "osm_id": "way/1182754620"
      }
    },
    {
      "type": "Feature",
      "geometry": {
        "type": "Point",
        "coordinates": [
          76.535178,
          32.3420017
        ]
      },
      "properties": {
        "name": "GMR Bajoli Holi Hydropower Station",
        "type": "hydro",
        "capacity_mw": 180.0,
        "operator": "GMR Bajoli Holi Hydropower Private Limited",
        "state": "Himachal Pradesh",
        "osm_id": "way/1182754621"
      }
    },
    {
      "type": "Feature",
      "geometry": {
        "type": "Point",
        "coordinates": [
          68.7125765,
          23.4306908
        ]
      },
      "properties": {
        "name": "Sewagram Cement Works Captive Power Station",
        "type": "coal",
        "capacity_mw": 57.0,
        "operator": "Unknown",
        "state": "Gujarat",
        "osm_id": "way/1186039052"
      }
    },
    {
      "type": "Feature",
      "geometry": {
        "type": "Point",
        "coordinates": [
          76.3772105,
          15.1713815
        ]
      },
      "properties": {
        "name": "Danapuram BMM Captive Power Plant 1",
        "type": "coal",
        "capacity_mw": 95.0,
        "operator": "Unknown",
        "state": "Karnataka",
        "osm_id": "way/1186902443"
      }
    },
    {
      "type": "Feature",
      "geometry": {
        "type": "Point",
        "coordinates": [
          76.3901434,
          15.1757611
        ]
      },
      "properties": {
        "name": "Danapuram BMM Captive Power Plant 2",
        "type": "coal",
        "capacity_mw": 140.0,
        "operator": "Unknown",
        "state": "Karnataka",
        "osm_id": "way/1186907741"
      }
    },
    {
      "type": "Feature",
      "geometry": {
        "type": "Point",
        "coordinates": [
          79.754532,
          10.8229671
        ]
      },
      "properties": {
        "name": "Kilvelur Unknown Plant",
        "type": "unknown",
        "capacity_mw": 0,
        "operator": "Unknown",
        "state": "Tamil Nadu",
        "osm_id": "way/1187708883"
      }
    },
    {
      "type": "Feature",
      "geometry": {
        "type": "Point",
        "coordinates": [
          80.8300394,
          28.0172027
        ]
      },
      "properties": {
        "name": "Khambarkhera Thermal Power Station",
        "type": "coal",
        "capacity_mw": 90.0,
        "operator": "Bajaj Energy Limited",
        "state": "Uttar Pradesh",
        "osm_id": "way/1188373231"
      }
    },
    {
      "type": "Feature",
      "geometry": {
        "type": "Point",
        "coordinates": [
          79.9960636,
          28.2464149
        ]
      },
      "properties": {
        "name": "Maqsoodapur Thermal Power Station",
        "type": "coal",
        "capacity_mw": 90.0,
        "operator": "Bajaj Energy Limited",
        "state": "Uttar Pradesh",
        "osm_id": "way/1188373233"
      }
    },
    {
      "type": "Feature",
      "geometry": {
        "type": "Point",
        "coordinates": [
          79.8061222,
          28.4732112
        ]
      },
      "properties": {
        "name": "Barkhera Thermal Power Station",
        "type": "coal",
        "capacity_mw": 90.0,
        "operator": "Bajaj Energy Limited",
        "state": "Uttar Pradesh",
        "osm_id": "way/1188373234"
      }
    },
    {
      "type": "Feature",
      "geometry": {
        "type": "Point",
        "coordinates": [
          75.7170086,
          17.4462591
        ]
      },
      "properties": {
        "name": "Lokmangal Sugar Ethanol power station",
        "type": "unknown",
        "capacity_mw": 31.5,
        "operator": "Lokmangal Lokmangal group",
        "state": "Maharashtra",
        "osm_id": "way/1190472384"
      }
    },
    {
      "type": "Feature",
      "geometry": {
        "type": "Point",
        "coordinates": [
          79.5281543,
          29.0604677
        ]
      },
      "properties": {
        "name": "Lalkuan Solar Plant",
        "type": "solar",
        "capacity_mw": 0,
        "operator": "Unknown",
        "state": "Uttarakhand",
        "osm_id": "way/1191170388"
      }
    },
    {
      "type": "Feature",
      "geometry": {
        "type": "Point",
        "coordinates": [
          76.4700751,
          14.5567827
        ]
      },
      "properties": {
        "name": "Cleanmax Energy pvt ltd",
        "type": "solar",
        "capacity_mw": 0,
        "operator": "Unknown",
        "state": "Karnataka",
        "osm_id": "way/1191709414"
      }
    },
    {
      "type": "Feature",
      "geometry": {
        "type": "Point",
        "coordinates": [
          76.8951816,
          28.3669709
        ]
      },
      "properties": {
        "name": "Maruti Manesar Power Station",
        "type": "unknown",
        "capacity_mw": 0,
        "operator": "Unknown",
        "state": "Haryana",
        "osm_id": "way/1194059692"
      }
    },
    {
      "type": "Feature",
      "geometry": {
        "type": "Point",
        "coordinates": [
          86.2097801,
          22.7946128
        ]
      },
      "properties": {
        "name": "Jojobera Tata Unit 6 Power Station",
        "type": "gas",
        "capacity_mw": 0,
        "operator": "Tata Power",
        "state": "Jharkhand",
        "osm_id": "way/1199596865"
      }
    },
    {
      "type": "Feature",
      "geometry": {
        "type": "Point",
        "coordinates": [
          78.8354168,
          28.9032427
        ]
      },
      "properties": {
        "name": "Moradabad Solar Plant",
        "type": "solar",
        "capacity_mw": 0,
        "operator": "Unknown",
        "state": "Uttar Pradesh",
        "osm_id": "way/1206798531"
      }
    },
    {
      "type": "Feature",
      "geometry": {
        "type": "Point",
        "coordinates": [
          81.8982254,
          16.5036197
        ]
      },
      "properties": {
        "name": "Mamidikuduru Solar Plant",
        "type": "solar",
        "capacity_mw": 0,
        "operator": "Unknown",
        "state": "Andhra Pradesh",
        "osm_id": "way/1211607832"
      }
    },
    {
      "type": "Feature",
      "geometry": {
        "type": "Point",
        "coordinates": [
          92.8516562,
          26.360566
        ]
      },
      "properties": {
        "name": "Samaguri Solar Plant",
        "type": "solar",
        "capacity_mw": 0,
        "operator": "Unknown",
        "state": "Assam",
        "osm_id": "way/1211895615"
      }
    },
    {
      "type": "Feature",
      "geometry": {
        "type": "Point",
        "coordinates": [
          82.0251114,
          21.5633818
        ]
      },
      "properties": {
        "name": "Palari Tahsil Solar Plant",
        "type": "solar",
        "capacity_mw": 0,
        "operator": "Unknown",
        "state": "Chhattisgarh",
        "osm_id": "way/1212775828"
      }
    },
    {
      "type": "Feature",
      "geometry": {
        "type": "Point",
        "coordinates": [
          87.4917803,
          23.4454376
        ]
      },
      "properties": {
        "name": "Ausgram - II Gas Plant",
        "type": "gas",
        "capacity_mw": 0,
        "operator": "Unknown",
        "state": "West Bengal",
        "osm_id": "way/1212807081"
      }
    },
    {
      "type": "Feature",
      "geometry": {
        "type": "Point",
        "coordinates": [
          80.8482822,
          17.8776527
        ]
      },
      "properties": {
        "name": "Aswapuram mandal Coal Plant",
        "type": "coal",
        "capacity_mw": 0,
        "operator": "Unknown",
        "state": "Telangana",
        "osm_id": "way/1212810266"
      }
    },
    {
      "type": "Feature",
      "geometry": {
        "type": "Point",
        "coordinates": [
          74.6296773,
          15.2529967
        ]
      },
      "properties": {
        "name": "Dandeli taluku Biomass Plant",
        "type": "biomass",
        "capacity_mw": 0,
        "operator": "Unknown",
        "state": "Karnataka",
        "osm_id": "way/1212902227"
      }
    },
    {
      "type": "Feature",
      "geometry": {
        "type": "Point",
        "coordinates": [
          94.8813375,
          27.3707935
        ]
      },
      "properties": {
        "name": "Dibrugarh West Gas Plant",
        "type": "gas",
        "capacity_mw": 0,
        "operator": "Unknown",
        "state": "Assam",
        "osm_id": "way/1213128349"
      }
    },
    {
      "type": "Feature",
      "geometry": {
        "type": "Point",
        "coordinates": [
          83.2215697,
          17.941599
        ]
      },
      "properties": {
        "name": "Kothavalasa Coal Plant",
        "type": "coal",
        "capacity_mw": 0,
        "operator": "Unknown",
        "state": "Andhra Pradesh",
        "osm_id": "way/1213180553"
      }
    },
    {
      "type": "Feature",
      "geometry": {
        "type": "Point",
        "coordinates": [
          83.296933,
          20.3880027
        ]
      },
      "properties": {
        "name": "Saintala Solar Plant",
        "type": "solar",
        "capacity_mw": 0,
        "operator": "Unknown",
        "state": "Odisha",
        "osm_id": "way/1213380650"
      }
    },
    {
      "type": "Feature",
      "geometry": {
        "type": "Point",
        "coordinates": [
          79.58835,
          17.3542972
        ]
      },
      "properties": {
        "name": "Arvapally Mytrah",
        "type": "solar",
        "capacity_mw": 23.0,
        "operator": "Unknown",
        "state": "Telangana",
        "osm_id": "way/1213425059"
      }
    },
    {
      "type": "Feature",
      "geometry": {
        "type": "Point",
        "coordinates": [
          81.5191052,
          27.7422157
        ]
      },
      "properties": {
        "name": "Bahraich",
        "type": "solar",
        "capacity_mw": 10.0,
        "operator": "Unknown",
        "state": "Uttar Pradesh",
        "osm_id": "way/1213426888"
      }
    },
    {
      "type": "Feature",
      "geometry": {
        "type": "Point",
        "coordinates": [
          80.0140097,
          16.7699616
        ]
      },
      "properties": {
        "name": "Anjani Cement Power Station",
        "type": "coal",
        "capacity_mw": 16.0,
        "operator": "Unknown",
        "state": "Telangana",
        "osm_id": "way/1215168949"
      }
    },
    {
      "type": "Feature",
      "geometry": {
        "type": "Point",
        "coordinates": [
          77.2944189,
          17.1643444
        ]
      },
      "properties": {
        "name": "Sedam taluku Coal Plant",
        "type": "coal",
        "capacity_mw": 0,
        "operator": "Unknown",
        "state": "Karnataka",
        "osm_id": "way/1215191948"
      }
    },
    {
      "type": "Feature",
      "geometry": {
        "type": "Point",
        "coordinates": [
          79.2966358,
          10.9612668
        ]
      },
      "properties": {
        "name": "Thirumandangudi Mill",
        "type": "gas",
        "capacity_mw": 28.4,
        "operator": "Unknown",
        "state": "Tamil Nadu",
        "osm_id": "way/1216322364"
      }
    },
    {
      "type": "Feature",
      "geometry": {
        "type": "Point",
        "coordinates": [
          73.9168211,
          17.7358951
        ]
      },
      "properties": {
        "name": "KANHER",
        "type": "hydro",
        "capacity_mw": 4.0,
        "operator": "Unknown",
        "state": "Maharashtra",
        "osm_id": "way/1216452916"
      }
    },
    {
      "type": "Feature",
      "geometry": {
        "type": "Point",
        "coordinates": [
          72.8729996,
          18.6994707
        ]
      },
      "properties": {
        "name": "Alibag Taluka Gas Plant",
        "type": "gas",
        "capacity_mw": 50.0,
        "operator": "Unknown",
        "state": "Maharashtra",
        "osm_id": "way/1216612128"
      }
    },
    {
      "type": "Feature",
      "geometry": {
        "type": "Point",
        "coordinates": [
          82.1592658,
          27.4056295
        ]
      },
      "properties": {
        "name": "Balrampur Mill Power Station",
        "type": "biomass",
        "capacity_mw": 19.55,
        "operator": "Unknown",
        "state": "Uttar Pradesh",
        "osm_id": "way/1216643930"
      }
    },
    {
      "type": "Feature",
      "geometry": {
        "type": "Point",
        "coordinates": [
          73.1126518,
          18.5574524
        ]
      },
      "properties": {
        "name": "Roha Taluka Gas Plant",
        "type": "gas",
        "capacity_mw": 0,
        "operator": "Unknown",
        "state": "Maharashtra",
        "osm_id": "way/1216658084"
      }
    },
    {
      "type": "Feature",
      "geometry": {
        "type": "Point",
        "coordinates": [
          71.6432608,
          23.9258277
        ]
      },
      "properties": {
        "name": "Radhanpur Taluka Solar Plant",
        "type": "solar",
        "capacity_mw": 0,
        "operator": "Unknown",
        "state": "Gujarat",
        "osm_id": "way/1217148618"
      }
    },
    {
      "type": "Feature",
      "geometry": {
        "type": "Point",
        "coordinates": [
          78.1999732,
          21.5209562
        ]
      },
      "properties": {
        "name": "Amravati Solar Plant",
        "type": "solar",
        "capacity_mw": 0,
        "operator": "Unknown",
        "state": "Maharashtra",
        "osm_id": "way/1217191683"
      }
    },
    {
      "type": "Feature",
      "geometry": {
        "type": "Point",
        "coordinates": [
          74.8209351,
          16.6511258
        ]
      },
      "properties": {
        "name": "Kagawada taluku Unknown Plant",
        "type": "unknown",
        "capacity_mw": 0,
        "operator": "Unknown",
        "state": "Karnataka",
        "osm_id": "way/1218347786"
      }
    },
    {
      "type": "Feature",
      "geometry": {
        "type": "Point",
        "coordinates": [
          75.2021994,
          16.4760073
        ]
      },
      "properties": {
        "name": "Rabakavi Banahatti taluku Solar Plant",
        "type": "solar",
        "capacity_mw": 0,
        "operator": "Unknown",
        "state": "Karnataka",
        "osm_id": "way/1218613511"
      }
    },
    {
      "type": "Feature",
      "geometry": {
        "type": "Point",
        "coordinates": [
          75.8375987,
          16.05682
        ]
      },
      "properties": {
        "name": "Guledgudda taluku Solar Plant",
        "type": "solar",
        "capacity_mw": 0,
        "operator": "Unknown",
        "state": "Karnataka",
        "osm_id": "way/1218614561"
      }
    },
    {
      "type": "Feature",
      "geometry": {
        "type": "Point",
        "coordinates": [
          76.3864507,
          9.972151
        ]
      },
      "properties": {
        "name": "Kunnathunad Gas Plant",
        "type": "gas",
        "capacity_mw": 20.0,
        "operator": "Unknown",
        "state": "Kerala",
        "osm_id": "way/1218909830"
      }
    },
    {
      "type": "Feature",
      "geometry": {
        "type": "Point",
        "coordinates": [
          74.7588516,
          21.4137853
        ]
      },
      "properties": {
        "name": "Shirpur Taluka Solar Plant",
        "type": "solar",
        "capacity_mw": 0,
        "operator": "Unknown",
        "state": "Maharashtra",
        "osm_id": "way/1222069763"
      }
    },
    {
      "type": "Feature",
      "geometry": {
        "type": "Point",
        "coordinates": [
          75.2782452,
          18.5759399
        ]
      },
      "properties": {
        "name": "10MW Atnu solar Pvt Ltd( SP group)",
        "type": "solar",
        "capacity_mw": 10.0,
        "operator": "SP group",
        "state": "Maharashtra",
        "osm_id": "way/1222075734"
      }
    },
    {
      "type": "Feature",
      "geometry": {
        "type": "Point",
        "coordinates": [
          75.0708434,
          20.8737318
        ]
      },
      "properties": {
        "name": "Parola Solar Plant",
        "type": "solar",
        "capacity_mw": 0,
        "operator": "Unknown",
        "state": "Maharashtra",
        "osm_id": "way/1222076649"
      }
    },
    {
      "type": "Feature",
      "geometry": {
        "type": "Point",
        "coordinates": [
          80.655865,
          17.5428489
        ]
      },
      "properties": {
        "name": "Chunchupally mandal Solar Plant",
        "type": "solar",
        "capacity_mw": 0,
        "operator": "Unknown",
        "state": "Telangana",
        "osm_id": "way/1222112536"
      }
    },
    {
      "type": "Feature",
      "geometry": {
        "type": "Point",
        "coordinates": [
          78.1560838,
          24.2556148
        ]
      },
      "properties": {
        "name": "Bina Tahsil Coal Plant",
        "type": "coal",
        "capacity_mw": 0,
        "operator": "Unknown",
        "state": "Madhya Pradesh",
        "osm_id": "way/1222121096"
      }
    },
    {
      "type": "Feature",
      "geometry": {
        "type": "Point",
        "coordinates": [
          78.9506298,
          20.9242888
        ]
      },
      "properties": {
        "name": "Nagpur Coal Plant",
        "type": "coal",
        "capacity_mw": 0,
        "operator": "Unknown",
        "state": "Maharashtra",
        "osm_id": "way/1222334586"
      }
    },
    {
      "type": "Feature",
      "geometry": {
        "type": "Point",
        "coordinates": [
          94.9299611,
          26.9852397
        ]
      },
      "properties": {
        "name": "Nazira Gas Plant",
        "type": "gas",
        "capacity_mw": 70.0,
        "operator": "Unknown",
        "state": "Assam",
        "osm_id": "way/1222358211"
      }
    },
    {
      "type": "Feature",
      "geometry": {
        "type": "Point",
        "coordinates": [
          72.887612,
          19.2791461
        ]
      },
      "properties": {
        "name": "Thane Subdistrict Unknown Plant",
        "type": "unknown",
        "capacity_mw": 0,
        "operator": "Unknown",
        "state": "Maharashtra",
        "osm_id": "way/1223822750"
      }
    },
    {
      "type": "Feature",
      "geometry": {
        "type": "Point",
        "coordinates": [
          83.401442,
          19.7108098
        ]
      },
      "properties": {
        "name": "Lanjigarh Coal Plant",
        "type": "coal",
        "capacity_mw": 0,
        "operator": "Unknown",
        "state": "Odisha",
        "osm_id": "way/1223917438"
      }
    },
    {
      "type": "Feature",
      "geometry": {
        "type": "Point",
        "coordinates": [
          81.3946295,
          21.1781651
        ]
      },
      "properties": {
        "name": "Durg Tahsil Coal Plant",
        "type": "coal",
        "capacity_mw": 0,
        "operator": "Unknown",
        "state": "Chhattisgarh",
        "osm_id": "way/1224580452"
      }
    },
    {
      "type": "Feature",
      "geometry": {
        "type": "Point",
        "coordinates": [
          78.151107,
          13.1820396
        ]
      },
      "properties": {
        "name": "Kolar taluk Solar Plant",
        "type": "solar",
        "capacity_mw": 0,
        "operator": "Unknown",
        "state": "Karnataka",
        "osm_id": "way/1224773879"
      }
    },
    {
      "type": "Feature",
      "geometry": {
        "type": "Point",
        "coordinates": [
          77.8240371,
          13.6275712
        ]
      },
      "properties": {
        "name": "Gudibande taluk Solar Plant",
        "type": "solar",
        "capacity_mw": 0,
        "operator": "Unknown",
        "state": "Karnataka",
        "osm_id": "way/1224777758"
      }
    },
    {
      "type": "Feature",
      "geometry": {
        "type": "Point",
        "coordinates": [
          81.1700572,
          24.5633261
        ]
      },
      "properties": {
        "name": "Huzur Tahsil Coal Plant",
        "type": "coal",
        "capacity_mw": 0,
        "operator": "Unknown",
        "state": "Madhya Pradesh",
        "osm_id": "way/1225554154"
      }
    },
    {
      "type": "Feature",
      "geometry": {
        "type": "Point",
        "coordinates": [
          79.0305081,
          17.6690771
        ]
      },
      "properties": {
        "name": "Kolanpaka",
        "type": "solar",
        "capacity_mw": 6.0,
        "operator": "Unknown",
        "state": "Telangana",
        "osm_id": "way/1225725762"
      }
    },
    {
      "type": "Feature",
      "geometry": {
        "type": "Point",
        "coordinates": [
          78.6358862,
          18.7948305
        ]
      },
      "properties": {
        "name": "Metpalli mandal Solar Plant",
        "type": "solar",
        "capacity_mw": 0,
        "operator": "Unknown",
        "state": "Telangana",
        "osm_id": "way/1225730672"
      }
    },
    {
      "type": "Feature",
      "geometry": {
        "type": "Point",
        "coordinates": [
          74.5904732,
          20.7195485
        ]
      },
      "properties": {
        "name": "Malegaon Taluka Solar Plant",
        "type": "solar",
        "capacity_mw": 0,
        "operator": "Unknown",
        "state": "Maharashtra",
        "osm_id": "way/1225761059"
      }
    },
    {
      "type": "Feature",
      "geometry": {
        "type": "Point",
        "coordinates": [
          73.0776,
          26.2782007
        ]
      },
      "properties": {
        "name": "Jodhpur Tehsil Solar Plant",
        "type": "solar",
        "capacity_mw": 0,
        "operator": "Unknown",
        "state": "Rajasthan",
        "osm_id": "way/1227390560"
      }
    },
    {
      "type": "Feature",
      "geometry": {
        "type": "Point",
        "coordinates": [
          80.8569012,
          24.5974609
        ]
      },
      "properties": {
        "name": "Raghurajnagar Nagareey Tahsil Unknown Plant",
        "type": "unknown",
        "capacity_mw": 0,
        "operator": "Unknown",
        "state": "Madhya Pradesh",
        "osm_id": "way/1227432525"
      }
    },
    {
      "type": "Feature",
      "geometry": {
        "type": "Point",
        "coordinates": [
          76.9694947,
          10.9844628
        ]
      },
      "properties": {
        "name": "Coimbatore South Solar Plant",
        "type": "solar",
        "capacity_mw": 0,
        "operator": "Unknown",
        "state": "Tamil Nadu",
        "osm_id": "way/1227442410"
      }
    },
    {
      "type": "Feature",
      "geometry": {
        "type": "Point",
        "coordinates": [
          77.1613718,
          10.87486
        ]
      },
      "properties": {
        "name": "Sulur Solar Plant",
        "type": "solar",
        "capacity_mw": 0,
        "operator": "Unknown",
        "state": "Tamil Nadu",
        "osm_id": "way/1227443039"
      }
    },
    {
      "type": "Feature",
      "geometry": {
        "type": "Point",
        "coordinates": [
          77.7730349,
          9.3066373
        ]
      },
      "properties": {
        "name": "Sivakasi Solar Plant",
        "type": "solar",
        "capacity_mw": 0,
        "operator": "Unknown",
        "state": "Tamil Nadu",
        "osm_id": "way/1227449162"
      }
    },
    {
      "type": "Feature",
      "geometry": {
        "type": "Point",
        "coordinates": [
          77.1866061,
          17.1355061
        ]
      },
      "properties": {
        "name": "Sedam taluku Unknown Plant",
        "type": "hydro",
        "capacity_mw": 0,
        "operator": "Unknown",
        "state": "Karnataka",
        "osm_id": "way/1227460024"
      }
    },
    {
      "type": "Feature",
      "geometry": {
        "type": "Point",
        "coordinates": [
          78.611542,
          11.001337
        ]
      },
      "properties": {
        "name": "Moovanur",
        "type": "solar",
        "capacity_mw": 15.0,
        "operator": "Unknown",
        "state": "Tamil Nadu",
        "osm_id": "way/1227641007"
      }
    },
    {
      "type": "Feature",
      "geometry": {
        "type": "Point",
        "coordinates": [
          73.0905416,
          24.8263956
        ]
      },
      "properties": {
        "name": "Pindwara Tehsil Coal Plant",
        "type": "coal",
        "capacity_mw": 0,
        "operator": "Unknown",
        "state": "Rajasthan",
        "osm_id": "way/1228071247"
      }
    },
    {
      "type": "Feature",
      "geometry": {
        "type": "Point",
        "coordinates": [
          76.977511,
          17.055213
        ]
      },
      "properties": {
        "name": "Chitapura taluku Unknown Plant",
        "type": "unknown",
        "capacity_mw": 0,
        "operator": "Unknown",
        "state": "Karnataka",
        "osm_id": "way/1228760183"
      }
    },
    {
      "type": "Feature",
      "geometry": {
        "type": "Point",
        "coordinates": [
          76.2024201,
          11.3561533
        ]
      },
      "properties": {
        "name": "Adyanpara Small Hydroelectric Power Station",
        "type": "hydro",
        "capacity_mw": 3.5,
        "operator": "Kerala State Electricity Board",
        "state": "Kerala",
        "osm_id": "way/1228836604"
      }
    },
    {
      "type": "Feature",
      "geometry": {
        "type": "Point",
        "coordinates": [
          73.0431794,
          18.6861449
        ]
      },
      "properties": {
        "name": "Pen Taluka Unknown Plant",
        "type": "unknown",
        "capacity_mw": 0,
        "operator": "Unknown",
        "state": "Maharashtra",
        "osm_id": "way/1228954771"
      }
    },
    {
      "type": "Feature",
      "geometry": {
        "type": "Point",
        "coordinates": [
          76.7589127,
          30.7674618
        ]
      },
      "properties": {
        "name": "Chandigarh Solar Plant",
        "type": "solar",
        "capacity_mw": 0,
        "operator": "Unknown",
        "state": "Chandigarh",
        "osm_id": "way/1229451746"
      }
    },
    {
      "type": "Feature",
      "geometry": {
        "type": "Point",
        "coordinates": [
          78.3091267,
          10.7923761
        ]
      },
      "properties": {
        "name": "Kadavur Solar Plant",
        "type": "solar",
        "capacity_mw": 0,
        "operator": "Unknown",
        "state": "Tamil Nadu",
        "osm_id": "way/1231732016"
      }
    },
    {
      "type": "Feature",
      "geometry": {
        "type": "Point",
        "coordinates": [
          81.8711556,
          25.4199093
        ]
      },
      "properties": {
        "name": "Karchhana Solar Plant",
        "type": "solar",
        "capacity_mw": 5.8,
        "operator": "EMC Limited",
        "state": "Uttar Pradesh",
        "osm_id": "way/1237981253"
      }
    },
    {
      "type": "Feature",
      "geometry": {
        "type": "Point",
        "coordinates": [
          69.4121923,
          22.0877729
        ]
      },
      "properties": {
        "name": "Kalyanpur Taluka Solar Plant",
        "type": "solar",
        "capacity_mw": 0,
        "operator": "Unknown",
        "state": "Gujarat",
        "osm_id": "way/1238911783"
      }
    },
    {
      "type": "Feature",
      "geometry": {
        "type": "Point",
        "coordinates": [
          73.8778071,
          24.6476705
        ]
      },
      "properties": {
        "name": "Mavli Tehsil Solar Plant",
        "type": "solar",
        "capacity_mw": 0,
        "operator": "Unknown",
        "state": "Rajasthan",
        "osm_id": "way/1240366549"
      }
    },
    {
      "type": "Feature",
      "geometry": {
        "type": "Point",
        "coordinates": [
          76.9472564,
          11.0376474
        ]
      },
      "properties": {
        "name": "Coimbatore North Solar Plant",
        "type": "solar",
        "capacity_mw": 0,
        "operator": "Unknown",
        "state": "Tamil Nadu",
        "osm_id": "way/1241138773"
      }
    },
    {
      "type": "Feature",
      "geometry": {
        "type": "Point",
        "coordinates": [
          72.2389845,
          22.1460284
        ]
      },
      "properties": {
        "name": "Dholera Solar Park",
        "type": "solar",
        "capacity_mw": 0,
        "operator": "Tata Power",
        "state": "Gujarat",
        "osm_id": "way/1245396806"
      }
    },
    {
      "type": "Feature",
      "geometry": {
        "type": "Point",
        "coordinates": [
          76.7632177,
          12.4030136
        ]
      },
      "properties": {
        "name": "Mahadevapura Small Hydel Plant",
        "type": "hydro",
        "capacity_mw": 6.0,
        "operator": "Soham",
        "state": "Karnataka",
        "osm_id": "way/1245425683"
      }
    },
    {
      "type": "Feature",
      "geometry": {
        "type": "Point",
        "coordinates": [
          88.3349885,
          27.1067409
        ]
      },
      "properties": {
        "name": "Namchi Hydro Plant",
        "type": "hydro",
        "capacity_mw": 0,
        "operator": "Unknown",
        "state": "West Bengal",
        "osm_id": "way/1247065131"
      }
    },
    {
      "type": "Feature",
      "geometry": {
        "type": "Point",
        "coordinates": [
          83.1857907,
          17.7587693
        ]
      },
      "properties": {
        "name": "Floating Solar Plant",
        "type": "solar",
        "capacity_mw": 0,
        "operator": "Unknown",
        "state": "Andhra Pradesh",
        "osm_id": "way/1247537902"
      }
    },
    {
      "type": "Feature",
      "geometry": {
        "type": "Point",
        "coordinates": [
          78.3455565,
          17.4188505
        ]
      },
      "properties": {
        "name": "Honeywell Experimental Solar Farm",
        "type": "solar",
        "capacity_mw": 0,
        "operator": "Unknown",
        "state": "Telangana",
        "osm_id": "way/1247721906"
      }
    },
    {
      "type": "Feature",
      "geometry": {
        "type": "Point",
        "coordinates": [
          78.7169498,
          29.9285127
        ]
      },
      "properties": {
        "name": "Pauri Solar Plant",
        "type": "solar",
        "capacity_mw": 0,
        "operator": "Unknown",
        "state": "Uttarakhand",
        "osm_id": "way/1254531780"
      }
    },
    {
      "type": "Feature",
      "geometry": {
        "type": "Point",
        "coordinates": [
          88.2919241,
          27.2944667
        ]
      },
      "properties": {
        "name": "RANGIT-III",
        "type": "hydro",
        "capacity_mw": 60.0,
        "operator": "Unknown",
        "state": "Sikkim",
        "osm_id": "way/1255371187"
      }
    },
    {
      "type": "Feature",
      "geometry": {
        "type": "Point",
        "coordinates": [
          81.1308049,
          21.1581515
        ]
      },
      "properties": {
        "name": "Rajnandgaon Solar park",
        "type": "solar",
        "capacity_mw": 0,
        "operator": "Unknown",
        "state": "Chhattisgarh",
        "osm_id": "way/1259457366"
      }
    },
    {
      "type": "Feature",
      "geometry": {
        "type": "Point",
        "coordinates": [
          74.6347104,
          30.9275602
        ]
      },
      "properties": {
        "name": "Firozpur Tahsil Solar Plant",
        "type": "solar",
        "capacity_mw": 0,
        "operator": "Unknown",
        "state": "Punjab",
        "osm_id": "way/1260558929"
      }
    },
    {
      "type": "Feature",
      "geometry": {
        "type": "Point",
        "coordinates": [
          75.4010686,
          31.4020872
        ]
      },
      "properties": {
        "name": "Kapurthala Tahsil Solar Plant",
        "type": "solar",
        "capacity_mw": 0,
        "operator": "Unknown",
        "state": "Punjab",
        "osm_id": "way/1260558932"
      }
    },
    {
      "type": "Feature",
      "geometry": {
        "type": "Point",
        "coordinates": [
          76.7588381,
          31.1615473
        ]
      },
      "properties": {
        "name": "Ramshahr Solar Plant",
        "type": "solar",
        "capacity_mw": 0,
        "operator": "Unknown",
        "state": "Himachal Pradesh",
        "osm_id": "way/1260562445"
      }
    },
    {
      "type": "Feature",
      "geometry": {
        "type": "Point",
        "coordinates": [
          71.4714247,
          25.8219427
        ]
      },
      "properties": {
        "name": "Barmer Tehsil Solar Plant",
        "type": "solar",
        "capacity_mw": 0,
        "operator": "Unknown",
        "state": "Rajasthan",
        "osm_id": "way/1260566962"
      }
    },
    {
      "type": "Feature",
      "geometry": {
        "type": "Point",
        "coordinates": [
          74.7734167,
          29.4567985
        ]
      },
      "properties": {
        "name": "Ellenabad Solar Plant",
        "type": "solar",
        "capacity_mw": 0,
        "operator": "Unknown",
        "state": "Haryana",
        "osm_id": "way/1260566968"
      }
    },
    {
      "type": "Feature",
      "geometry": {
        "type": "Point",
        "coordinates": [
          75.053547,
          25.4217879
        ]
      },
      "properties": {
        "name": "Kotri Tehsil Solar Plant",
        "type": "solar",
        "capacity_mw": 0,
        "operator": "Unknown",
        "state": "Rajasthan",
        "osm_id": "way/1260568751"
      }
    },
    {
      "type": "Feature",
      "geometry": {
        "type": "Point",
        "coordinates": [
          73.3221006,
          25.7855494
        ]
      },
      "properties": {
        "name": "Pali Tehsil Solar Plant",
        "type": "solar",
        "capacity_mw": 0,
        "operator": "Unknown",
        "state": "Rajasthan",
        "osm_id": "way/1260568753"
      }
    },
    {
      "type": "Feature",
      "geometry": {
        "type": "Point",
        "coordinates": [
          86.0203699,
          20.6237792
        ]
      },
      "properties": {
        "name": "Badachana Solar Plant",
        "type": "solar",
        "capacity_mw": 0,
        "operator": "Unknown",
        "state": "Odisha",
        "osm_id": "way/1260578300"
      }
    },
    {
      "type": "Feature",
      "geometry": {
        "type": "Point",
        "coordinates": [
          80.4728134,
          21.9772568
        ]
      },
      "properties": {
        "name": "Baihar Tahsil Solar Plant",
        "type": "solar",
        "capacity_mw": 0,
        "operator": "Unknown",
        "state": "Madhya Pradesh",
        "osm_id": "way/1260590532"
      }
    },
    {
      "type": "Feature",
      "geometry": {
        "type": "Point",
        "coordinates": [
          79.0879221,
          17.0626053
        ]
      },
      "properties": {
        "name": "Munugode mandal Solar Plant",
        "type": "solar",
        "capacity_mw": 0,
        "operator": "Unknown",
        "state": "Telangana",
        "osm_id": "way/1260633424"
      }
    },
    {
      "type": "Feature",
      "geometry": {
        "type": "Point",
        "coordinates": [
          79.0521301,
          16.8225405
        ]
      },
      "properties": {
        "name": "Gurrampode mandal Solar Plant",
        "type": "solar",
        "capacity_mw": 0,
        "operator": "Unknown",
        "state": "Telangana",
        "osm_id": "way/1260639520"
      }
    },
    {
      "type": "Feature",
      "geometry": {
        "type": "Point",
        "coordinates": [
          79.7503379,
          15.5468829
        ]
      },
      "properties": {
        "name": "Marripudi Solar Plant",
        "type": "solar",
        "capacity_mw": 0,
        "operator": "Unknown",
        "state": "Andhra Pradesh",
        "osm_id": "way/1260642974"
      }
    },
    {
      "type": "Feature",
      "geometry": {
        "type": "Point",
        "coordinates": [
          78.8521581,
          16.9530221
        ]
      },
      "properties": {
        "name": "Marriguda mandal Solar Plant",
        "type": "solar",
        "capacity_mw": 0,
        "operator": "Unknown",
        "state": "Telangana",
        "osm_id": "way/1260645139"
      }
    },
    {
      "type": "Feature",
      "geometry": {
        "type": "Point",
        "coordinates": [
          76.1607603,
          16.2554139
        ]
      },
      "properties": {
        "name": "Muddebihal",
        "type": "solar",
        "capacity_mw": 20.0,
        "operator": "Unknown",
        "state": "Karnataka",
        "osm_id": "way/1260647790"
      }
    },
    {
      "type": "Feature",
      "geometry": {
        "type": "Point",
        "coordinates": [
          82.0822115,
          17.2713951
        ]
      },
      "properties": {
        "name": "Jaggampeta Solar Plant",
        "type": "solar",
        "capacity_mw": 0,
        "operator": "Unknown",
        "state": "Andhra Pradesh",
        "osm_id": "way/1260648817"
      }
    },
    {
      "type": "Feature",
      "geometry": {
        "type": "Point",
        "coordinates": [
          76.5821279,
          16.9606488
        ]
      },
      "properties": {
        "name": "Jevargi taluku Solar Plant",
        "type": "solar",
        "capacity_mw": 0,
        "operator": "Unknown",
        "state": "Karnataka",
        "osm_id": "way/1260649595"
      }
    },
    {
      "type": "Feature",
      "geometry": {
        "type": "Point",
        "coordinates": [
          79.0901879,
          13.1903768
        ]
      },
      "properties": {
        "name": "Chittoor Solar Plant",
        "type": "solar",
        "capacity_mw": 0,
        "operator": "Unknown",
        "state": "Andhra Pradesh",
        "osm_id": "way/1260650007"
      }
    },
    {
      "type": "Feature",
      "geometry": {
        "type": "Point",
        "coordinates": [
          78.876437,
          14.4410533
        ]
      },
      "properties": {
        "name": "Kadapa Solar Plant",
        "type": "solar",
        "capacity_mw": 0,
        "operator": "Unknown",
        "state": "Andhra Pradesh",
        "osm_id": "way/1260654992"
      }
    },
    {
      "type": "Feature",
      "geometry": {
        "type": "Point",
        "coordinates": [
          75.4943414,
          15.7878405
        ]
      },
      "properties": {
        "name": "Naragunda taluk Solar Plant",
        "type": "solar",
        "capacity_mw": 0,
        "operator": "Unknown",
        "state": "Karnataka",
        "osm_id": "way/1260655014"
      }
    },
    {
      "type": "Feature",
      "geometry": {
        "type": "Point",
        "coordinates": [
          76.1841451,
          12.7501103
        ]
      },
      "properties": {
        "name": "Hole Narasipura taluk Solar Plant",
        "type": "solar",
        "capacity_mw": 0,
        "operator": "Unknown",
        "state": "Karnataka",
        "osm_id": "way/1260695263"
      }
    },
    {
      "type": "Feature",
      "geometry": {
        "type": "Point",
        "coordinates": [
          76.7178831,
          10.6071459
        ]
      },
      "properties": {
        "name": "Chittur Solar Plant",
        "type": "solar",
        "capacity_mw": 0,
        "operator": "Unknown",
        "state": "Kerala",
        "osm_id": "way/1260707190"
      }
    },
    {
      "type": "Feature",
      "geometry": {
        "type": "Point",
        "coordinates": [
          79.7316658,
          27.5870951
        ]
      },
      "properties": {
        "name": "Bibiyapur",
        "type": "solar",
        "capacity_mw": 10.0,
        "operator": "Unknown",
        "state": "Uttar Pradesh",
        "osm_id": "way/1261397029"
      }
    },
    {
      "type": "Feature",
      "geometry": {
        "type": "Point",
        "coordinates": [
          79.7350269,
          27.5775001
        ]
      },
      "properties": {
        "name": "Sawayajpur Solar Plant",
        "type": "solar",
        "capacity_mw": 0,
        "operator": "Unknown",
        "state": "Uttar Pradesh",
        "osm_id": "way/1261397033"
      }
    },
    {
      "type": "Feature",
      "geometry": {
        "type": "Point",
        "coordinates": [
          79.0393755,
          17.7268977
        ]
      },
      "properties": {
        "name": "Bachannapet mandal Solar Plant",
        "type": "solar",
        "capacity_mw": 0,
        "operator": "Unknown",
        "state": "Telangana",
        "osm_id": "way/1261403664"
      }
    },
    {
      "type": "Feature",
      "geometry": {
        "type": "Point",
        "coordinates": [
          78.7814922,
          16.6376465
        ]
      },
      "properties": {
        "name": "Gundlapally mandal Solar Plant",
        "type": "solar",
        "capacity_mw": 0,
        "operator": "Unknown",
        "state": "Telangana",
        "osm_id": "way/1261406338"
      }
    },
    {
      "type": "Feature",
      "geometry": {
        "type": "Point",
        "coordinates": [
          78.9849029,
          21.4092214
        ]
      },
      "properties": {
        "name": "Savner Solar Plant",
        "type": "solar",
        "capacity_mw": 0,
        "operator": "Unknown",
        "state": "Maharashtra",
        "osm_id": "way/1261823524"
      }
    },
    {
      "type": "Feature",
      "geometry": {
        "type": "Point",
        "coordinates": [
          72.6843657,
          21.168996
        ]
      },
      "properties": {
        "name": "Kawas solar farm",
        "type": "solar",
        "capacity_mw": 0,
        "operator": "Unknown",
        "state": "Gujarat",
        "osm_id": "way/1261842169"
      }
    },
    {
      "type": "Feature",
      "geometry": {
        "type": "Point",
        "coordinates": [
          76.9109185,
          14.8652365
        ]
      },
      "properties": {
        "name": "D Hirehal Solar Plant",
        "type": "solar",
        "capacity_mw": 0,
        "operator": "Unknown",
        "state": "Andhra Pradesh",
        "osm_id": "way/1261906581"
      }
    },
    {
      "type": "Feature",
      "geometry": {
        "type": "Point",
        "coordinates": [
          74.6176573,
          25.2303664
        ]
      },
      "properties": {
        "name": "Hameergarh Tehsil Solar Plant",
        "type": "solar",
        "capacity_mw": 0,
        "operator": "Unknown",
        "state": "Rajasthan",
        "osm_id": "way/1261940385"
      }
    },
    {
      "type": "Feature",
      "geometry": {
        "type": "Point",
        "coordinates": [
          74.6876101,
          24.6461252
        ]
      },
      "properties": {
        "name": "NIMBAHERA JK CEMENT",
        "type": "solar",
        "capacity_mw": 33.2,
        "operator": "Jk Cement ltd",
        "state": "Rajasthan",
        "osm_id": "way/1261946201"
      }
    },
    {
      "type": "Feature",
      "geometry": {
        "type": "Point",
        "coordinates": [
          74.6106456,
          24.7210805
        ]
      },
      "properties": {
        "name": "Chittaurgarh Tehsil Solar Plant",
        "type": "solar",
        "capacity_mw": 0,
        "operator": "Unknown",
        "state": "Rajasthan",
        "osm_id": "way/1261946204"
      }
    },
    {
      "type": "Feature",
      "geometry": {
        "type": "Point",
        "coordinates": [
          71.116765,
          23.8995503
        ]
      },
      "properties": {
        "name": "Santalpur Taluka Solar Plant",
        "type": "solar",
        "capacity_mw": 0,
        "operator": "Unknown",
        "state": "Gujarat",
        "osm_id": "way/1261984642"
      }
    },
    {
      "type": "Feature",
      "geometry": {
        "type": "Point",
        "coordinates": [
          72.1040017,
          21.9224926
        ]
      },
      "properties": {
        "name": "Bhavnagar Taluka Solar Plant",
        "type": "solar",
        "capacity_mw": 0,
        "operator": "Unknown",
        "state": "Gujarat",
        "osm_id": "way/1261994290"
      }
    },
    {
      "type": "Feature",
      "geometry": {
        "type": "Point",
        "coordinates": [
          73.281448,
          23.3208503
        ]
      },
      "properties": {
        "name": "Dhansura Taluka Solar Plant",
        "type": "solar",
        "capacity_mw": 0,
        "operator": "Unknown",
        "state": "Gujarat",
        "osm_id": "way/1261994317"
      }
    },
    {
      "type": "Feature",
      "geometry": {
        "type": "Point",
        "coordinates": [
          72.1963928,
          22.4043444
        ]
      },
      "properties": {
        "name": "Dholera Taluka Solar Plant",
        "type": "solar",
        "capacity_mw": 0,
        "operator": "Unknown",
        "state": "Gujarat",
        "osm_id": "way/1262004409"
      }
    },
    {
      "type": "Feature",
      "geometry": {
        "type": "Point",
        "coordinates": [
          75.8115844,
          22.7210208
        ]
      },
      "properties": {
        "name": "Juni Indore Tahsil Solar Plant",
        "type": "solar",
        "capacity_mw": 0,
        "operator": "Unknown",
        "state": "Madhya Pradesh",
        "osm_id": "way/1262093028"
      }
    },
    {
      "type": "Feature",
      "geometry": {
        "type": "Point",
        "coordinates": [
          76.4750607,
          19.3120424
        ]
      },
      "properties": {
        "name": "KRRSPL Manwath Solar PV Park",
        "type": "solar",
        "capacity_mw": 13.5,
        "operator": "Karnataka Resco Rooftop Solar Co Pvt Ltd",
        "state": "Maharashtra",
        "osm_id": "way/1262158121"
      }
    },
    {
      "type": "Feature",
      "geometry": {
        "type": "Point",
        "coordinates": [
          78.0415,
          29.9274
        ]
      },
      "properties": {
        "name": "Pathri Solar Plant",
        "type": "solar",
        "capacity_mw": 20.4,
        "operator": "Unknown",
        "state": "Maharashtra",
        "osm_id": "way/1262158122"
      }
    },
    {
      "type": "Feature",
      "geometry": {
        "type": "Point",
        "coordinates": [
          87.5362297,
          23.4045441
        ]
      },
      "properties": {
        "name": "Ausgram - II Solar Plant",
        "type": "solar",
        "capacity_mw": 0,
        "operator": "Unknown",
        "state": "West Bengal",
        "osm_id": "way/1262200532"
      }
    },
    {
      "type": "Feature",
      "geometry": {
        "type": "Point",
        "coordinates": [
          83.6595448,
          18.4721583
        ]
      },
      "properties": {
        "name": "Santhakaviti Solar Plant",
        "type": "solar",
        "capacity_mw": 0,
        "operator": "Unknown",
        "state": "Andhra Pradesh",
        "osm_id": "way/1262295097"
      }
    },
    {
      "type": "Feature",
      "geometry": {
        "type": "Point",
        "coordinates": [
          74.5849383,
          25.5073895
        ]
      },
      "properties": {
        "name": "Mandal Tehsil Solar Plant",
        "type": "solar",
        "capacity_mw": 0,
        "operator": "Unknown",
        "state": "Rajasthan",
        "osm_id": "way/1262829625"
      }
    },
    {
      "type": "Feature",
      "geometry": {
        "type": "Point",
        "coordinates": [
          77.5998088,
          25.4806276
        ]
      },
      "properties": {
        "name": "Shivpuri Tahsil Solar Plant",
        "type": "solar",
        "capacity_mw": 0,
        "operator": "Unknown",
        "state": "Madhya Pradesh",
        "osm_id": "way/1262834541"
      }
    },
    {
      "type": "Feature",
      "geometry": {
        "type": "Point",
        "coordinates": [
          76.4550973,
          21.8503323
        ]
      },
      "properties": {
        "name": "Khandwa Tahsil Solar Plant",
        "type": "solar",
        "capacity_mw": 0,
        "operator": "Unknown",
        "state": "Madhya Pradesh",
        "osm_id": "way/1262845093"
      }
    },
    {
      "type": "Feature",
      "geometry": {
        "type": "Point",
        "coordinates": [
          78.7868182,
          14.1115371
        ]
      },
      "properties": {
        "name": "Rohukurupalli",
        "type": "solar",
        "capacity_mw": 20.0,
        "operator": "Unknown",
        "state": "Andhra Pradesh",
        "osm_id": "way/1262918940"
      }
    },
    {
      "type": "Feature",
      "geometry": {
        "type": "Point",
        "coordinates": [
          77.9212985,
          10.4955067
        ]
      },
      "properties": {
        "name": "Dindigul Solar Plant",
        "type": "solar",
        "capacity_mw": 0,
        "operator": "Unknown",
        "state": "Tamil Nadu",
        "osm_id": "way/1262929961"
      }
    },
    {
      "type": "Feature",
      "geometry": {
        "type": "Point",
        "coordinates": [
          94.5560234,
          26.8190258
        ]
      },
      "properties": {
        "name": "Amguri Solar Plant",
        "type": "solar",
        "capacity_mw": 0,
        "operator": "Unknown",
        "state": "Assam",
        "osm_id": "way/1262936337"
      }
    },
    {
      "type": "Feature",
      "geometry": {
        "type": "Point",
        "coordinates": [
          75.9522984,
          24.7174989
        ]
      },
      "properties": {
        "name": "Ramganj Mandi Tehsil Coal Plant",
        "type": "coal",
        "capacity_mw": 0,
        "operator": "Unknown",
        "state": "Rajasthan",
        "osm_id": "way/1263060874"
      }
    },
    {
      "type": "Feature",
      "geometry": {
        "type": "Point",
        "coordinates": [
          74.8100678,
          24.5841551
        ]
      },
      "properties": {
        "name": "Jawad Tehsil Solar Plant",
        "type": "solar",
        "capacity_mw": 0,
        "operator": "Unknown",
        "state": "Madhya Pradesh",
        "osm_id": "way/1263457747"
      }
    },
    {
      "type": "Feature",
      "geometry": {
        "type": "Point",
        "coordinates": [
          75.8719337,
          28.9343367
        ]
      },
      "properties": {
        "name": "Bawani Khera Solar Plant",
        "type": "solar",
        "capacity_mw": 0,
        "operator": "Unknown",
        "state": "Haryana",
        "osm_id": "way/1263512763"
      }
    },
    {
      "type": "Feature",
      "geometry": {
        "type": "Point",
        "coordinates": [
          75.8841016,
          28.8503673
        ]
      },
      "properties": {
        "name": "Tosham Solar Plant",
        "type": "solar",
        "capacity_mw": 0,
        "operator": "Unknown",
        "state": "Haryana",
        "osm_id": "way/1263514641"
      }
    },
    {
      "type": "Feature",
      "geometry": {
        "type": "Point",
        "coordinates": [
          70.0536445,
          23.2625145
        ]
      },
      "properties": {
        "name": "Anjar Taluka Solar Plant",
        "type": "solar",
        "capacity_mw": 5.0,
        "operator": "Taxus Infrastructure and Power Projects Pvt Ltd",
        "state": "Gujarat",
        "osm_id": "way/1263553234"
      }
    },
    {
      "type": "Feature",
      "geometry": {
        "type": "Point",
        "coordinates": [
          71.8441898,
          22.2617057
        ]
      },
      "properties": {
        "name": "Ranpur Taluka Solar Plant",
        "type": "solar",
        "capacity_mw": 0,
        "operator": "Unknown",
        "state": "Gujarat",
        "osm_id": "way/1263563579"
      }
    },
    {
      "type": "Feature",
      "geometry": {
        "type": "Point",
        "coordinates": [
          71.8364148,
          21.5113229
        ]
      },
      "properties": {
        "name": "Palitana Taluka Solar Plant",
        "type": "solar",
        "capacity_mw": 23.0,
        "operator": "Unknown",
        "state": "Gujarat",
        "osm_id": "way/1263569533"
      }
    },
    {
      "type": "Feature",
      "geometry": {
        "type": "Point",
        "coordinates": [
          71.8871151,
          21.1953289
        ]
      },
      "properties": {
        "name": "Mahuva Taluka Solar Plant",
        "type": "solar",
        "capacity_mw": 0,
        "operator": "Unknown",
        "state": "Gujarat",
        "osm_id": "way/1263570948"
      }
    },
    {
      "type": "Feature",
      "geometry": {
        "type": "Point",
        "coordinates": [
          69.9957327,
          22.2763234
        ]
      },
      "properties": {
        "name": "Lalpur Taluka Solar Plant",
        "type": "solar",
        "capacity_mw": 0,
        "operator": "Unknown",
        "state": "Gujarat",
        "osm_id": "way/1263638688"
      }
    },
    {
      "type": "Feature",
      "geometry": {
        "type": "Point",
        "coordinates": [
          70.2774799,
          21.6028655
        ]
      },
      "properties": {
        "name": "Dhoraji Taluka Solar Plant",
        "type": "solar",
        "capacity_mw": 0,
        "operator": "Unknown",
        "state": "Gujarat",
        "osm_id": "way/1263644835"
      }
    },
    {
      "type": "Feature",
      "geometry": {
        "type": "Point",
        "coordinates": [
          70.8102236,
          22.5153679
        ]
      },
      "properties": {
        "name": "Wankaner Taluka Solar Plant",
        "type": "solar",
        "capacity_mw": 0,
        "operator": "Unknown",
        "state": "Gujarat",
        "osm_id": "way/1263648346"
      }
    },
    {
      "type": "Feature",
      "geometry": {
        "type": "Point",
        "coordinates": [
          71.0393808,
          21.8621012
        ]
      },
      "properties": {
        "name": "Jasdan Taluka Solar Plant",
        "type": "solar",
        "capacity_mw": 0,
        "operator": "Unknown",
        "state": "Gujarat",
        "osm_id": "way/1263654640"
      }
    },
    {
      "type": "Feature",
      "geometry": {
        "type": "Point",
        "coordinates": [
          70.9658443,
          21.5511909
        ]
      },
      "properties": {
        "name": "Bagasara Taluka Solar Plant",
        "type": "solar",
        "capacity_mw": 0,
        "operator": "Unknown",
        "state": "Gujarat",
        "osm_id": "way/1263654642"
      }
    },
    {
      "type": "Feature",
      "geometry": {
        "type": "Point",
        "coordinates": [
          71.4286525,
          21.872334
        ]
      },
      "properties": {
        "name": "Babra Taluka Solar Plant",
        "type": "solar",
        "capacity_mw": 0,
        "operator": "Unknown",
        "state": "Gujarat",
        "osm_id": "way/1263677612"
      }
    },
    {
      "type": "Feature",
      "geometry": {
        "type": "Point",
        "coordinates": [
          71.3524429,
          21.1022094
        ]
      },
      "properties": {
        "name": "Savar Kundla Taluka Solar Plant",
        "type": "solar",
        "capacity_mw": 0,
        "operator": "Unknown",
        "state": "Gujarat",
        "osm_id": "way/1263677619"
      }
    },
    {
      "type": "Feature",
      "geometry": {
        "type": "Point",
        "coordinates": [
          71.0159798,
          22.8530292
        ]
      },
      "properties": {
        "name": "Halvad Taluka Solar Plant",
        "type": "solar",
        "capacity_mw": 0,
        "operator": "Unknown",
        "state": "Gujarat",
        "osm_id": "way/1263677637"
      }
    },
    {
      "type": "Feature",
      "geometry": {
        "type": "Point",
        "coordinates": [
          71.504189,
          21.9071572
        ]
      },
      "properties": {
        "name": "Gadhada Taluka Solar Plant",
        "type": "solar",
        "capacity_mw": 0,
        "operator": "Unknown",
        "state": "Gujarat",
        "osm_id": "way/1263692830"
      }
    },
    {
      "type": "Feature",
      "geometry": {
        "type": "Point",
        "coordinates": [
          71.8103698,
          22.8468625
        ]
      },
      "properties": {
        "name": "Lakhtar Taluka Solar Plant",
        "type": "solar",
        "capacity_mw": 0,
        "operator": "Unknown",
        "state": "Gujarat",
        "osm_id": "way/1263694261"
      }
    },
    {
      "type": "Feature",
      "geometry": {
        "type": "Point",
        "coordinates": [
          71.9906699,
          24.3548528
        ]
      },
      "properties": {
        "name": "Lakhni Taluka Solar Plant",
        "type": "solar",
        "capacity_mw": 0,
        "operator": "Unknown",
        "state": "Gujarat",
        "osm_id": "way/1263707849"
      }
    },
    {
      "type": "Feature",
      "geometry": {
        "type": "Point",
        "coordinates": [
          77.6622208,
          25.5115076
        ]
      },
      "properties": {
        "name": "TPDDL-Shivpuri",
        "type": "solar",
        "capacity_mw": 45.0,
        "operator": "Unknown",
        "state": "Madhya Pradesh",
        "osm_id": "way/1263772850"
      }
    },
    {
      "type": "Feature",
      "geometry": {
        "type": "Point",
        "coordinates": [
          77.7332522,
          24.0468632
        ]
      },
      "properties": {
        "name": "Sironj Tahsil Solar Plant",
        "type": "solar",
        "capacity_mw": 0,
        "operator": "Unknown",
        "state": "Madhya Pradesh",
        "osm_id": "way/1263797616"
      }
    },
    {
      "type": "Feature",
      "geometry": {
        "type": "Point",
        "coordinates": [
          78.21722,
          19.4721531
        ]
      },
      "properties": {
        "name": "Kinwat Solar Plant",
        "type": "solar",
        "capacity_mw": 0,
        "operator": "Unknown",
        "state": "Maharashtra",
        "osm_id": "way/1263871220"
      }
    },
    {
      "type": "Feature",
      "geometry": {
        "type": "Point",
        "coordinates": [
          77.2579329,
          18.5740055
        ]
      },
      "properties": {
        "name": "Jalkot Solar Plant",
        "type": "solar",
        "capacity_mw": 0,
        "operator": "Unknown",
        "state": "Maharashtra",
        "osm_id": "way/1263886482"
      }
    },
    {
      "type": "Feature",
      "geometry": {
        "type": "Point",
        "coordinates": [
          75.4481412,
          17.3974624
        ]
      },
      "properties": {
        "name": "Mangalvedhe Solar Plant",
        "type": "solar",
        "capacity_mw": 0,
        "operator": "Unknown",
        "state": "Maharashtra",
        "osm_id": "way/1263892479"
      }
    },
    {
      "type": "Feature",
      "geometry": {
        "type": "Point",
        "coordinates": [
          76.3098599,
          16.5171618
        ]
      },
      "properties": {
        "name": "Talakoti Taluku Solar Plant",
        "type": "solar",
        "capacity_mw": 0,
        "operator": "Unknown",
        "state": "Karnataka",
        "osm_id": "way/1263991426"
      }
    },
    {
      "type": "Feature",
      "geometry": {
        "type": "Point",
        "coordinates": [
          76.4549243,
          15.4727236
        ]
      },
      "properties": {
        "name": "Gangavati taluku Solar Plant",
        "type": "solar",
        "capacity_mw": 0,
        "operator": "Unknown",
        "state": "Karnataka",
        "osm_id": "way/1264022120"
      }
    },
    {
      "type": "Feature",
      "geometry": {
        "type": "Point",
        "coordinates": [
          76.4739928,
          14.9552375
        ]
      },
      "properties": {
        "name": "Sanduru taluk Solar Plant",
        "type": "solar",
        "capacity_mw": 0,
        "operator": "Unknown",
        "state": "Karnataka",
        "osm_id": "way/1264037711"
      }
    },
    {
      "type": "Feature",
      "geometry": {
        "type": "Point",
        "coordinates": [
          79.3207662,
          13.0926986
        ]
      },
      "properties": {
        "name": "Pallipattu Solar Plant",
        "type": "solar",
        "capacity_mw": 0,
        "operator": "Unknown",
        "state": "Tamil Nadu",
        "osm_id": "way/1264111096"
      }
    },
    {
      "type": "Feature",
      "geometry": {
        "type": "Point",
        "coordinates": [
          77.1955161,
          17.1377703
        ]
      },
      "properties": {
        "name": "Sedam taluku Solar Plant",
        "type": "solar",
        "capacity_mw": 0,
        "operator": "Unknown",
        "state": "Karnataka",
        "osm_id": "way/1264471613"
      }
    },
    {
      "type": "Feature",
      "geometry": {
        "type": "Point",
        "coordinates": [
          75.7557545,
          16.1589451
        ]
      },
      "properties": {
        "name": "Bagalakote taluk Solar Plant",
        "type": "solar",
        "capacity_mw": 0,
        "operator": "Unknown",
        "state": "Karnataka",
        "osm_id": "way/1264502870"
      }
    },
    {
      "type": "Feature",
      "geometry": {
        "type": "Point",
        "coordinates": [
          75.8844103,
          15.1918335
        ]
      },
      "properties": {
        "name": "Mundargi taluku Solar Plant",
        "type": "solar",
        "capacity_mw": 0,
        "operator": "Unknown",
        "state": "Karnataka",
        "osm_id": "way/1264539322"
      }
    },
    {
      "type": "Feature",
      "geometry": {
        "type": "Point",
        "coordinates": [
          76.982339,
          12.2162232
        ]
      },
      "properties": {
        "name": "Tirumakudalu Narasipura taluk Solar Plant",
        "type": "solar",
        "capacity_mw": 0,
        "operator": "Unknown",
        "state": "Karnataka",
        "osm_id": "way/1264623553"
      }
    },
    {
      "type": "Feature",
      "geometry": {
        "type": "Point",
        "coordinates": [
          79.8590477,
          12.5982666
        ]
      },
      "properties": {
        "name": "Chengalpattu Solar Plant",
        "type": "solar",
        "capacity_mw": 0,
        "operator": "Unknown",
        "state": "Tamil Nadu",
        "osm_id": "way/1264712768"
      }
    },
    {
      "type": "Feature",
      "geometry": {
        "type": "Point",
        "coordinates": [
          78.84788,
          13.9575419
        ]
      },
      "properties": {
        "name": "Sambepalle Solar Plant",
        "type": "solar",
        "capacity_mw": 0,
        "operator": "Unknown",
        "state": "Andhra Pradesh",
        "osm_id": "way/1264929582"
      }
    },
    {
      "type": "Feature",
      "geometry": {
        "type": "Point",
        "coordinates": [
          79.5436617,
          15.0226463
        ]
      },
      "properties": {
        "name": "Kondapuram Solar Plant",
        "type": "solar",
        "capacity_mw": 0,
        "operator": "Unknown",
        "state": "Andhra Pradesh",
        "osm_id": "way/1264929592"
      }
    },
    {
      "type": "Feature",
      "geometry": {
        "type": "Point",
        "coordinates": [
          77.7197479,
          20.8409091
        ]
      },
      "properties": {
        "name": "Nandgaon-Khandeshwar Solar Plant",
        "type": "solar",
        "capacity_mw": 0,
        "operator": "Unknown",
        "state": "Maharashtra",
        "osm_id": "way/1265045870"
      }
    },
    {
      "type": "Feature",
      "geometry": {
        "type": "Point",
        "coordinates": [
          78.3313079,
          20.578693
        ]
      },
      "properties": {
        "name": "Deoli Solar Plant",
        "type": "solar",
        "capacity_mw": 0,
        "operator": "Unknown",
        "state": "Maharashtra",
        "osm_id": "way/1265045871"
      }
    },
    {
      "type": "Feature",
      "geometry": {
        "type": "Point",
        "coordinates": [
          76.3775884,
          18.3347778
        ]
      },
      "properties": {
        "name": "Latur Solar Plant",
        "type": "solar",
        "capacity_mw": 10.0,
        "operator": "Unknown",
        "state": "Maharashtra",
        "osm_id": "way/1265049407"
      }
    },
    {
      "type": "Feature",
      "geometry": {
        "type": "Point",
        "coordinates": [
          76.4467622,
          17.855901
        ]
      },
      "properties": {
        "name": "Umarga Solar Plant",
        "type": "solar",
        "capacity_mw": 0,
        "operator": "Unknown",
        "state": "Maharashtra",
        "osm_id": "way/1265049412"
      }
    },
    {
      "type": "Feature",
      "geometry": {
        "type": "Point",
        "coordinates": [
          77.0793209,
          18.2608532
        ]
      },
      "properties": {
        "name": "Deoni Solar Plant",
        "type": "solar",
        "capacity_mw": 0,
        "operator": "Unknown",
        "state": "Maharashtra",
        "osm_id": "way/1265054236"
      }
    },
    {
      "type": "Feature",
      "geometry": {
        "type": "Point",
        "coordinates": [
          75.0304755,
          20.0311412
        ]
      },
      "properties": {
        "name": "Chhatrapati Sambhajinagar Solar Plant",
        "type": "solar",
        "capacity_mw": 0,
        "operator": "Unknown",
        "state": "Maharashtra",
        "osm_id": "way/1265059463"
      }
    },
    {
      "type": "Feature",
      "geometry": {
        "type": "Point",
        "coordinates": [
          87.3587195,
          23.4826381
        ]
      },
      "properties": {
        "name": "Faridpur Durgapur Coal Plant",
        "type": "coal",
        "capacity_mw": 0,
        "operator": "Unknown",
        "state": "West Bengal",
        "osm_id": "way/1265285557"
      }
    },
    {
      "type": "Feature",
      "geometry": {
        "type": "Point",
        "coordinates": [
          75.9474757,
          11.2956005
        ]
      },
      "properties": {
        "name": "Kozhikode Solar Plant",
        "type": "solar",
        "capacity_mw": 0,
        "operator": "Unknown",
        "state": "Kerala",
        "osm_id": "way/1265578488"
      }
    },
    {
      "type": "Feature",
      "geometry": {
        "type": "Point",
        "coordinates": [
          88.4777218,
          27.2420706
        ]
      },
      "properties": {
        "name": "TEESTA -V",
        "type": "hydro",
        "capacity_mw": 510.0,
        "operator": "Unknown",
        "state": "Sikkim",
        "osm_id": "way/1265809888"
      }
    },
    {
      "type": "Feature",
      "geometry": {
        "type": "Point",
        "coordinates": [
          76.8754136,
          11.249771
        ]
      },
      "properties": {
        "name": "Mettupalayam Solar Plant",
        "type": "solar",
        "capacity_mw": 0,
        "operator": "Unknown",
        "state": "Tamil Nadu",
        "osm_id": "way/1266052959"
      }
    },
    {
      "type": "Feature",
      "geometry": {
        "type": "Point",
        "coordinates": [
          71.8544581,
          23.7933942
        ]
      },
      "properties": {
        "name": "Harij Taluka Solar Plant",
        "type": "solar",
        "capacity_mw": 0,
        "operator": "Unknown",
        "state": "Gujarat",
        "osm_id": "way/1266625504"
      }
    },
    {
      "type": "Feature",
      "geometry": {
        "type": "Point",
        "coordinates": [
          72.788206,
          23.7591946
        ]
      },
      "properties": {
        "name": "Vijapur Taluka Solar Plant",
        "type": "solar",
        "capacity_mw": 0,
        "operator": "Unknown",
        "state": "Gujarat",
        "osm_id": "way/1266626743"
      }
    },
    {
      "type": "Feature",
      "geometry": {
        "type": "Point",
        "coordinates": [
          72.9088274,
          23.613619
        ]
      },
      "properties": {
        "name": "Himatnagar Taluka Solar Plant",
        "type": "solar",
        "capacity_mw": 0,
        "operator": "Unknown",
        "state": "Gujarat",
        "osm_id": "way/1266627811"
      }
    },
    {
      "type": "Feature",
      "geometry": {
        "type": "Point",
        "coordinates": [
          72.4686196,
          23.7068404
        ]
      },
      "properties": {
        "name": "Visnagar Taluka Solar Plant",
        "type": "solar",
        "capacity_mw": 0,
        "operator": "Unknown",
        "state": "Gujarat",
        "osm_id": "way/1266627818"
      }
    },
    {
      "type": "Feature",
      "geometry": {
        "type": "Point",
        "coordinates": [
          70.8513301,
          22.6514928
        ]
      },
      "properties": {
        "name": "Tankara Taluka Solar Plant",
        "type": "solar",
        "capacity_mw": 0,
        "operator": "Unknown",
        "state": "Gujarat",
        "osm_id": "way/1266632060"
      }
    },
    {
      "type": "Feature",
      "geometry": {
        "type": "Point",
        "coordinates": [
          71.1296437,
          22.6523732
        ]
      },
      "properties": {
        "name": "Thangadh Taluka Solar Plant",
        "type": "solar",
        "capacity_mw": 0,
        "operator": "Unknown",
        "state": "Gujarat",
        "osm_id": "way/1266632658"
      }
    },
    {
      "type": "Feature",
      "geometry": {
        "type": "Point",
        "coordinates": [
          73.3263644,
          21.5265088
        ]
      },
      "properties": {
        "name": "Rayzon Solar Park",
        "type": "solar",
        "capacity_mw": 0,
        "operator": "Unknown",
        "state": "Gujarat",
        "osm_id": "way/1266699447"
      }
    },
    {
      "type": "Feature",
      "geometry": {
        "type": "Point",
        "coordinates": [
          73.3183664,
          21.5243937
        ]
      },
      "properties": {
        "name": "Ecoplanet Solar Park",
        "type": "solar",
        "capacity_mw": 0,
        "operator": "Unknown",
        "state": "Gujarat",
        "osm_id": "way/1266699448"
      }
    },
    {
      "type": "Feature",
      "geometry": {
        "type": "Point",
        "coordinates": [
          73.3307905,
          21.6298241
        ]
      },
      "properties": {
        "name": "Netrang Taluka Solar Plant",
        "type": "solar",
        "capacity_mw": 0,
        "operator": "Unknown",
        "state": "Gujarat",
        "osm_id": "way/1266702398"
      }
    },
    {
      "type": "Feature",
      "geometry": {
        "type": "Point",
        "coordinates": [
          73.1155987,
          21.8220692
        ]
      },
      "properties": {
        "name": "Bharuch Taluka Solar Plant",
        "type": "solar",
        "capacity_mw": 0,
        "operator": "Unknown",
        "state": "Gujarat",
        "osm_id": "way/1266707672"
      }
    },
    {
      "type": "Feature",
      "geometry": {
        "type": "Point",
        "coordinates": [
          73.0342085,
          21.985296
        ]
      },
      "properties": {
        "name": "Amod Taluka Solar Plant",
        "type": "solar",
        "capacity_mw": 0,
        "operator": "Unknown",
        "state": "Gujarat",
        "osm_id": "way/1266712133"
      }
    },
    {
      "type": "Feature",
      "geometry": {
        "type": "Point",
        "coordinates": [
          73.3196546,
          23.0475289
        ]
      },
      "properties": {
        "name": "Balasinor Taluka Solar Plant",
        "type": "solar",
        "capacity_mw": 0,
        "operator": "Unknown",
        "state": "Gujarat",
        "osm_id": "way/1266733028"
      }
    },
    {
      "type": "Feature",
      "geometry": {
        "type": "Point",
        "coordinates": [
          72.9087602,
          23.9739041
        ]
      },
      "properties": {
        "name": "Vadali Taluka Solar Plant",
        "type": "solar",
        "capacity_mw": 0,
        "operator": "Unknown",
        "state": "Gujarat",
        "osm_id": "way/1266769310"
      }
    },
    {
      "type": "Feature",
      "geometry": {
        "type": "Point",
        "coordinates": [
          72.9412775,
          23.329583
        ]
      },
      "properties": {
        "name": "Talod Taluka Solar Plant",
        "type": "solar",
        "capacity_mw": 0,
        "operator": "Unknown",
        "state": "Gujarat",
        "osm_id": "way/1266770324"
      }
    },
    {
      "type": "Feature",
      "geometry": {
        "type": "Point",
        "coordinates": [
          73.8144956,
          23.1629056
        ]
      },
      "properties": {
        "name": "Santrampur Taluka Solar Plant",
        "type": "solar",
        "capacity_mw": 0,
        "operator": "Unknown",
        "state": "Gujarat",
        "osm_id": "way/1266789859"
      }
    },
    {
      "type": "Feature",
      "geometry": {
        "type": "Point",
        "coordinates": [
          73.0478219,
          24.2855598
        ]
      },
      "properties": {
        "name": "Poshira Taluka Solar Plant",
        "type": "solar",
        "capacity_mw": 0,
        "operator": "Unknown",
        "state": "Gujarat",
        "osm_id": "way/1266789865"
      }
    },
    {
      "type": "Feature",
      "geometry": {
        "type": "Point",
        "coordinates": [
          69.4217558,
          23.1126706
        ]
      },
      "properties": {
        "name": "Mandvi Taluka Solar Plant",
        "type": "solar",
        "capacity_mw": 0,
        "operator": "Unknown",
        "state": "Gujarat",
        "osm_id": "way/1266860049"
      }
    },
    {
      "type": "Feature",
      "geometry": {
        "type": "Point",
        "coordinates": [
          73.0051948,
          24.7025786
        ]
      },
      "properties": {
        "name": "Pindwara Tehsil Solar Plant",
        "type": "solar",
        "capacity_mw": 0,
        "operator": "Unknown",
        "state": "Rajasthan",
        "osm_id": "way/1266908949"
      }
    },
    {
      "type": "Feature",
      "geometry": {
        "type": "Point",
        "coordinates": [
          75.9924848,
          31.7655747
        ]
      },
      "properties": {
        "name": "Amb Solar Plant",
        "type": "solar",
        "capacity_mw": 0,
        "operator": "Unknown",
        "state": "Himachal Pradesh",
        "osm_id": "way/1266993055"
      }
    },
    {
      "type": "Feature",
      "geometry": {
        "type": "Point",
        "coordinates": [
          77.7398558,
          26.963482
        ]
      },
      "properties": {
        "name": "Kheragarh Solar Plant",
        "type": "solar",
        "capacity_mw": 0,
        "operator": "Unknown",
        "state": "Uttar Pradesh",
        "osm_id": "way/1267053982"
      }
    },
    {
      "type": "Feature",
      "geometry": {
        "type": "Point",
        "coordinates": [
          72.4606523,
          27.0386208
        ]
      },
      "properties": {
        "name": "Lohawat Tehsil Solar Plant",
        "type": "solar",
        "capacity_mw": 0,
        "operator": "Unknown",
        "state": "Rajasthan",
        "osm_id": "way/1267055776"
      }
    },
    {
      "type": "Feature",
      "geometry": {
        "type": "Point",
        "coordinates": [
          75.186,
          14.965
        ]
      },
      "properties": {
        "name": "Chandpur Solar Plant",
        "type": "solar",
        "capacity_mw": 10.0,
        "operator": "Unknown",
        "state": "Uttar Pradesh",
        "osm_id": "way/1267129727"
      }
    },
    {
      "type": "Feature",
      "geometry": {
        "type": "Point",
        "coordinates": [
          79.0149053,
          26.0056977
        ]
      },
      "properties": {
        "name": "Konch Solar Plant",
        "type": "solar",
        "capacity_mw": 0,
        "operator": "Unknown",
        "state": "Uttar Pradesh",
        "osm_id": "way/1267138206"
      }
    },
    {
      "type": "Feature",
      "geometry": {
        "type": "Point",
        "coordinates": [
          80.4187428,
          27.4596614
        ]
      },
      "properties": {
        "name": "Sitapur Solar Plant",
        "type": "solar",
        "capacity_mw": 0,
        "operator": "Unknown",
        "state": "Uttar Pradesh",
        "osm_id": "way/1267182429"
      }
    },
    {
      "type": "Feature",
      "geometry": {
        "type": "Point",
        "coordinates": [
          81.2072807,
          25.2721609
        ]
      },
      "properties": {
        "name": "Mau Solar Plant",
        "type": "solar",
        "capacity_mw": 0,
        "operator": "Unknown",
        "state": "Uttar Pradesh",
        "osm_id": "way/1267195235"
      }
    },
    {
      "type": "Feature",
      "geometry": {
        "type": "Point",
        "coordinates": [
          80.9162274,
          27.3808585
        ]
      },
      "properties": {
        "name": "Biswan Solar Plant",
        "type": "solar",
        "capacity_mw": 0,
        "operator": "Unknown",
        "state": "Uttar Pradesh",
        "osm_id": "way/1267195239"
      }
    },
    {
      "type": "Feature",
      "geometry": {
        "type": "Point",
        "coordinates": [
          82.7194577,
          24.8295111
        ]
      },
      "properties": {
        "name": "Marihan Solar Plant",
        "type": "solar",
        "capacity_mw": 0,
        "operator": "Unknown",
        "state": "Uttar Pradesh",
        "osm_id": "way/1267230807"
      }
    },
    {
      "type": "Feature",
      "geometry": {
        "type": "Point",
        "coordinates": [
          81.6357431,
          21.9266021
        ]
      },
      "properties": {
        "name": "Nawagarh Tahsil Solar Plant",
        "type": "solar",
        "capacity_mw": 0,
        "operator": "Unknown",
        "state": "Chhattisgarh",
        "osm_id": "way/1267489037"
      }
    },
    {
      "type": "Feature",
      "geometry": {
        "type": "Point",
        "coordinates": [
          78.0239908,
          20.8071469
        ]
      },
      "properties": {
        "name": "Chandur Railway Solar Plant",
        "type": "solar",
        "capacity_mw": 0,
        "operator": "Unknown",
        "state": "Maharashtra",
        "osm_id": "way/1268093600"
      }
    },
    {
      "type": "Feature",
      "geometry": {
        "type": "Point",
        "coordinates": [
          74.8361039,
          17.6334337
        ]
      },
      "properties": {
        "name": "Man Solar Plant",
        "type": "solar",
        "capacity_mw": 0,
        "operator": "Unknown",
        "state": "Maharashtra",
        "osm_id": "way/1268102303"
      }
    },
    {
      "type": "Feature",
      "geometry": {
        "type": "Point",
        "coordinates": [
          76.047194,
          19.5146205
        ]
      },
      "properties": {
        "name": "Ghansawangi Solar Plant",
        "type": "solar",
        "capacity_mw": 0,
        "operator": "Unknown",
        "state": "Maharashtra",
        "osm_id": "way/1268138678"
      }
    },
    {
      "type": "Feature",
      "geometry": {
        "type": "Point",
        "coordinates": [
          77.9691958,
          9.498494
        ]
      },
      "properties": {
        "name": "Virudhunagar Solar Plant",
        "type": "solar",
        "capacity_mw": 0,
        "operator": "Unknown",
        "state": "Tamil Nadu",
        "osm_id": "way/1268366785"
      }
    },
    {
      "type": "Feature",
      "geometry": {
        "type": "Point",
        "coordinates": [
          77.6883444,
          9.6322742
        ]
      },
      "properties": {
        "name": "Srivilliputhur Solar Plant",
        "type": "solar",
        "capacity_mw": 0,
        "operator": "Unknown",
        "state": "Tamil Nadu",
        "osm_id": "way/1268378844"
      }
    },
    {
      "type": "Feature",
      "geometry": {
        "type": "Point",
        "coordinates": [
          77.9740661,
          9.7222222
        ]
      },
      "properties": {
        "name": "Thirumangalam Solar Plant",
        "type": "solar",
        "capacity_mw": 0,
        "operator": "Unknown",
        "state": "Tamil Nadu",
        "osm_id": "way/1268383101"
      }
    },
    {
      "type": "Feature",
      "geometry": {
        "type": "Point",
        "coordinates": [
          77.2544137,
          10.5017166
        ]
      },
      "properties": {
        "name": "Udumalaipettai Solar Plant",
        "type": "solar",
        "capacity_mw": 0,
        "operator": "Unknown",
        "state": "Tamil Nadu",
        "osm_id": "way/1268427543"
      }
    },
    {
      "type": "Feature",
      "geometry": {
        "type": "Point",
        "coordinates": [
          78.2361114,
          10.5375199
        ]
      },
      "properties": {
        "name": "Manapparai Solar Plant",
        "type": "solar",
        "capacity_mw": 0,
        "operator": "Unknown",
        "state": "Tamil Nadu",
        "osm_id": "way/1268432836"
      }
    },
    {
      "type": "Feature",
      "geometry": {
        "type": "Point",
        "coordinates": [
          78.6597399,
          10.7352937
        ]
      },
      "properties": {
        "name": "Tiruchchir\u0101ppalli Solar Plant",
        "type": "solar",
        "capacity_mw": 0,
        "operator": "Unknown",
        "state": "Tamil Nadu",
        "osm_id": "way/1268447043"
      }
    },
    {
      "type": "Feature",
      "geometry": {
        "type": "Point",
        "coordinates": [
          78.2258513,
          11.0414433
        ]
      },
      "properties": {
        "name": "Thottiyam Solar Plant",
        "type": "solar",
        "capacity_mw": 0,
        "operator": "Unknown",
        "state": "Tamil Nadu",
        "osm_id": "way/1268472505"
      }
    },
    {
      "type": "Feature",
      "geometry": {
        "type": "Point",
        "coordinates": [
          77.2844572,
          11.0617221
        ]
      },
      "properties": {
        "name": "Tiruppur South Solar Plant",
        "type": "solar",
        "capacity_mw": 0,
        "operator": "Unknown",
        "state": "Tamil Nadu",
        "osm_id": "way/1268473734"
      }
    },
    {
      "type": "Feature",
      "geometry": {
        "type": "Point",
        "coordinates": [
          78.0443584,
          11.2221002
        ]
      },
      "properties": {
        "name": "Paramathi-Velur Solar Plant",
        "type": "solar",
        "capacity_mw": 0,
        "operator": "Unknown",
        "state": "Tamil Nadu",
        "osm_id": "way/1268484315"
      }
    },
    {
      "type": "Feature",
      "geometry": {
        "type": "Point",
        "coordinates": [
          77.9775549,
          11.3110903
        ]
      },
      "properties": {
        "name": "Tiruchengode Solar Plant",
        "type": "solar",
        "capacity_mw": 0,
        "operator": "Unknown",
        "state": "Tamil Nadu",
        "osm_id": "way/1268487755"
      }
    },
    {
      "type": "Feature",
      "geometry": {
        "type": "Point",
        "coordinates": [
          79.1929219,
          11.5220422
        ]
      },
      "properties": {
        "name": "Veppur Solar Plant",
        "type": "solar",
        "capacity_mw": 0,
        "operator": "Unknown",
        "state": "Tamil Nadu",
        "osm_id": "way/1268492682"
      }
    },
    {
      "type": "Feature",
      "geometry": {
        "type": "Point",
        "coordinates": [
          79.2886845,
          12.5821739
        ]
      },
      "properties": {
        "name": "Arani Solar Plant",
        "type": "solar",
        "capacity_mw": 0,
        "operator": "Unknown",
        "state": "Tamil Nadu",
        "osm_id": "way/1268573578"
      }
    },
    {
      "type": "Feature",
      "geometry": {
        "type": "Point",
        "coordinates": [
          79.5114731,
          17.3021508
        ]
      },
      "properties": {
        "name": "Jajireddigudem mandal Solar Plant",
        "type": "solar",
        "capacity_mw": 0,
        "operator": "Unknown",
        "state": "Telangana",
        "osm_id": "way/1268738367"
      }
    },
    {
      "type": "Feature",
      "geometry": {
        "type": "Point",
        "coordinates": [
          78.6422482,
          17.2256099
        ]
      },
      "properties": {
        "name": "Ibrahimpatnam mandal Solar Plant",
        "type": "solar",
        "capacity_mw": 0,
        "operator": "Unknown",
        "state": "Telangana",
        "osm_id": "way/1268738373"
      }
    },
    {
      "type": "Feature",
      "geometry": {
        "type": "Point",
        "coordinates": [
          77.4831842,
          16.65031
        ]
      },
      "properties": {
        "name": "Utkoor mandal Solar Plant",
        "type": "solar",
        "capacity_mw": 0,
        "operator": "Unknown",
        "state": "Telangana",
        "osm_id": "way/1268738374"
      }
    },
    {
      "type": "Feature",
      "geometry": {
        "type": "Point",
        "coordinates": [
          78.9832057,
          13.287656
        ]
      },
      "properties": {
        "name": "Thavanampalle Solar Plant",
        "type": "solar",
        "capacity_mw": 0,
        "operator": "Unknown",
        "state": "Andhra Pradesh",
        "osm_id": "way/1268837614"
      }
    },
    {
      "type": "Feature",
      "geometry": {
        "type": "Point",
        "coordinates": [
          79.5000853,
          13.6229492
        ]
      },
      "properties": {
        "name": "Renigunta Solar Plant",
        "type": "solar",
        "capacity_mw": 0,
        "operator": "Unknown",
        "state": "Andhra Pradesh",
        "osm_id": "way/1268944111"
      }
    },
    {
      "type": "Feature",
      "geometry": {
        "type": "Point",
        "coordinates": [
          78.4870435,
          14.2799999
        ]
      },
      "properties": {
        "name": "Chakrayapet Solar Plant",
        "type": "solar",
        "capacity_mw": 0,
        "operator": "Unknown",
        "state": "Andhra Pradesh",
        "osm_id": "way/1268970923"
      }
    },
    {
      "type": "Feature",
      "geometry": {
        "type": "Point",
        "coordinates": [
          80.6446442,
          16.5794846
        ]
      },
      "properties": {
        "name": "Vijayawada (Rural) Solar Plant",
        "type": "solar",
        "capacity_mw": 0,
        "operator": "Unknown",
        "state": "Andhra Pradesh",
        "osm_id": "way/1269109059"
      }
    },
    {
      "type": "Feature",
      "geometry": {
        "type": "Point",
        "coordinates": [
          76.9392124,
          12.4194414
        ]
      },
      "properties": {
        "name": "Malavalli taluk Solar Plant",
        "type": "solar",
        "capacity_mw": 0,
        "operator": "Unknown",
        "state": "Karnataka",
        "osm_id": "way/1269161350"
      }
    },
    {
      "type": "Feature",
      "geometry": {
        "type": "Point",
        "coordinates": [
          76.3188387,
          13.5342574
        ]
      },
      "properties": {
        "name": "Arasikere taluku Solar Plant",
        "type": "solar",
        "capacity_mw": 0,
        "operator": "Unknown",
        "state": "Karnataka",
        "osm_id": "way/1269301086"
      }
    },
    {
      "type": "Feature",
      "geometry": {
        "type": "Point",
        "coordinates": [
          75.5584791,
          16.2683684
        ]
      },
      "properties": {
        "name": "Bilagi Solar Plant",
        "type": "solar",
        "capacity_mw": 0,
        "operator": "Unknown",
        "state": "Karnataka",
        "osm_id": "way/1270204851"
      }
    },
    {
      "type": "Feature",
      "geometry": {
        "type": "Point",
        "coordinates": [
          74.7875836,
          17.078926
        ]
      },
      "properties": {
        "name": "Tasgaon Solar Plant",
        "type": "solar",
        "capacity_mw": 0,
        "operator": "Unknown",
        "state": "Maharashtra",
        "osm_id": "way/1270306026"
      }
    },
    {
      "type": "Feature",
      "geometry": {
        "type": "Point",
        "coordinates": [
          74.4903216,
          16.9044847
        ]
      },
      "properties": {
        "name": "Miraj Solar Plant",
        "type": "solar",
        "capacity_mw": 0,
        "operator": "Unknown",
        "state": "Maharashtra",
        "osm_id": "way/1270306027"
      }
    },
    {
      "type": "Feature",
      "geometry": {
        "type": "Point",
        "coordinates": [
          75.4125543,
          18.7776075
        ]
      },
      "properties": {
        "name": "Jamkhed Solar Plant",
        "type": "solar",
        "capacity_mw": 0,
        "operator": "Unknown",
        "state": "Maharashtra",
        "osm_id": "way/1270372314"
      }
    },
    {
      "type": "Feature",
      "geometry": {
        "type": "Point",
        "coordinates": [
          75.360428,
          18.4911204
        ]
      },
      "properties": {
        "name": "Paranda Solar Plant",
        "type": "solar",
        "capacity_mw": 0,
        "operator": "Unknown",
        "state": "Maharashtra",
        "osm_id": "way/1270372331"
      }
    },
    {
      "type": "Feature",
      "geometry": {
        "type": "Point",
        "coordinates": [
          76.5334879,
          18.2859989
        ]
      },
      "properties": {
        "name": "Ausa Solar Plant",
        "type": "solar",
        "capacity_mw": 0,
        "operator": "Unknown",
        "state": "Maharashtra",
        "osm_id": "way/1270372349"
      }
    },
    {
      "type": "Feature",
      "geometry": {
        "type": "Point",
        "coordinates": [
          76.6423,
          18.2790223
        ]
      },
      "properties": {
        "name": "Nilanga Solar Plant",
        "type": "solar",
        "capacity_mw": 5.0,
        "operator": "Shree Saibaba Green Power Private Limited",
        "state": "Maharashtra",
        "osm_id": "relation/16736412"
      }
    },
    {
      "type": "Feature",
      "geometry": {
        "type": "Point",
        "coordinates": [
          76.4939213,
          18.0172598
        ]
      },
      "properties": {
        "name": "Lohara Solar Plant",
        "type": "solar",
        "capacity_mw": 0,
        "operator": "Unknown",
        "state": "Maharashtra",
        "osm_id": "way/1270372367"
      }
    },
    {
      "type": "Feature",
      "geometry": {
        "type": "Point",
        "coordinates": [
          76.9021141,
          19.8771211
        ]
      },
      "properties": {
        "name": "Sengaon Solar Plant",
        "type": "solar",
        "capacity_mw": 0,
        "operator": "Unknown",
        "state": "Maharashtra",
        "osm_id": "way/1270439669"
      }
    },
    {
      "type": "Feature",
      "geometry": {
        "type": "Point",
        "coordinates": [
          76.2382248,
          19.6070937
        ]
      },
      "properties": {
        "name": "Partur Solar Plant",
        "type": "solar",
        "capacity_mw": 0,
        "operator": "Unknown",
        "state": "Maharashtra",
        "osm_id": "way/1270439691"
      }
    },
    {
      "type": "Feature",
      "geometry": {
        "type": "Point",
        "coordinates": [
          77.8615033,
          19.5910121
        ]
      },
      "properties": {
        "name": "Umarkhed Solar Plant",
        "type": "solar",
        "capacity_mw": 0,
        "operator": "Unknown",
        "state": "Maharashtra",
        "osm_id": "way/1270439697"
      }
    },
    {
      "type": "Feature",
      "geometry": {
        "type": "Point",
        "coordinates": [
          74.6340862,
          19.287358
        ]
      },
      "properties": {
        "name": "Rahuri Solar Plant",
        "type": "solar",
        "capacity_mw": 0,
        "operator": "Unknown",
        "state": "Maharashtra",
        "osm_id": "way/1270439710"
      }
    },
    {
      "type": "Feature",
      "geometry": {
        "type": "Point",
        "coordinates": [
          77.1938759,
          19.024619
        ]
      },
      "properties": {
        "name": "Loha Solar Plant",
        "type": "solar",
        "capacity_mw": 0,
        "operator": "Unknown",
        "state": "Maharashtra",
        "osm_id": "way/1270439741"
      }
    },
    {
      "type": "Feature",
      "geometry": {
        "type": "Point",
        "coordinates": [
          74.7556677,
          20.1743706
        ]
      },
      "properties": {
        "name": "Vaijapur Solar Plant",
        "type": "solar",
        "capacity_mw": 0,
        "operator": "Unknown",
        "state": "Maharashtra",
        "osm_id": "way/1270590926"
      }
    },
    {
      "type": "Feature",
      "geometry": {
        "type": "Point",
        "coordinates": [
          79.377497,
          21.1604808
        ]
      },
      "properties": {
        "name": "Mauda Taluka Solar Plant",
        "type": "solar",
        "capacity_mw": 0,
        "operator": "Unknown",
        "state": "Maharashtra",
        "osm_id": "way/1270638503"
      }
    },
    {
      "type": "Feature",
      "geometry": {
        "type": "Point",
        "coordinates": [
          75.5045104,
          21.0101281
        ]
      },
      "properties": {
        "name": "Dharangaon Solar Plant",
        "type": "solar",
        "capacity_mw": 0,
        "operator": "Unknown",
        "state": "Maharashtra",
        "osm_id": "way/1270638505"
      }
    },
    {
      "type": "Feature",
      "geometry": {
        "type": "Point",
        "coordinates": [
          81.3466215,
          24.3294603
        ]
      },
      "properties": {
        "name": "Rampur Naikin Tahsil Solar Plant",
        "type": "solar",
        "capacity_mw": 0,
        "operator": "Unknown",
        "state": "Madhya Pradesh",
        "osm_id": "way/1271019192"
      }
    },
    {
      "type": "Feature",
      "geometry": {
        "type": "Point",
        "coordinates": [
          80.6515533,
          23.6848703
        ]
      },
      "properties": {
        "name": "Badwara Tahsil Solar Plant",
        "type": "solar",
        "capacity_mw": 0,
        "operator": "Unknown",
        "state": "Madhya Pradesh",
        "osm_id": "way/1271019195"
      }
    },
    {
      "type": "Feature",
      "geometry": {
        "type": "Point",
        "coordinates": [
          73.6954587,
          10.8124814
        ]
      },
      "properties": {
        "name": "Andrott Solar Plant",
        "type": "solar",
        "capacity_mw": 0,
        "operator": "Unknown",
        "state": "Lakshadweep",
        "osm_id": "way/1271086483"
      }
    },
    {
      "type": "Feature",
      "geometry": {
        "type": "Point",
        "coordinates": [
          75.5771376,
          28.3664903
        ]
      },
      "properties": {
        "name": "Surajgarh Tehsil Solar Plant",
        "type": "solar",
        "capacity_mw": 0,
        "operator": "Unknown",
        "state": "Rajasthan",
        "osm_id": "way/1271161970"
      }
    },
    {
      "type": "Feature",
      "geometry": {
        "type": "Point",
        "coordinates": [
          83.1074081,
          17.5695403
        ]
      },
      "properties": {
        "name": "Paravada Solar Plant",
        "type": "solar",
        "capacity_mw": 0,
        "operator": "Unknown",
        "state": "Andhra Pradesh",
        "osm_id": "way/1271162635"
      }
    },
    {
      "type": "Feature",
      "geometry": {
        "type": "Point",
        "coordinates": [
          73.8956039,
          25.0258429
        ]
      },
      "properties": {
        "name": "Rajsamand Tehsil Solar Plant",
        "type": "solar",
        "capacity_mw": 0,
        "operator": "Unknown",
        "state": "Rajasthan",
        "osm_id": "way/1271576123"
      }
    },
    {
      "type": "Feature",
      "geometry": {
        "type": "Point",
        "coordinates": [
          72.7993683,
          24.5327103
        ]
      },
      "properties": {
        "name": "Abu Road Tehsil Solar Plant",
        "type": "solar",
        "capacity_mw": 0,
        "operator": "Unknown",
        "state": "Rajasthan",
        "osm_id": "way/1271576137"
      }
    },
    {
      "type": "Feature",
      "geometry": {
        "type": "Point",
        "coordinates": [
          75.6913934,
          26.0255194
        ]
      },
      "properties": {
        "name": "Tonk Tehsil Solar Plant",
        "type": "solar",
        "capacity_mw": 0,
        "operator": "Unknown",
        "state": "Rajasthan",
        "osm_id": "way/1271740319"
      }
    },
    {
      "type": "Feature",
      "geometry": {
        "type": "Point",
        "coordinates": [
          76.1409451,
          27.6721305
        ]
      },
      "properties": {
        "name": "Kotpuli Tehsil Solar Plant",
        "type": "solar",
        "capacity_mw": 0,
        "operator": "Unknown",
        "state": "Rajasthan",
        "osm_id": "way/1271813121"
      }
    },
    {
      "type": "Feature",
      "geometry": {
        "type": "Point",
        "coordinates": [
          80.1708245,
          28.217402
        ]
      },
      "properties": {
        "name": "Powayan Solar Plant",
        "type": "solar",
        "capacity_mw": 0,
        "operator": "Unknown",
        "state": "Uttar Pradesh",
        "osm_id": "way/1272069018"
      }
    },
    {
      "type": "Feature",
      "geometry": {
        "type": "Point",
        "coordinates": [
          78.8188765,
          28.0129195
        ]
      },
      "properties": {
        "name": "Sahaswan Solar Plant",
        "type": "solar",
        "capacity_mw": 0,
        "operator": "Unknown",
        "state": "Uttar Pradesh",
        "osm_id": "way/1272069039"
      }
    },
    {
      "type": "Feature",
      "geometry": {
        "type": "Point",
        "coordinates": [
          84.2914549,
          20.7412352
        ]
      },
      "properties": {
        "name": "Baudh Sadar Solar Plant",
        "type": "solar",
        "capacity_mw": 0,
        "operator": "Unknown",
        "state": "Odisha",
        "osm_id": "way/1272103526"
      }
    },
    {
      "type": "Feature",
      "geometry": {
        "type": "Point",
        "coordinates": [
          82.5520451,
          18.8574446
        ]
      },
      "properties": {
        "name": "Jeypore Solar Plant",
        "type": "solar",
        "capacity_mw": 0,
        "operator": "Unknown",
        "state": "Odisha",
        "osm_id": "way/1272103532"
      }
    },
    {
      "type": "Feature",
      "geometry": {
        "type": "Point",
        "coordinates": [
          83.511669,
          21.1571116
        ]
      },
      "properties": {
        "name": "Bijepur Solar Plant",
        "type": "solar",
        "capacity_mw": 0,
        "operator": "Unknown",
        "state": "Odisha",
        "osm_id": "way/1272150757"
      }
    },
    {
      "type": "Feature",
      "geometry": {
        "type": "Point",
        "coordinates": [
          80.866608,
          21.0933322
        ]
      },
      "properties": {
        "name": "Dongargarh Tahsil Solar Plant",
        "type": "solar",
        "capacity_mw": 0,
        "operator": "Unknown",
        "state": "Chhattisgarh",
        "osm_id": "way/1272207350"
      }
    },
    {
      "type": "Feature",
      "geometry": {
        "type": "Point",
        "coordinates": [
          91.1594524,
          26.0333641
        ]
      },
      "properties": {
        "name": "Chamaria Solar Plant",
        "type": "solar",
        "capacity_mw": 0,
        "operator": "Unknown",
        "state": "Assam",
        "osm_id": "way/1272513732"
      }
    },
    {
      "type": "Feature",
      "geometry": {
        "type": "Point",
        "coordinates": [
          82.8172777,
          18.7444453
        ]
      },
      "properties": {
        "name": "Sunabeda Solar Plant",
        "type": "solar",
        "capacity_mw": 0,
        "operator": "Unknown",
        "state": "Odisha",
        "osm_id": "way/1272771501"
      }
    },
    {
      "type": "Feature",
      "geometry": {
        "type": "Point",
        "coordinates": [
          70.2333096,
          22.5790944
        ]
      },
      "properties": {
        "name": "Jodiya Taluka Solar Plant",
        "type": "solar",
        "capacity_mw": 0,
        "operator": "Unknown",
        "state": "Gujarat",
        "osm_id": "way/1273183385"
      }
    },
    {
      "type": "Feature",
      "geometry": {
        "type": "Point",
        "coordinates": [
          69.3660202,
          24.1129442
        ]
      },
      "properties": {
        "name": "Khavda Renewable Energy Park",
        "type": "solar",
        "capacity_mw": 1000.0,
        "operator": "Adani Green",
        "state": "Gujarat",
        "osm_id": "way/1273382001"
      }
    },
    {
      "type": "Feature",
      "geometry": {
        "type": "Point",
        "coordinates": [
          83.1751752,
          18.1263279
        ]
      },
      "properties": {
        "name": "1.5 MW Grid Interactive Solar Power Project",
        "type": "solar",
        "capacity_mw": 1.5,
        "operator": "Unknown",
        "state": "Andhra Pradesh",
        "osm_id": "way/1279910911"
      }
    },
    {
      "type": "Feature",
      "geometry": {
        "type": "Point",
        "coordinates": [
          81.6130415,
          21.3119067
        ]
      },
      "properties": {
        "name": "Raipur Tahsil Coal Plant",
        "type": "coal",
        "capacity_mw": 0,
        "operator": "Hira Power & Steels",
        "state": "Chhattisgarh",
        "osm_id": "way/1280991998"
      }
    },
    {
      "type": "Feature",
      "geometry": {
        "type": "Point",
        "coordinates": [
          72.6845961,
          23.2098859
        ]
      },
      "properties": {
        "name": "Hostel Power",
        "type": "unknown",
        "capacity_mw": 0,
        "operator": "Unknown",
        "state": "Gujarat",
        "osm_id": "way/1281166898"
      }
    },
    {
      "type": "Feature",
      "geometry": {
        "type": "Point",
        "coordinates": [
          77.1312884,
          32.1432417
        ]
      },
      "properties": {
        "name": "Kanchanjunga Hydro Electric Project",
        "type": "hydro",
        "capacity_mw": 24.0,
        "operator": "Unknown",
        "state": "Himachal Pradesh",
        "osm_id": "way/1283656693"
      }
    },
    {
      "type": "Feature",
      "geometry": {
        "type": "Point",
        "coordinates": [
          77.147367,
          32.1306916
        ]
      },
      "properties": {
        "name": "K.K.K. Hydro Power Limited",
        "type": "hydro",
        "capacity_mw": 0,
        "operator": "Unknown",
        "state": "Himachal Pradesh",
        "osm_id": "way/1283657507"
      }
    },
    {
      "type": "Feature",
      "geometry": {
        "type": "Point",
        "coordinates": [
          78.4421954,
          14.0242639
        ]
      },
      "properties": {
        "name": "Galiveedu Solar Plant",
        "type": "solar",
        "capacity_mw": 0,
        "operator": "Unknown",
        "state": "Andhra Pradesh",
        "osm_id": "way/1284301765"
      }
    },
    {
      "type": "Feature",
      "geometry": {
        "type": "Point",
        "coordinates": [
          76.045585,
          11.4377299
        ]
      },
      "properties": {
        "name": "Arippara Small Hydroelectric Project",
        "type": "hydro",
        "capacity_mw": 4.5,
        "operator": "CIAL",
        "state": "Kerala",
        "osm_id": "way/1285599074"
      }
    },
    {
      "type": "Feature",
      "geometry": {
        "type": "Point",
        "coordinates": [
          77.2803604,
          28.5077968
        ]
      },
      "properties": {
        "name": "Delhi Biomass Plant",
        "type": "biomass",
        "capacity_mw": 0,
        "operator": "Unknown",
        "state": "Delhi",
        "osm_id": "way/1286855149"
      }
    },
    {
      "type": "Feature",
      "geometry": {
        "type": "Point",
        "coordinates": [
          79.6327022,
          15.3223619
        ]
      },
      "properties": {
        "name": "Powermech Infra ltd",
        "type": "solar",
        "capacity_mw": 0,
        "operator": "Unknown",
        "state": "Andhra Pradesh",
        "osm_id": "way/1292755403"
      }
    },
    {
      "type": "Feature",
      "geometry": {
        "type": "Point",
        "coordinates": [
          80.3815466,
          15.8425395
        ]
      },
      "properties": {
        "name": "Chirala Unknown Plant",
        "type": "unknown",
        "capacity_mw": 0,
        "operator": "Unknown",
        "state": "Andhra Pradesh",
        "osm_id": "way/1293401475"
      }
    },
    {
      "type": "Feature",
      "geometry": {
        "type": "Point",
        "coordinates": [
          92.8839818,
          24.3574348
        ]
      },
      "properties": {
        "name": "Tuirial Plant",
        "type": "hydro",
        "capacity_mw": 60.0,
        "operator": "NEEPCO",
        "state": "Mizoram",
        "osm_id": "way/1294653735"
      }
    },
    {
      "type": "Feature",
      "geometry": {
        "type": "Point",
        "coordinates": [
          73.0395944,
          28.3482883
        ]
      },
      "properties": {
        "name": "Poogal Tehsil Solar Plant",
        "type": "solar",
        "capacity_mw": 0,
        "operator": "Unknown",
        "state": "Rajasthan",
        "osm_id": "way/1296160045"
      }
    },
    {
      "type": "Feature",
      "geometry": {
        "type": "Point",
        "coordinates": [
          73.1736794,
          28.6334817
        ]
      },
      "properties": {
        "name": "Chhatargarh Solar PV Project",
        "type": "solar",
        "capacity_mw": 150.0,
        "operator": "NTPC",
        "state": "Rajasthan",
        "osm_id": "way/1296462082"
      }
    },
    {
      "type": "Feature",
      "geometry": {
        "type": "Point",
        "coordinates": [
          82.8915956,
          17.7936864
        ]
      },
      "properties": {
        "name": "Butchayyapeta Solar Plant",
        "type": "solar",
        "capacity_mw": 0,
        "operator": "Unknown",
        "state": "Andhra Pradesh",
        "osm_id": "way/1302225670"
      }
    },
    {
      "type": "Feature",
      "geometry": {
        "type": "Point",
        "coordinates": [
          78.1166029,
          21.9193794
        ]
      },
      "properties": {
        "name": "Amla Tahsil Unknown Plant",
        "type": "unknown",
        "capacity_mw": 0,
        "operator": "Unknown",
        "state": "Madhya Pradesh",
        "osm_id": "way/1303235256"
      }
    },
    {
      "type": "Feature",
      "geometry": {
        "type": "Point",
        "coordinates": [
          79.9127615,
          16.8069726
        ]
      },
      "properties": {
        "name": "Mellachervu mandal Coal Plant",
        "type": "coal",
        "capacity_mw": 0,
        "operator": "Unknown",
        "state": "Telangana",
        "osm_id": "way/1304702343"
      }
    },
    {
      "type": "Feature",
      "geometry": {
        "type": "Point",
        "coordinates": [
          75.2055306,
          16.0329689
        ]
      },
      "properties": {
        "name": "Ramadurga taluku Solar Plant",
        "type": "solar",
        "capacity_mw": 0,
        "operator": "Unknown",
        "state": "Karnataka",
        "osm_id": "way/1308400249"
      }
    },
    {
      "type": "Feature",
      "geometry": {
        "type": "Point",
        "coordinates": [
          88.6410848,
          22.9458389
        ]
      },
      "properties": {
        "name": "Waste Management Plant (Nagarukhra)",
        "type": "biomass",
        "capacity_mw": 0,
        "operator": "Govt of WB",
        "state": "West Bengal",
        "osm_id": "way/1308940455"
      }
    },
    {
      "type": "Feature",
      "geometry": {
        "type": "Point",
        "coordinates": [
          91.802476,
          23.4228932
        ]
      },
      "properties": {
        "name": "Dumbur Hydroelectric Power Station",
        "type": "hydro",
        "capacity_mw": 0,
        "operator": "Unknown",
        "state": "Tripura",
        "osm_id": "way/1311032672"
      }
    },
    {
      "type": "Feature",
      "geometry": {
        "type": "Point",
        "coordinates": [
          68.9987706,
          22.4159213
        ]
      },
      "properties": {
        "name": "Okhamandal Taluka Solar Plant",
        "type": "solar",
        "capacity_mw": 0,
        "operator": "Unknown",
        "state": "Gujarat",
        "osm_id": "way/1312982976"
      }
    },
    {
      "type": "Feature",
      "geometry": {
        "type": "Point",
        "coordinates": [
          78.4387399,
          31.5776562
        ]
      },
      "properties": {
        "name": "Moorang Hydro Plant",
        "type": "hydro",
        "capacity_mw": 0,
        "operator": "Unknown",
        "state": "Himachal Pradesh",
        "osm_id": "way/1314717272"
      }
    },
    {
      "type": "Feature",
      "geometry": {
        "type": "Point",
        "coordinates": [
          74.3478285,
          33.3945939
        ]
      },
      "properties": {
        "name": "Rajauri Solar Plant",
        "type": "solar",
        "capacity_mw": 0,
        "operator": "Unknown",
        "state": "Jammu and Kashmir",
        "osm_id": "way/1318203266"
      }
    },
    {
      "type": "Feature",
      "geometry": {
        "type": "Point",
        "coordinates": [
          77.9957969,
          30.5671792
        ]
      },
      "properties": {
        "name": "Kalsi Solar Plant",
        "type": "solar",
        "capacity_mw": 0,
        "operator": "Unknown",
        "state": "Uttarakhand",
        "osm_id": "way/1324693897"
      }
    },
    {
      "type": "Feature",
      "geometry": {
        "type": "Point",
        "coordinates": [
          83.237307,
          17.7147644
        ]
      },
      "properties": {
        "name": "Visakhapatnam (Urban) Solar Plant",
        "type": "solar",
        "capacity_mw": 10.0,
        "operator": "Unknown",
        "state": "Andhra Pradesh",
        "osm_id": "way/1329170689"
      }
    },
    {
      "type": "Feature",
      "geometry": {
        "type": "Point",
        "coordinates": [
          83.1621023,
          17.6287951
        ]
      },
      "properties": {
        "name": "Pedagantyada Solar Plant",
        "type": "solar",
        "capacity_mw": 0,
        "operator": "Unknown",
        "state": "Andhra Pradesh",
        "osm_id": "way/1329185733"
      }
    },
    {
      "type": "Feature",
      "geometry": {
        "type": "Point",
        "coordinates": [
          93.0388894,
          23.0562709
        ]
      },
      "properties": {
        "name": "Hnahthial Hydro Plant",
        "type": "hydro",
        "capacity_mw": 0,
        "operator": "Unknown",
        "state": "Mizoram",
        "osm_id": "way/1329557967"
      }
    },
    {
      "type": "Feature",
      "geometry": {
        "type": "Point",
        "coordinates": [
          94.2570316,
          27.5475469
        ]
      },
      "properties": {
        "name": "Subansiri Lower Hydroelectric Plant",
        "type": "hydro",
        "capacity_mw": 2000.0,
        "operator": "Unknown",
        "state": "Assam",
        "osm_id": "way/1330761817"
      }
    },
    {
      "type": "Feature",
      "geometry": {
        "type": "Point",
        "coordinates": [
          77.4626818,
          34.1674527
        ]
      },
      "properties": {
        "name": "Agri Photovoltaic",
        "type": "solar",
        "capacity_mw": 0.068,
        "operator": "Unknown",
        "state": "Jammu and Kashmir",
        "osm_id": "way/1331327317"
      }
    },
    {
      "type": "Feature",
      "geometry": {
        "type": "Point",
        "coordinates": [
          74.1588361,
          15.810304
        ]
      },
      "properties": {
        "name": "Chandgad Hydro Plant",
        "type": "hydro",
        "capacity_mw": 0,
        "operator": "Unknown",
        "state": "Maharashtra",
        "osm_id": "way/1332941504"
      }
    },
    {
      "type": "Feature",
      "geometry": {
        "type": "Point",
        "coordinates": [
          69.8569452,
          22.3289612
        ]
      },
      "properties": {
        "name": "Lalpur Taluka Unknown Plant",
        "type": "unknown",
        "capacity_mw": 0,
        "operator": "Unknown",
        "state": "Gujarat",
        "osm_id": "way/1333561675"
      }
    },
    {
      "type": "Feature",
      "geometry": {
        "type": "Point",
        "coordinates": [
          75.4364263,
          30.1169266
        ]
      },
      "properties": {
        "name": "Mansa Tehsil Hydro Plant",
        "type": "hydro",
        "capacity_mw": 0.3,
        "operator": "Unknown",
        "state": "Punjab",
        "osm_id": "way/1335026374"
      }
    },
    {
      "type": "Feature",
      "geometry": {
        "type": "Point",
        "coordinates": [
          69.5035028,
          24.1385505
        ]
      },
      "properties": {
        "name": "NTPC Khavda",
        "type": "solar",
        "capacity_mw": 397.7,
        "operator": "NTPC",
        "state": "Gujarat",
        "osm_id": "way/1336628395"
      }
    },
    {
      "type": "Feature",
      "geometry": {
        "type": "Point",
        "coordinates": [
          68.9734394,
          22.2389473
        ]
      },
      "properties": {
        "name": "Okhamandal Taluka Unknown Plant",
        "type": "unknown",
        "capacity_mw": 0,
        "operator": "Unknown",
        "state": "Gujarat",
        "osm_id": "way/1342223227"
      }
    },
    {
      "type": "Feature",
      "geometry": {
        "type": "Point",
        "coordinates": [
          68.9716649,
          22.2397714
        ]
      },
      "properties": {
        "name": "Okhamandal Taluka Biomass Plant",
        "type": "biomass",
        "capacity_mw": 0,
        "operator": "Unknown",
        "state": "Gujarat",
        "osm_id": "way/1343832220"
      }
    },
    {
      "type": "Feature",
      "geometry": {
        "type": "Point",
        "coordinates": [
          80.1929113,
          16.1492976
        ]
      },
      "properties": {
        "name": "Edlapadu Solar Plant",
        "type": "solar",
        "capacity_mw": 0,
        "operator": "Unknown",
        "state": "Andhra Pradesh",
        "osm_id": "way/1344881419"
      }
    },
    {
      "type": "Feature",
      "geometry": {
        "type": "Point",
        "coordinates": [
          79.8245023,
          11.8829673
        ]
      },
      "properties": {
        "name": "Puducherry Taluk Solar Plant",
        "type": "solar",
        "capacity_mw": 0,
        "operator": "Unknown",
        "state": "Unknown",
        "osm_id": "way/1347741307"
      }
    },
    {
      "type": "Feature",
      "geometry": {
        "type": "Point",
        "coordinates": [
          77.1520982,
          17.8023465
        ]
      },
      "properties": {
        "name": "Chittaguppa taluku Solar Plant",
        "type": "solar",
        "capacity_mw": 20.0,
        "operator": "Unknown",
        "state": "Karnataka",
        "osm_id": "way/1347971627"
      }
    },
    {
      "type": "Feature",
      "geometry": {
        "type": "Point",
        "coordinates": [
          83.006957,
          23.3757127
        ]
      },
      "properties": {
        "name": "Bhaiyathan Tahsil Solar Plant",
        "type": "solar",
        "capacity_mw": 0,
        "operator": "Unknown",
        "state": "Chhattisgarh",
        "osm_id": "way/1348064308"
      }
    },
    {
      "type": "Feature",
      "geometry": {
        "type": "Point",
        "coordinates": [
          71.948563,
          21.1803638
        ]
      },
      "properties": {
        "name": "Talaja Taluka Solar Plant",
        "type": "solar",
        "capacity_mw": 0,
        "operator": "Unknown",
        "state": "Gujarat",
        "osm_id": "way/1349183423"
      }
    },
    {
      "type": "Feature",
      "geometry": {
        "type": "Point",
        "coordinates": [
          72.057513,
          23.8525985
        ]
      },
      "properties": {
        "name": "Patan Taluka Solar Plant",
        "type": "solar",
        "capacity_mw": 0,
        "operator": "Unknown",
        "state": "Gujarat",
        "osm_id": "way/1349229608"
      }
    },
    {
      "type": "Feature",
      "geometry": {
        "type": "Point",
        "coordinates": [
          72.0026538,
          23.6697801
        ]
      },
      "properties": {
        "name": "RMTL Harij",
        "type": "solar",
        "capacity_mw": 15.0,
        "operator": "Unknown",
        "state": "Gujarat",
        "osm_id": "way/1349231571"
      }
    },
    {
      "type": "Feature",
      "geometry": {
        "type": "Point",
        "coordinates": [
          79.8363992,
          28.2026412
        ]
      },
      "properties": {
        "name": "Bisalpur Solar Plant",
        "type": "solar",
        "capacity_mw": 0,
        "operator": "Unknown",
        "state": "Uttar Pradesh",
        "osm_id": "way/1349785071"
      }
    },
    {
      "type": "Feature",
      "geometry": {
        "type": "Point",
        "coordinates": [
          90.3687384,
          26.5911499
        ]
      },
      "properties": {
        "name": "Sidli (Pt) Hydro Plant",
        "type": "hydro",
        "capacity_mw": 0,
        "operator": "Unknown",
        "state": "Assam",
        "osm_id": "way/1350733650"
      }
    },
    {
      "type": "Feature",
      "geometry": {
        "type": "Point",
        "coordinates": [
          84.4503869,
          22.9528278
        ]
      },
      "properties": {
        "name": "Mlinda (MSEPL) Patratoli Solar Plant 32.5kWp",
        "type": "solar",
        "capacity_mw": 0.035,
        "operator": "Unknown",
        "state": "Jharkhand",
        "osm_id": "way/1356649246"
      }
    },
    {
      "type": "Feature",
      "geometry": {
        "type": "Point",
        "coordinates": [
          84.3675042,
          24.7609335
        ]
      },
      "properties": {
        "name": "South Bihar Power Distribution Company Ltd.",
        "type": "unknown",
        "capacity_mw": 0,
        "operator": "Unknown",
        "state": "Bihar",
        "osm_id": "way/1360315525"
      }
    },
    {
      "type": "Feature",
      "geometry": {
        "type": "Point",
        "coordinates": [
          79.3136088,
          30.3937988
        ]
      },
      "properties": {
        "name": "PTCUL KOTHIYALSAIN ,CHAMOLI",
        "type": "unknown",
        "capacity_mw": 0,
        "operator": "Unknown",
        "state": "Uttarakhand",
        "osm_id": "way/1360684891"
      }
    },
    {
      "type": "Feature",
      "geometry": {
        "type": "Point",
        "coordinates": [
          73.7267371,
          24.571363
        ]
      },
      "properties": {
        "name": "anvvl power house",
        "type": "unknown",
        "capacity_mw": 0,
        "operator": "Unknown",
        "state": "Rajasthan",
        "osm_id": "way/1360687070"
      }
    },
    {
      "type": "Feature",
      "geometry": {
        "type": "Point",
        "coordinates": [
          82.9966349,
          25.2990348
        ]
      },
      "properties": {
        "name": "Sadar Solar Plant",
        "type": "solar",
        "capacity_mw": 0,
        "operator": "Unknown",
        "state": "Uttar Pradesh",
        "osm_id": "way/1361168203"
      }
    },
    {
      "type": "Feature",
      "geometry": {
        "type": "Point",
        "coordinates": [
          72.5816294,
          23.8734882
        ]
      },
      "properties": {
        "name": "Kheralu Taluka Solar Plant",
        "type": "solar",
        "capacity_mw": 0,
        "operator": "Unknown",
        "state": "Gujarat",
        "osm_id": "way/1361853993"
      }
    },
    {
      "type": "Feature",
      "geometry": {
        "type": "Point",
        "coordinates": [
          72.2136021,
          24.0167728
        ]
      },
      "properties": {
        "name": "Saraswati Taluka Solar Plant",
        "type": "solar",
        "capacity_mw": 0,
        "operator": "Unknown",
        "state": "Gujarat",
        "osm_id": "way/1362637266"
      }
    },
    {
      "type": "Feature",
      "geometry": {
        "type": "Point",
        "coordinates": [
          76.3401514,
          10.0339724
        ]
      },
      "properties": {
        "name": "Kanayannur Solar Plant",
        "type": "solar",
        "capacity_mw": 0,
        "operator": "Unknown",
        "state": "Kerala",
        "osm_id": "way/1363082222"
      }
    },
    {
      "type": "Feature",
      "geometry": {
        "type": "Point",
        "coordinates": [
          75.6960473,
          18.1150379
        ]
      },
      "properties": {
        "name": "Avaada Solar power plant",
        "type": "solar",
        "capacity_mw": 100.0,
        "operator": "Avaada",
        "state": "Maharashtra",
        "osm_id": "way/1363997224"
      }
    },
    {
      "type": "Feature",
      "geometry": {
        "type": "Point",
        "coordinates": [
          73.8766381,
          15.4728566
        ]
      },
      "properties": {
        "name": "Tiswadi Solar Plant",
        "type": "solar",
        "capacity_mw": 0,
        "operator": "Unknown",
        "state": "Goa",
        "osm_id": "way/1364438554"
      }
    },
    {
      "type": "Feature",
      "geometry": {
        "type": "Point",
        "coordinates": [
          82.8737036,
          25.4213182
        ]
      },
      "properties": {
        "name": "Pindra Solar Plant",
        "type": "solar",
        "capacity_mw": 0,
        "operator": "Unknown",
        "state": "Uttar Pradesh",
        "osm_id": "way/1369180982"
      }
    },
    {
      "type": "Feature",
      "geometry": {
        "type": "Point",
        "coordinates": [
          76.8447036,
          32.042068
        ]
      },
      "properties": {
        "name": "Multhan Hydro Plant",
        "type": "hydro",
        "capacity_mw": 0,
        "operator": "Unknown",
        "state": "Himachal Pradesh",
        "osm_id": "way/1374540228"
      }
    },
    {
      "type": "Feature",
      "geometry": {
        "type": "Point",
        "coordinates": [
          77.9299092,
          15.2155136
        ]
      },
      "properties": {
        "name": "Peapally Solar Plant",
        "type": "solar",
        "capacity_mw": 0,
        "operator": "Unknown",
        "state": "Andhra Pradesh",
        "osm_id": "way/1374541258"
      }
    },
    {
      "type": "Feature",
      "geometry": {
        "type": "Point",
        "coordinates": [
          81.8688317,
          25.4209228
        ]
      },
      "properties": {
        "name": "Prayagraj RNG Private Limited",
        "type": "biomass",
        "capacity_mw": 0,
        "operator": "Unknown",
        "state": "Uttar Pradesh",
        "osm_id": "way/1375191884"
      }
    },
    {
      "type": "Feature",
      "geometry": {
        "type": "Point",
        "coordinates": [
          88.4591487,
          27.2514344
        ]
      },
      "properties": {
        "name": "Teesta V",
        "type": "hydro",
        "capacity_mw": 510.0,
        "operator": "Unknown",
        "state": "Sikkim",
        "osm_id": "way/1375582903"
      }
    },
    {
      "type": "Feature",
      "geometry": {
        "type": "Point",
        "coordinates": [
          88.5272782,
          27.4012313
        ]
      },
      "properties": {
        "name": "Dikchu Hydroelectric Power Plant",
        "type": "hydro",
        "capacity_mw": 96.0,
        "operator": "Unknown",
        "state": "Sikkim",
        "osm_id": "way/1375584447"
      }
    },
    {
      "type": "Feature",
      "geometry": {
        "type": "Point",
        "coordinates": [
          88.2332303,
          27.3400494
        ]
      },
      "properties": {
        "name": "Gyalshing Hydro Plant",
        "type": "hydro",
        "capacity_mw": 0,
        "operator": "Unknown",
        "state": "Sikkim",
        "osm_id": "way/1375587192"
      }
    },
    {
      "type": "Feature",
      "geometry": {
        "type": "Point",
        "coordinates": [
          88.2804988,
          27.3125001
        ]
      },
      "properties": {
        "name": "Tashiding Hydroelectric Project",
        "type": "hydro",
        "capacity_mw": 97.0,
        "operator": "Unknown",
        "state": "Sikkim",
        "osm_id": "way/1375587193"
      }
    },
    {
      "type": "Feature",
      "geometry": {
        "type": "Point",
        "coordinates": [
          88.5507086,
          27.5221982
        ]
      },
      "properties": {
        "name": "Teesta Stage III Hydropower Project",
        "type": "hydro",
        "capacity_mw": 1200.0,
        "operator": "Unknown",
        "state": "Sikkim",
        "osm_id": "way/1375591114"
      }
    },
    {
      "type": "Feature",
      "geometry": {
        "type": "Point",
        "coordinates": [
          74.0391719,
          15.5537073
        ]
      },
      "properties": {
        "name": "Bicholim Solar Plant",
        "type": "solar",
        "capacity_mw": 0,
        "operator": "Unknown",
        "state": "Goa",
        "osm_id": "way/1379870549"
      }
    },
    {
      "type": "Feature",
      "geometry": {
        "type": "Point",
        "coordinates": [
          78.1773266,
          8.7491341
        ]
      },
      "properties": {
        "name": "Thoothukkudi Solar Plant",
        "type": "solar",
        "capacity_mw": 0,
        "operator": "Unknown",
        "state": "Tamil Nadu",
        "osm_id": "way/1384361544"
      }
    },
    {
      "type": "Feature",
      "geometry": {
        "type": "Point",
        "coordinates": [
          78.4637352,
          15.6862676
        ]
      },
      "properties": {
        "name": "Gadivemula Solar Plant",
        "type": "solar",
        "capacity_mw": 0,
        "operator": "Unknown",
        "state": "Andhra Pradesh",
        "osm_id": "way/1389865730"
      }
    },
    {
      "type": "Feature",
      "geometry": {
        "type": "Point",
        "coordinates": [
          78.2828947,
          17.5231259
        ]
      },
      "properties": {
        "name": "Bahadurpura mandal Solar Plant",
        "type": "solar",
        "capacity_mw": 0,
        "operator": "Unknown",
        "state": "Telangana",
        "osm_id": "way/1389975004"
      }
    },
    {
      "type": "Feature",
      "geometry": {
        "type": "Point",
        "coordinates": [
          80.4388604,
          16.3339782
        ]
      },
      "properties": {
        "name": "Power Station",
        "type": "unknown",
        "capacity_mw": 4620,
        "operator": "Adani Power",
        "state": "Andhra Pradesh",
        "osm_id": "way/1390493843"
      }
    },
    {
      "type": "Feature",
      "geometry": {
        "type": "Point",
        "coordinates": [
          75.9073292,
          30.7860765
        ]
      },
      "properties": {
        "name": "Ludhiana (East) Tahsil Hydro Plant",
        "type": "hydro",
        "capacity_mw": 0,
        "operator": "Unknown",
        "state": "Punjab",
        "osm_id": "way/1390629810"
      }
    },
    {
      "type": "Feature",
      "geometry": {
        "type": "Point",
        "coordinates": [
          80.4376881,
          16.3286809
        ]
      },
      "properties": {
        "name": "Power staition",
        "type": "unknown",
        "capacity_mw": 0,
        "operator": "Unknown",
        "state": "Andhra Pradesh",
        "osm_id": "way/1390877208"
      }
    },
    {
      "type": "Feature",
      "geometry": {
        "type": "Point",
        "coordinates": [
          72.3012111,
          23.0813721
        ]
      },
      "properties": {
        "name": "Canal Solar Power Project",
        "type": "solar",
        "capacity_mw": 0,
        "operator": "Unknown",
        "state": "Gujarat",
        "osm_id": "way/1392906565"
      }
    },
    {
      "type": "Feature",
      "geometry": {
        "type": "Point",
        "coordinates": [
          79.0266458,
          11.042386
        ]
      },
      "properties": {
        "name": "Ariyalur Solar Plant",
        "type": "solar",
        "capacity_mw": 0,
        "operator": "Unknown",
        "state": "Tamil Nadu",
        "osm_id": "way/1396507050"
      }
    },
    {
      "type": "Feature",
      "geometry": {
        "type": "Point",
        "coordinates": [
          76.7563301,
          15.5532286
        ]
      },
      "properties": {
        "name": "Karatagi taluku Solar Plant",
        "type": "solar",
        "capacity_mw": 0,
        "operator": "Unknown",
        "state": "Karnataka",
        "osm_id": "way/1411203630"
      }
    },
    {
      "type": "Feature",
      "geometry": {
        "type": "Point",
        "coordinates": [
          77.3486651,
          23.2892797
        ]
      },
      "properties": {
        "name": "Huzur Tahsil Solar Plant",
        "type": "solar",
        "capacity_mw": 0,
        "operator": "Unknown",
        "state": "Madhya Pradesh",
        "osm_id": "way/1412678526"
      }
    },
    {
      "type": "Feature",
      "geometry": {
        "type": "Point",
        "coordinates": [
          72.7383636,
          22.2471264
        ]
      },
      "properties": {
        "name": "Dhuvaran Phase 2",
        "type": "solar",
        "capacity_mw": 75.0,
        "operator": "Unknown",
        "state": "Gujarat",
        "osm_id": "way/1415637905"
      }
    },
    {
      "type": "Feature",
      "geometry": {
        "type": "Point",
        "coordinates": [
          92.785139,
          22.9203323
        ]
      },
      "properties": {
        "name": "Lunglei Hydro Plant",
        "type": "hydro",
        "capacity_mw": 0,
        "operator": "Unknown",
        "state": "Mizoram",
        "osm_id": "way/1416058769"
      }
    },
    {
      "type": "Feature",
      "geometry": {
        "type": "Point",
        "coordinates": [
          73.8232031,
          15.3726918
        ]
      },
      "properties": {
        "name": "Mormugao Solar Plant",
        "type": "solar",
        "capacity_mw": 0,
        "operator": "Unknown",
        "state": "Goa",
        "osm_id": "way/1418362461"
      }
    },
    {
      "type": "Feature",
      "geometry": {
        "type": "Point",
        "coordinates": [
          77.1308758,
          27.5905727
        ]
      },
      "properties": {
        "name": "Power House, Kaithwara",
        "type": "unknown",
        "capacity_mw": 0,
        "operator": "Unknown",
        "state": "Rajasthan",
        "osm_id": "way/1421110326"
      }
    },
    {
      "type": "Feature",
      "geometry": {
        "type": "Point",
        "coordinates": [
          77.3556912,
          28.7037666
        ]
      },
      "properties": {
        "name": "Ghaziabad Solar Plant",
        "type": "solar",
        "capacity_mw": 0,
        "operator": "Unknown",
        "state": "Uttar Pradesh",
        "osm_id": "way/1421530355"
      }
    },
    {
      "type": "Feature",
      "geometry": {
        "type": "Point",
        "coordinates": [
          83.578349,
          18.1091603
        ]
      },
      "properties": {
        "name": "Pusapatirega Solar Plant",
        "type": "solar",
        "capacity_mw": 0,
        "operator": "Unknown",
        "state": "Andhra Pradesh",
        "osm_id": "way/1421758068"
      }
    },
    {
      "type": "Feature",
      "geometry": {
        "type": "Point",
        "coordinates": [
          74.1952969,
          16.8680272
        ]
      },
      "properties": {
        "name": "MSEB",
        "type": "unknown",
        "capacity_mw": 0,
        "operator": "Unknown",
        "state": "Maharashtra",
        "osm_id": "way/1421786871"
      }
    },
    {
      "type": "Feature",
      "geometry": {
        "type": "Point",
        "coordinates": [
          78.6598731,
          18.5190571
        ]
      },
      "properties": {
        "name": "Konaraopet mandal Unknown Plant",
        "type": "unknown",
        "capacity_mw": 0,
        "operator": "Unknown",
        "state": "Telangana",
        "osm_id": "way/1427817119"
      }
    },
    {
      "type": "Feature",
      "geometry": {
        "type": "Point",
        "coordinates": [
          84.8625222,
          22.635916
        ]
      },
      "properties": {
        "name": "Lachragarh Solar Mini Grid (Mlinda)",
        "type": "solar",
        "capacity_mw": 0.035,
        "operator": "Unknown",
        "state": "Jharkhand",
        "osm_id": "way/1430811506"
      }
    },
    {
      "type": "Feature",
      "geometry": {
        "type": "Point",
        "coordinates": [
          84.7944038,
          22.7652857
        ]
      },
      "properties": {
        "name": "Lasia Solar Mini Grid (Mlinda)",
        "type": "solar",
        "capacity_mw": 0.035,
        "operator": "Unknown",
        "state": "Jharkhand",
        "osm_id": "way/1430815877"
      }
    },
    {
      "type": "Feature",
      "geometry": {
        "type": "Point",
        "coordinates": [
          84.6418919,
          22.8653256
        ]
      },
      "properties": {
        "name": "Palkot Solar Mini Grid (Mlinda)",
        "type": "solar",
        "capacity_mw": 0.035,
        "operator": "Unknown",
        "state": "Jharkhand",
        "osm_id": "way/1430818923"
      }
    },
    {
      "type": "Feature",
      "geometry": {
        "type": "Point",
        "coordinates": [
          84.4741336,
          23.1753578
        ]
      },
      "properties": {
        "name": "Kotam Solar Mini Grid (Mlinda)",
        "type": "solar",
        "capacity_mw": 0.035,
        "operator": "Pankaj",
        "state": "Jharkhand",
        "osm_id": "way/1430820760"
      }
    },
    {
      "type": "Feature",
      "geometry": {
        "type": "Point",
        "coordinates": [
          84.6628832,
          23.5116686
        ]
      },
      "properties": {
        "name": "Kisko Solar Mini Grid (Mlinda)",
        "type": "solar",
        "capacity_mw": 0.035,
        "operator": "Azhar",
        "state": "Jharkhand",
        "osm_id": "way/1430821666"
      }
    },
    {
      "type": "Feature",
      "geometry": {
        "type": "Point",
        "coordinates": [
          73.8453046,
          29.4054321
        ]
      },
      "properties": {
        "name": "Suratgarh Tehsil Solar Plant",
        "type": "solar",
        "capacity_mw": 1500.0,
        "operator": "Unknown",
        "state": "Rajasthan",
        "osm_id": "way/1431799846"
      }
    },
    {
      "type": "Feature",
      "geometry": {
        "type": "Point",
        "coordinates": [
          73.8873106,
          29.9375688
        ]
      },
      "properties": {
        "name": "Ganganagar Tehsil Solar Plant",
        "type": "solar",
        "capacity_mw": 0,
        "operator": "Unknown",
        "state": "Rajasthan",
        "osm_id": "way/1431799848"
      }
    },
    {
      "type": "Feature",
      "geometry": {
        "type": "Point",
        "coordinates": [
          73.5984287,
          29.8027507
        ]
      },
      "properties": {
        "name": "Karanpur Tehsil Solar Plant",
        "type": "solar",
        "capacity_mw": 0,
        "operator": "Unknown",
        "state": "Rajasthan",
        "osm_id": "way/1431799854"
      }
    },
    {
      "type": "Feature",
      "geometry": {
        "type": "Point",
        "coordinates": [
          77.3568821,
          8.5224947
        ]
      },
      "properties": {
        "name": "Kalkulam Hydro Plant",
        "type": "hydro",
        "capacity_mw": 0,
        "operator": "Unknown",
        "state": "Tamil Nadu",
        "osm_id": "way/1431930232"
      }
    },
    {
      "type": "Feature",
      "geometry": {
        "type": "Point",
        "coordinates": [
          75.7843876,
          17.7316854
        ]
      },
      "properties": {
        "name": "Solapur North Solar Plant",
        "type": "solar",
        "capacity_mw": 0,
        "operator": "Unknown",
        "state": "Maharashtra",
        "osm_id": "way/1434296937"
      }
    },
    {
      "type": "Feature",
      "geometry": {
        "type": "Point",
        "coordinates": [
          93.805118,
          27.2120562
        ]
      },
      "properties": {
        "name": "Doimukh SDO Hydro Plant",
        "type": "hydro",
        "capacity_mw": 0,
        "operator": "Unknown",
        "state": "Arunachal Pradesh",
        "osm_id": "way/1434973625"
      }
    },
    {
      "type": "Feature",
      "geometry": {
        "type": "Point",
        "coordinates": [
          83.0869925,
          19.1675584
        ]
      },
      "properties": {
        "name": "Tikiri Solar Plant",
        "type": "solar",
        "capacity_mw": 0,
        "operator": "Unknown",
        "state": "Odisha",
        "osm_id": "way/1444482940"
      }
    },
    {
      "type": "Feature",
      "geometry": {
        "type": "Point",
        "coordinates": [
          77.4850633,
          15.6666514
        ]
      },
      "properties": {
        "name": "solar power plant",
        "type": "solar",
        "capacity_mw": 0,
        "operator": "Unknown",
        "state": "Andhra Pradesh",
        "osm_id": "way/1445675678"
      }
    },
    {
      "type": "Feature",
      "geometry": {
        "type": "Point",
        "coordinates": [
          80.8324402,
          21.0386547
        ]
      },
      "properties": {
        "name": "Dongargaon Tahsil Solar Plant",
        "type": "solar",
        "capacity_mw": 0,
        "operator": "Unknown",
        "state": "Chhattisgarh",
        "osm_id": "way/1447373240"
      }
    },
    {
      "type": "Feature",
      "geometry": {
        "type": "Point",
        "coordinates": [
          92.8489003,
          23.5955658
        ]
      },
      "properties": {
        "name": "Thingsulthliah Solar Plant",
        "type": "solar",
        "capacity_mw": 0,
        "operator": "Unknown",
        "state": "Mizoram",
        "osm_id": "way/1447720099"
      }
    },
    {
      "type": "Feature",
      "geometry": {
        "type": "Point",
        "coordinates": [
          93.0358931,
          24.8168482
        ]
      },
      "properties": {
        "name": "Lakhipur Solar Plant",
        "type": "solar",
        "capacity_mw": 0,
        "operator": "Unknown",
        "state": "Assam",
        "osm_id": "way/1447786603"
      }
    },
    {
      "type": "Feature",
      "geometry": {
        "type": "Point",
        "coordinates": [
          74.9120928,
          12.7172018
        ]
      },
      "properties": {
        "name": "Manjeswaram Solar Plant",
        "type": "solar",
        "capacity_mw": 0,
        "operator": "Unknown",
        "state": "Kerala",
        "osm_id": "way/1447962304"
      }
    },
    {
      "type": "Feature",
      "geometry": {
        "type": "Point",
        "coordinates": [
          79.5456773,
          30.5670925
        ]
      },
      "properties": {
        "name": "Vishnuprayag hydro power plant",
        "type": "hydro",
        "capacity_mw": 400.0,
        "operator": "Jaiprakash Power Ventures Limited",
        "state": "Uttarakhand",
        "osm_id": "way/1447993404"
      }
    },
    {
      "type": "Feature",
      "geometry": {
        "type": "Point",
        "coordinates": [
          76.322059,
          10.8871826
        ]
      },
      "properties": {
        "name": "Ottappalam Solar Plant",
        "type": "solar",
        "capacity_mw": 0,
        "operator": "Unknown",
        "state": "Kerala",
        "osm_id": "way/1448459821"
      }
    },
    {
      "type": "Feature",
      "geometry": {
        "type": "Point",
        "coordinates": [
          76.0457915,
          10.8955005
        ]
      },
      "properties": {
        "name": "Tirur Solar Plant",
        "type": "solar",
        "capacity_mw": 0,
        "operator": "Unknown",
        "state": "Kerala",
        "osm_id": "way/1448459830"
      }
    },
    {
      "type": "Feature",
      "geometry": {
        "type": "Point",
        "coordinates": [
          76.64944,
          11.1018637
        ]
      },
      "properties": {
        "name": "Mannarkad Solar Plant",
        "type": "solar",
        "capacity_mw": 0,
        "operator": "Unknown",
        "state": "Kerala",
        "osm_id": "way/1448459839"
      }
    },
    {
      "type": "Feature",
      "geometry": {
        "type": "Point",
        "coordinates": [
          91.5353528,
          26.1195984
        ]
      },
      "properties": {
        "name": "Palasbari Solar Plant",
        "type": "solar",
        "capacity_mw": 0,
        "operator": "Unknown",
        "state": "Assam",
        "osm_id": "way/1452606751"
      }
    },
    {
      "type": "Feature",
      "geometry": {
        "type": "Point",
        "coordinates": [
          72.1390681,
          23.5517872
        ]
      },
      "properties": {
        "name": "Becharaji Taluka Solar Plant",
        "type": "solar",
        "capacity_mw": 0,
        "operator": "Unknown",
        "state": "Gujarat",
        "osm_id": "way/1453652969"
      }
    },
    {
      "type": "Feature",
      "geometry": {
        "type": "Point",
        "coordinates": [
          77.6320927,
          29.2111002
        ]
      },
      "properties": {
        "name": "Sardhana Solar Plant",
        "type": "solar",
        "capacity_mw": 0,
        "operator": "Unknown",
        "state": "Uttar Pradesh",
        "osm_id": "way/1453652970"
      }
    },
    {
      "type": "Feature",
      "geometry": {
        "type": "Point",
        "coordinates": [
          77.9069722,
          8.5813504
        ]
      },
      "properties": {
        "name": "Tiruchendur Solar Plant",
        "type": "solar",
        "capacity_mw": 0,
        "operator": "Unknown",
        "state": "Tamil Nadu",
        "osm_id": "way/1453652971"
      }
    },
    {
      "type": "Feature",
      "geometry": {
        "type": "Point",
        "coordinates": [
          76.6155759,
          9.0138213
        ]
      },
      "properties": {
        "name": "Floating Solar Power",
        "type": "solar",
        "capacity_mw": 50.0,
        "operator": "Apollo Green Energy",
        "state": "Kerala",
        "osm_id": "way/1454816504"
      }
    },
    {
      "type": "Feature",
      "geometry": {
        "type": "Point",
        "coordinates": [
          77.8854099,
          30.5244403
        ]
      },
      "properties": {
        "name": "Hathiari Power Station",
        "type": "hydro",
        "capacity_mw": 0.00012,
        "operator": "Unknown",
        "state": "Uttarakhand",
        "osm_id": "way/1454937716"
      }
    },
    {
      "type": "Feature",
      "geometry": {
        "type": "Point",
        "coordinates": [
          76.4831169,
          32.3653299
        ]
      },
      "properties": {
        "name": "Holi Unknown Plant",
        "type": "unknown",
        "capacity_mw": 0,
        "operator": "Unknown",
        "state": "Himachal Pradesh",
        "osm_id": "way/1455770043"
      }
    },
    {
      "type": "Feature",
      "geometry": {
        "type": "Point",
        "coordinates": [
          82.3195638,
          18.6136738
        ]
      },
      "properties": {
        "name": "Saptadara Avantika Power Project",
        "type": "hydro",
        "capacity_mw": 0,
        "operator": "Unknown",
        "state": "Odisha",
        "osm_id": "way/1456321386"
      }
    },
    {
      "type": "Feature",
      "geometry": {
        "type": "Point",
        "coordinates": [
          87.3887198,
          23.7907297
        ]
      },
      "properties": {
        "name": "Dubrajpur Unknown Plant",
        "type": "unknown",
        "capacity_mw": 0,
        "operator": "Unknown",
        "state": "West Bengal",
        "osm_id": "way/1457115536"
      }
    },
    {
      "type": "Feature",
      "geometry": {
        "type": "Point",
        "coordinates": [
          72.3227513,
          23.3394065
        ]
      },
      "properties": {
        "name": "Kadi Taluka Unknown Plant",
        "type": "unknown",
        "capacity_mw": 0,
        "operator": "Unknown",
        "state": "Gujarat",
        "osm_id": "way/1457556738"
      }
    },
    {
      "type": "Feature",
      "geometry": {
        "type": "Point",
        "coordinates": [
          77.0461858,
          13.5044223
        ]
      },
      "properties": {
        "name": "Tumkur taluk Solar Plant",
        "type": "solar",
        "capacity_mw": 0,
        "operator": "Unknown",
        "state": "Karnataka",
        "osm_id": "way/1457769235"
      }
    },
    {
      "type": "Feature",
      "geometry": {
        "type": "Point",
        "coordinates": [
          77.4587283,
          13.8397962
        ]
      },
      "properties": {
        "name": "Parigi Solar Plant",
        "type": "solar",
        "capacity_mw": 0,
        "operator": "Unknown",
        "state": "Andhra Pradesh",
        "osm_id": "way/1457769239"
      }
    },
    {
      "type": "Feature",
      "geometry": {
        "type": "Point",
        "coordinates": [
          77.8815154,
          13.5661951
        ]
      },
      "properties": {
        "name": "Sidlaghatta taluk Solar Plant",
        "type": "solar",
        "capacity_mw": 0,
        "operator": "Unknown",
        "state": "Karnataka",
        "osm_id": "way/1457769241"
      }
    },
    {
      "type": "Feature",
      "geometry": {
        "type": "Point",
        "coordinates": [
          77.6335064,
          13.4548824
        ]
      },
      "properties": {
        "name": "Chikkaballapura taluk Solar Plant",
        "type": "solar",
        "capacity_mw": 0,
        "operator": "Unknown",
        "state": "Karnataka",
        "osm_id": "way/1457769242"
      }
    },
    {
      "type": "Feature",
      "geometry": {
        "type": "Point",
        "coordinates": [
          77.2282702,
          16.7912581
        ]
      },
      "properties": {
        "name": "Yadagiri taluku Solar Plant",
        "type": "solar",
        "capacity_mw": 0,
        "operator": "Unknown",
        "state": "Karnataka",
        "osm_id": "way/1457769251"
      }
    },
    {
      "type": "Feature",
      "geometry": {
        "type": "Point",
        "coordinates": [
          76.2475043,
          17.3364238
        ]
      },
      "properties": {
        "name": "Afzalpura taluku Solar Plant",
        "type": "solar",
        "capacity_mw": 0,
        "operator": "Unknown",
        "state": "Karnataka",
        "osm_id": "way/1457769257"
      }
    },
    {
      "type": "Feature",
      "geometry": {
        "type": "Point",
        "coordinates": [
          75.9117481,
          16.3451121
        ]
      },
      "properties": {
        "name": "Nidagundi Taluku Solar Plant",
        "type": "solar",
        "capacity_mw": 0,
        "operator": "Unknown",
        "state": "Karnataka",
        "osm_id": "way/1457769258"
      }
    },
    {
      "type": "Feature",
      "geometry": {
        "type": "Point",
        "coordinates": [
          76.6868098,
          15.077384
        ]
      },
      "properties": {
        "name": "08MW JSW SOLAR PLANT",
        "type": "solar",
        "capacity_mw": 8.0,
        "operator": "JSW RECL",
        "state": "Karnataka",
        "osm_id": "way/1457769259"
      }
    },
    {
      "type": "Feature",
      "geometry": {
        "type": "Point",
        "coordinates": [
          77.0112714,
          12.575324
        ]
      },
      "properties": {
        "name": "Madduru taluk Solar Plant",
        "type": "solar",
        "capacity_mw": 0,
        "operator": "Unknown",
        "state": "Karnataka",
        "osm_id": "way/1457769269"
      }
    },
    {
      "type": "Feature",
      "geometry": {
        "type": "Point",
        "coordinates": [
          75.5905322,
          17.1425538
        ]
      },
      "properties": {
        "name": "Jat Solar Plant",
        "type": "solar",
        "capacity_mw": 0,
        "operator": "Unknown",
        "state": "Maharashtra",
        "osm_id": "way/1457769273"
      }
    },
    {
      "type": "Feature",
      "geometry": {
        "type": "Point",
        "coordinates": [
          77.8233343,
          13.2085159
        ]
      },
      "properties": {
        "name": "Hosakote taluk Solar Plant",
        "type": "solar",
        "capacity_mw": 0,
        "operator": "Unknown",
        "state": "Karnataka",
        "osm_id": "way/1457769274"
      }
    },
    {
      "type": "Feature",
      "geometry": {
        "type": "Point",
        "coordinates": [
          73.9282769,
          17.1272165
        ]
      },
      "properties": {
        "name": "Shirala Solar Plant",
        "type": "solar",
        "capacity_mw": 0,
        "operator": "Unknown",
        "state": "Maharashtra",
        "osm_id": "way/1460184671"
      }
    },
    {
      "type": "Feature",
      "geometry": {
        "type": "Point",
        "coordinates": [
          76.0104814,
          32.475067
        ]
      },
      "properties": {
        "name": "Bhattiyat Unknown Plant",
        "type": "unknown",
        "capacity_mw": 0,
        "operator": "Unknown",
        "state": "Himachal Pradesh",
        "osm_id": "way/1460198107"
      }
    },
    {
      "type": "Feature",
      "geometry": {
        "type": "Point",
        "coordinates": [
          75.7550347,
          26.8670181
        ]
      },
      "properties": {
        "name": "Jaipur Tehsil Solar Plant",
        "type": "solar",
        "capacity_mw": 0,
        "operator": "Unknown",
        "state": "Rajasthan",
        "osm_id": "way/1462041680"
      }
    },
    {
      "type": "Feature",
      "geometry": {
        "type": "Point",
        "coordinates": [
          75.5836053,
          27.3268388
        ]
      },
      "properties": {
        "name": "Sri Madhopur Tehsil Solar Plant",
        "type": "solar",
        "capacity_mw": 0,
        "operator": "Unknown",
        "state": "Rajasthan",
        "osm_id": "way/1462041744"
      }
    },
    {
      "type": "Feature",
      "geometry": {
        "type": "Point",
        "coordinates": [
          72.1725824,
          25.9213716
        ]
      },
      "properties": {
        "name": "Balotra Solar Plant",
        "type": "solar",
        "capacity_mw": 0,
        "operator": "Unknown",
        "state": "Rajasthan",
        "osm_id": "way/1462041758"
      }
    },
    {
      "type": "Feature",
      "geometry": {
        "type": "Point",
        "coordinates": [
          73.8221491,
          22.145488
        ]
      },
      "properties": {
        "name": "Bodeli Taluka Solar Plant",
        "type": "solar",
        "capacity_mw": 0,
        "operator": "Unknown",
        "state": "Gujarat",
        "osm_id": "way/1462662081"
      }
    },
    {
      "type": "Feature",
      "geometry": {
        "type": "Point",
        "coordinates": [
          73.6380046,
          22.0091684
        ]
      },
      "properties": {
        "name": "Tilakvada Taluka Solar Plant",
        "type": "solar",
        "capacity_mw": 0,
        "operator": "Unknown",
        "state": "Gujarat",
        "osm_id": "way/1462662086"
      }
    },
    {
      "type": "Feature",
      "geometry": {
        "type": "Point",
        "coordinates": [
          72.4818894,
          23.9881481
        ]
      },
      "properties": {
        "name": "Vadgam Taluka Solar Plant",
        "type": "solar",
        "capacity_mw": 0,
        "operator": "Unknown",
        "state": "Gujarat",
        "osm_id": "way/1463153384"
      }
    },
    {
      "type": "Feature",
      "geometry": {
        "type": "Point",
        "coordinates": [
          92.6982057,
          11.6212185
        ]
      },
      "properties": {
        "name": "Port Blair Tehsil Solar Plant",
        "type": "solar",
        "capacity_mw": 0,
        "operator": "Unknown",
        "state": "Andaman and Nicobar",
        "osm_id": "way/1463154061"
      }
    },
    {
      "type": "Feature",
      "geometry": {
        "type": "Point",
        "coordinates": [
          94.7842535,
          28.1518835
        ]
      },
      "properties": {
        "name": "Aalo HQ Solar Plant",
        "type": "solar",
        "capacity_mw": 0,
        "operator": "Unknown",
        "state": "Arunachal Pradesh",
        "osm_id": "way/1463154212"
      }
    },
    {
      "type": "Feature",
      "geometry": {
        "type": "Point",
        "coordinates": [
          92.1870517,
          26.6567023
        ]
      },
      "properties": {
        "name": "Dalgaon Solar Plant",
        "type": "solar",
        "capacity_mw": 0,
        "operator": "Unknown",
        "state": "Assam",
        "osm_id": "way/1463154475"
      }
    },
    {
      "type": "Feature",
      "geometry": {
        "type": "Point",
        "coordinates": [
          92.9820049,
          25.8874017
        ]
      },
      "properties": {
        "name": "Lanka Solar Plant",
        "type": "solar",
        "capacity_mw": 0,
        "operator": "Unknown",
        "state": "Assam",
        "osm_id": "way/1463154569"
      }
    },
    {
      "type": "Feature",
      "geometry": {
        "type": "Point",
        "coordinates": [
          79.2173749,
          29.9146715
        ]
      },
      "properties": {
        "name": "Syalde Solar Plant",
        "type": "solar",
        "capacity_mw": 0,
        "operator": "Unknown",
        "state": "Uttarakhand",
        "osm_id": "way/1463155761"
      }
    },
    {
      "type": "Feature",
      "geometry": {
        "type": "Point",
        "coordinates": [
          79.6408421,
          29.6711999
        ]
      },
      "properties": {
        "name": "Almora Solar Plant",
        "type": "solar",
        "capacity_mw": 0,
        "operator": "Unknown",
        "state": "Uttarakhand",
        "osm_id": "way/1463155841"
      }
    },
    {
      "type": "Feature",
      "geometry": {
        "type": "Point",
        "coordinates": [
          79.6343319,
          29.6668742
        ]
      },
      "properties": {
        "name": "Someshwar Solar Plant",
        "type": "solar",
        "capacity_mw": 0,
        "operator": "Unknown",
        "state": "Uttarakhand",
        "osm_id": "way/1463155842"
      }
    },
    {
      "type": "Feature",
      "geometry": {
        "type": "Point",
        "coordinates": [
          80.8809078,
          27.7625166
        ]
      },
      "properties": {
        "name": "Laharpur Solar Plant",
        "type": "solar",
        "capacity_mw": 0,
        "operator": "Unknown",
        "state": "Uttar Pradesh",
        "osm_id": "way/1463156924"
      }
    },
    {
      "type": "Feature",
      "geometry": {
        "type": "Point",
        "coordinates": [
          80.938122,
          26.7868706
        ]
      },
      "properties": {
        "name": "Lucknow Solar Plant",
        "type": "solar",
        "capacity_mw": 0,
        "operator": "Unknown",
        "state": "Uttar Pradesh",
        "osm_id": "way/1463157213"
      }
    },
    {
      "type": "Feature",
      "geometry": {
        "type": "Point",
        "coordinates": [
          80.7064274,
          25.6341993
        ]
      },
      "properties": {
        "name": "Baberu Solar Plant",
        "type": "solar",
        "capacity_mw": 0,
        "operator": "Unknown",
        "state": "Uttar Pradesh",
        "osm_id": "way/1463159677"
      }
    },
    {
      "type": "Feature",
      "geometry": {
        "type": "Point",
        "coordinates": [
          85.4461066,
          25.0341459
        ]
      },
      "properties": {
        "name": "Nalanda Solar Plant",
        "type": "solar",
        "capacity_mw": 0,
        "operator": "Unknown",
        "state": "Bihar",
        "osm_id": "way/1463162570"
      }
    },
    {
      "type": "Feature",
      "geometry": {
        "type": "Point",
        "coordinates": [
          79.2027569,
          23.9848509
        ]
      },
      "properties": {
        "name": "Patharia Tahsil Solar Plant",
        "type": "solar",
        "capacity_mw": 0,
        "operator": "Unknown",
        "state": "Madhya Pradesh",
        "osm_id": "way/1463163325"
      }
    },
    {
      "type": "Feature",
      "geometry": {
        "type": "Point",
        "coordinates": [
          82.3417193,
          25.0513884
        ]
      },
      "properties": {
        "name": "Lalganj Solar Plant",
        "type": "solar",
        "capacity_mw": 0,
        "operator": "Unknown",
        "state": "Uttar Pradesh",
        "osm_id": "way/1463163762"
      }
    },
    {
      "type": "Feature",
      "geometry": {
        "type": "Point",
        "coordinates": [
          81.5879435,
          23.201619
        ]
      },
      "properties": {
        "name": "Shahdol Solar Plant",
        "type": "solar",
        "capacity_mw": 0,
        "operator": "Unknown",
        "state": "Madhya Pradesh",
        "osm_id": "way/1463164361"
      }
    },
    {
      "type": "Feature",
      "geometry": {
        "type": "Point",
        "coordinates": [
          75.2815953,
          27.335685
        ]
      },
      "properties": {
        "name": "Danta Ramgarh Tehsil Solar Plant",
        "type": "solar",
        "capacity_mw": 0,
        "operator": "Unknown",
        "state": "Rajasthan",
        "osm_id": "way/1463166142"
      }
    },
    {
      "type": "Feature",
      "geometry": {
        "type": "Point",
        "coordinates": [
          80.2297385,
          21.8447166
        ]
      },
      "properties": {
        "name": "Balagat Tahsil Solar Plant",
        "type": "solar",
        "capacity_mw": 0,
        "operator": "Unknown",
        "state": "Madhya Pradesh",
        "osm_id": "way/1463166923"
      }
    },
    {
      "type": "Feature",
      "geometry": {
        "type": "Point",
        "coordinates": [
          78.9833146,
          22.2949012
        ]
      },
      "properties": {
        "name": "Parasia Tahsil Solar Plant",
        "type": "solar",
        "capacity_mw": 0,
        "operator": "Unknown",
        "state": "Madhya Pradesh",
        "osm_id": "way/1463167155"
      }
    },
    {
      "type": "Feature",
      "geometry": {
        "type": "Point",
        "coordinates": [
          84.094221,
          21.8954195
        ]
      },
      "properties": {
        "name": "Laikera Solar Plant",
        "type": "solar",
        "capacity_mw": 0,
        "operator": "Unknown",
        "state": "Odisha",
        "osm_id": "way/1463167323"
      }
    },
    {
      "type": "Feature",
      "geometry": {
        "type": "Point",
        "coordinates": [
          77.3843425,
          16.7699719
        ]
      },
      "properties": {
        "name": "Gurumitkal taluku Solar Plant",
        "type": "solar",
        "capacity_mw": 0,
        "operator": "Unknown",
        "state": "Karnataka",
        "osm_id": "way/1463167598"
      }
    },
    {
      "type": "Feature",
      "geometry": {
        "type": "Point",
        "coordinates": [
          76.4363748,
          9.2246186
        ]
      },
      "properties": {
        "name": "Karthikappally Solar Plant",
        "type": "solar",
        "capacity_mw": 0,
        "operator": "Unknown",
        "state": "Unknown",
        "osm_id": "way/1463168767"
      }
    },
    {
      "type": "Feature",
      "geometry": {
        "type": "Point",
        "coordinates": [
          76.4338481,
          9.2340703
        ]
      },
      "properties": {
        "name": "Karthikappally Solar Plant",
        "type": "solar",
        "capacity_mw": 0,
        "operator": "Unknown",
        "state": "Kerala",
        "osm_id": "way/1463168768"
      }
    },
    {
      "type": "Feature",
      "geometry": {
        "type": "Point",
        "coordinates": [
          77.7387147,
          34.475218
        ]
      },
      "properties": {
        "name": "Leh Hydro Plant",
        "type": "hydro",
        "capacity_mw": 0,
        "operator": "Unknown",
        "state": "Jammu and Kashmir",
        "osm_id": "way/1463212821"
      }
    },
    {
      "type": "Feature",
      "geometry": {
        "type": "Point",
        "coordinates": [
          75.8052522,
          33.1819395
        ]
      },
      "properties": {
        "name": "Rattle Hydroelectric Project",
        "type": "hydro",
        "capacity_mw": 0,
        "operator": "Unknown",
        "state": "Jammu and Kashmir",
        "osm_id": "way/1463213672"
      }
    },
    {
      "type": "Feature",
      "geometry": {
        "type": "Point",
        "coordinates": [
          75.785,
          20.275
        ]
      },
      "properties": {
        "name": "Palampur Hydro Plant",
        "type": "hydro",
        "capacity_mw": 50.0,
        "operator": "Unknown",
        "state": "Himachal Pradesh",
        "osm_id": "way/1463217352"
      }
    },
    {
      "type": "Feature",
      "geometry": {
        "type": "Point",
        "coordinates": [
          76.03022,
          32.4330515
        ]
      },
      "properties": {
        "name": "Bhattiyat Hydro Plant",
        "type": "hydro",
        "capacity_mw": 0,
        "operator": "Unknown",
        "state": "Himachal Pradesh",
        "osm_id": "way/1463217363"
      }
    },
    {
      "type": "Feature",
      "geometry": {
        "type": "Point",
        "coordinates": [
          76.4605294,
          32.4600041
        ]
      },
      "properties": {
        "name": "Brahmaur Hydro Plant",
        "type": "hydro",
        "capacity_mw": 0,
        "operator": "Unknown",
        "state": "Himachal Pradesh",
        "osm_id": "way/1463217364"
      }
    },
    {
      "type": "Feature",
      "geometry": {
        "type": "Point",
        "coordinates": [
          76.0008524,
          32.6708548
        ]
      },
      "properties": {
        "name": "Bhalai Hydro Plant",
        "type": "hydro",
        "capacity_mw": 0,
        "operator": "Unknown",
        "state": "Himachal Pradesh",
        "osm_id": "way/1463217365"
      }
    },
    {
      "type": "Feature",
      "geometry": {
        "type": "Point",
        "coordinates": [
          75.729303,
          32.9498312
        ]
      },
      "properties": {
        "name": "Bhaderwah Hydro Plant",
        "type": "hydro",
        "capacity_mw": 0,
        "operator": "Unknown",
        "state": "Jammu and Kashmir",
        "osm_id": "way/1463217366"
      }
    },
    {
      "type": "Feature",
      "geometry": {
        "type": "Point",
        "coordinates": [
          75.8602913,
          33.1330412
        ]
      },
      "properties": {
        "name": "Bounjwah Hydro Plant",
        "type": "hydro",
        "capacity_mw": 0,
        "operator": "Unknown",
        "state": "Jammu and Kashmir",
        "osm_id": "way/1463217368"
      }
    },
    {
      "type": "Feature",
      "geometry": {
        "type": "Point",
        "coordinates": [
          78.1421565,
          31.5215909
        ]
      },
      "properties": {
        "name": "Sangla Hydro Plant",
        "type": "hydro",
        "capacity_mw": 0,
        "operator": "Unknown",
        "state": "Himachal Pradesh",
        "osm_id": "way/1463419118"
      }
    },
    {
      "type": "Feature",
      "geometry": {
        "type": "Point",
        "coordinates": [
          75.5898722,
          31.854996
        ]
      },
      "properties": {
        "name": "Dasua Tahsil Hydro Plant",
        "type": "hydro",
        "capacity_mw": 0,
        "operator": "Unknown",
        "state": "Punjab",
        "osm_id": "way/1463419301"
      }
    },
    {
      "type": "Feature",
      "geometry": {
        "type": "Point",
        "coordinates": [
          77.3827654,
          31.773091
        ]
      },
      "properties": {
        "name": "Sainj Hydro Plant",
        "type": "hydro",
        "capacity_mw": 0,
        "operator": "Unknown",
        "state": "Himachal Pradesh",
        "osm_id": "way/1463419309"
      }
    },
    {
      "type": "Feature",
      "geometry": {
        "type": "Point",
        "coordinates": [
          75.1053909,
          30.6439611
        ]
      },
      "properties": {
        "name": "Bagha Purana Tahsil Hydro Plant",
        "type": "hydro",
        "capacity_mw": 0,
        "operator": "Unknown",
        "state": "Punjab",
        "osm_id": "way/1463420133"
      }
    },
    {
      "type": "Feature",
      "geometry": {
        "type": "Point",
        "coordinates": [
          75.4499267,
          31.8171259
        ]
      },
      "properties": {
        "name": "Gurdaspur Tahsil Hydro Plant",
        "type": "hydro",
        "capacity_mw": 0,
        "operator": "Unknown",
        "state": "Punjab",
        "osm_id": "way/1463420134"
      }
    },
    {
      "type": "Feature",
      "geometry": {
        "type": "Point",
        "coordinates": [
          74.8492232,
          31.0284866
        ]
      },
      "properties": {
        "name": "Zira Tahsil Hydro Plant",
        "type": "hydro",
        "capacity_mw": 0,
        "operator": "Unknown",
        "state": "Punjab",
        "osm_id": "way/1463420135"
      }
    },
    {
      "type": "Feature",
      "geometry": {
        "type": "Point",
        "coordinates": [
          75.877849,
          30.4144088
        ]
      },
      "properties": {
        "name": "Dhuri Tahsil Hydro Plant",
        "type": "hydro",
        "capacity_mw": 0,
        "operator": "Unknown",
        "state": "Punjab",
        "osm_id": "way/1463424770"
      }
    },
    {
      "type": "Feature",
      "geometry": {
        "type": "Point",
        "coordinates": [
          77.4194245,
          30.7268835
        ]
      },
      "properties": {
        "name": "Renuka Hydro Plant",
        "type": "hydro",
        "capacity_mw": 0,
        "operator": "Unknown",
        "state": "Himachal Pradesh",
        "osm_id": "way/1463425948"
      }
    },
    {
      "type": "Feature",
      "geometry": {
        "type": "Point",
        "coordinates": [
          75.9810946,
          30.7820548
        ]
      },
      "properties": {
        "name": "Payal Tahsil Hydro Plant",
        "type": "hydro",
        "capacity_mw": 0,
        "operator": "Unknown",
        "state": "Punjab",
        "osm_id": "way/1463425949"
      }
    },
    {
      "type": "Feature",
      "geometry": {
        "type": "Point",
        "coordinates": [
          92.3337311,
          27.2222455
        ]
      },
      "properties": {
        "name": "Rupa SDO Hydro Plant",
        "type": "hydro",
        "capacity_mw": 0,
        "operator": "Unknown",
        "state": "Arunachal Pradesh",
        "osm_id": "way/1463428140"
      }
    },
    {
      "type": "Feature",
      "geometry": {
        "type": "Point",
        "coordinates": [
          91.8601415,
          27.5477766
        ]
      },
      "properties": {
        "name": "Mukto Circle Hydro Plant",
        "type": "hydro",
        "capacity_mw": 0,
        "operator": "Unknown",
        "state": "Arunachal Pradesh",
        "osm_id": "way/1463428143"
      }
    },
    {
      "type": "Feature",
      "geometry": {
        "type": "Point",
        "coordinates": [
          92.1226405,
          27.4294887
        ]
      },
      "properties": {
        "name": "Dirang ADC Hydro Plant",
        "type": "hydro",
        "capacity_mw": 0,
        "operator": "Unknown",
        "state": "Arunachal Pradesh",
        "osm_id": "way/1463428144"
      }
    },
    {
      "type": "Feature",
      "geometry": {
        "type": "Point",
        "coordinates": [
          91.7257279,
          27.7073294
        ]
      },
      "properties": {
        "name": "Zemithang Circle Hydro Plant",
        "type": "hydro",
        "capacity_mw": 0,
        "operator": "Unknown",
        "state": "Arunachal Pradesh",
        "osm_id": "way/1463428145"
      }
    },
    {
      "type": "Feature",
      "geometry": {
        "type": "Point",
        "coordinates": [
          94.6556724,
          28.2964964
        ]
      },
      "properties": {
        "name": "Kamba ADC Hydro Plant",
        "type": "hydro",
        "capacity_mw": 6,
        "operator": "Dept. of Hydro Power Dev (DHPD)",
        "state": "Arunachal Pradesh",
        "osm_id": "way/1463428146"
      }
    },
    {
      "type": "Feature",
      "geometry": {
        "type": "Point",
        "coordinates": [
          79.0475321,
          30.4098358
        ]
      },
      "properties": {
        "name": "Singoli Bhatwari hydro power station",
        "type": "hydro",
        "capacity_mw": 99.0,
        "operator": "Unknown",
        "state": "Uttarakhand",
        "osm_id": "way/1463428147"
      }
    },
    {
      "type": "Feature",
      "geometry": {
        "type": "Point",
        "coordinates": [
          79.0914157,
          30.5305197
        ]
      },
      "properties": {
        "name": "Ukhimath Hydro Plant",
        "type": "hydro",
        "capacity_mw": 0,
        "operator": "Unknown",
        "state": "Uttarakhand",
        "osm_id": "way/1463428149"
      }
    },
    {
      "type": "Feature",
      "geometry": {
        "type": "Point",
        "coordinates": [
          79.9157658,
          29.9899696
        ]
      },
      "properties": {
        "name": "Kapkot Hydro Plant",
        "type": "hydro",
        "capacity_mw": 0,
        "operator": "Unknown",
        "state": "Uttarakhand",
        "osm_id": "way/1463428150"
      }
    },
    {
      "type": "Feature",
      "geometry": {
        "type": "Point",
        "coordinates": [
          74.3681582,
          29.3230435
        ]
      },
      "properties": {
        "name": "Hanumangarh Tehsil Hydro Plant",
        "type": "hydro",
        "capacity_mw": 0,
        "operator": "Unknown",
        "state": "Rajasthan",
        "osm_id": "way/1463428151"
      }
    },
    {
      "type": "Feature",
      "geometry": {
        "type": "Point",
        "coordinates": [
          88.0877888,
          27.0791107
        ]
      },
      "properties": {
        "name": "Darjeeling Pulbazar Hydro Plant",
        "type": "hydro",
        "capacity_mw": 0,
        "operator": "Unknown",
        "state": "West Bengal",
        "osm_id": "way/1463429343"
      }
    },
    {
      "type": "Feature",
      "geometry": {
        "type": "Point",
        "coordinates": [
          88.5366675,
          27.1795353
        ]
      },
      "properties": {
        "name": "Pakyong subdivision Hydro Plant",
        "type": "hydro",
        "capacity_mw": 0,
        "operator": "Unknown",
        "state": "West Bengal",
        "osm_id": "way/1463429346"
      }
    },
    {
      "type": "Feature",
      "geometry": {
        "type": "Point",
        "coordinates": [
          88.8789734,
          27.0614403
        ]
      },
      "properties": {
        "name": "Gorubathan Hydro Plant",
        "type": "hydro",
        "capacity_mw": 0,
        "operator": "Unknown",
        "state": "Unknown",
        "osm_id": "way/1463429347"
      }
    },
    {
      "type": "Feature",
      "geometry": {
        "type": "Point",
        "coordinates": [
          88.7620867,
          26.9689071
        ]
      },
      "properties": {
        "name": "Matiali Hydro Plant",
        "type": "hydro",
        "capacity_mw": 0,
        "operator": "Unknown",
        "state": "West Bengal",
        "osm_id": "way/1463429348"
      }
    },
    {
      "type": "Feature",
      "geometry": {
        "type": "Point",
        "coordinates": [
          95.9065435,
          27.1763391
        ]
      },
      "properties": {
        "name": "Manmao EAC Hydro Plant",
        "type": "hydro",
        "capacity_mw": 0,
        "operator": "Unknown",
        "state": "Arunachal Pradesh",
        "osm_id": "way/1463429349"
      }
    },
    {
      "type": "Feature",
      "geometry": {
        "type": "Point",
        "coordinates": [
          93.3923131,
          27.7450573
        ]
      },
      "properties": {
        "name": "Nyapin ADC Hydro Plant",
        "type": "hydro",
        "capacity_mw": 0,
        "operator": "Unknown",
        "state": "Arunachal Pradesh",
        "osm_id": "way/1463429350"
      }
    },
    {
      "type": "Feature",
      "geometry": {
        "type": "Point",
        "coordinates": [
          75.169668,
          32.956986
        ]
      },
      "properties": {
        "name": "Udhampur Hydro Plant",
        "type": "hydro",
        "capacity_mw": 0,
        "operator": "Unknown",
        "state": "Jammu and Kashmir",
        "osm_id": "way/1463530435"
      }
    },
    {
      "type": "Feature",
      "geometry": {
        "type": "Point",
        "coordinates": [
          77.7142127,
          33.9594917
        ]
      },
      "properties": {
        "name": "STAKNA",
        "type": "hydro",
        "capacity_mw": 4.0,
        "operator": "Unknown",
        "state": "Jammu and Kashmir",
        "osm_id": "way/1463530436"
      }
    },
    {
      "type": "Feature",
      "geometry": {
        "type": "Point",
        "coordinates": [
          76.129758,
          34.5604639
        ]
      },
      "properties": {
        "name": "Kargil Tehsil Hydro Plant",
        "type": "hydro",
        "capacity_mw": 0,
        "operator": "Unknown",
        "state": "Jammu and Kashmir",
        "osm_id": "way/1463530437"
      }
    },
    {
      "type": "Feature",
      "geometry": {
        "type": "Point",
        "coordinates": [
          78.0214169,
          31.621434
        ]
      },
      "properties": {
        "name": "SANJAY BHABA",
        "type": "hydro",
        "capacity_mw": 120.0,
        "operator": "Unknown",
        "state": "Himachal Pradesh",
        "osm_id": "way/1463648020"
      }
    },
    {
      "type": "Feature",
      "geometry": {
        "type": "Point",
        "coordinates": [
          76.7817441,
          32.6589258
        ]
      },
      "properties": {
        "name": "Udaipur Hydro Plant",
        "type": "hydro",
        "capacity_mw": 0,
        "operator": "Unknown",
        "state": "Himachal Pradesh",
        "osm_id": "way/1463648022"
      }
    },
    {
      "type": "Feature",
      "geometry": {
        "type": "Point",
        "coordinates": [
          73.0574017,
          19.9213963
        ]
      },
      "properties": {
        "name": "SURYA",
        "type": "hydro",
        "capacity_mw": 6.0,
        "operator": "Unknown",
        "state": "Maharashtra",
        "osm_id": "way/1463910400"
      }
    },
    {
      "type": "Feature",
      "geometry": {
        "type": "Point",
        "coordinates": [
          73.3557639,
          18.7818379
        ]
      },
      "properties": {
        "name": "KHOPOLI",
        "type": "hydro",
        "capacity_mw": 72.0,
        "operator": "Unknown",
        "state": "Maharashtra",
        "osm_id": "way/1463910401"
      }
    },
    {
      "type": "Feature",
      "geometry": {
        "type": "Point",
        "coordinates": [
          73.7256258,
          18.1014025
        ]
      },
      "properties": {
        "name": "BHATGARH",
        "type": "hydro",
        "capacity_mw": 16.0,
        "operator": "Unknown",
        "state": "Maharashtra",
        "osm_id": "way/1463910402"
      }
    },
    {
      "type": "Feature",
      "geometry": {
        "type": "Point",
        "coordinates": [
          73.8088239,
          19.5554606
        ]
      },
      "properties": {
        "name": "BHANDARDHARA",
        "type": "hydro",
        "capacity_mw": 34.0,
        "operator": "Unknown",
        "state": "Maharashtra",
        "osm_id": "way/1463910404"
      }
    },
    {
      "type": "Feature",
      "geometry": {
        "type": "Point",
        "coordinates": [
          77.5906044,
          10.0537719
        ]
      },
      "properties": {
        "name": "VAIGAI DAM",
        "type": "hydro",
        "capacity_mw": 13.5,
        "operator": "Unknown",
        "state": "Tamil Nadu",
        "osm_id": "way/1463910405"
      }
    },
    {
      "type": "Feature",
      "geometry": {
        "type": "Point",
        "coordinates": [
          76.8805432,
          10.3556277
        ]
      },
      "properties": {
        "name": "SHOLAYAR I&II",
        "type": "hydro",
        "capacity_mw": 70.0,
        "operator": "Unknown",
        "state": "Tamil Nadu",
        "osm_id": "way/1463910406"
      }
    },
    {
      "type": "Feature",
      "geometry": {
        "type": "Point",
        "coordinates": [
          77.3048285,
          8.6893925
        ]
      },
      "properties": {
        "name": "Servalar",
        "type": "hydro",
        "capacity_mw": 20.0,
        "operator": "Unknown",
        "state": "Tamil Nadu",
        "osm_id": "way/1463910407"
      }
    },
    {
      "type": "Feature",
      "geometry": {
        "type": "Point",
        "coordinates": [
          77.3626488,
          8.7065826
        ]
      },
      "properties": {
        "name": "PAPANASAM",
        "type": "hydro",
        "capacity_mw": 32.0,
        "operator": "Unknown",
        "state": "Tamil Nadu",
        "osm_id": "way/1463910408"
      }
    },
    {
      "type": "Feature",
      "geometry": {
        "type": "Point",
        "coordinates": [
          76.5235023,
          11.2299502
        ]
      },
      "properties": {
        "name": "KUNDAH V/Avalanchi",
        "type": "hydro",
        "capacity_mw": 0,
        "operator": "Unknown",
        "state": "Tamil Nadu",
        "osm_id": "way/1463910409"
      }
    },
    {
      "type": "Feature",
      "geometry": {
        "type": "Point",
        "coordinates": [
          76.6801983,
          11.250478
        ]
      },
      "properties": {
        "name": "KUNDAH II/Geddai",
        "type": "hydro",
        "capacity_mw": 555.0,
        "operator": "Unknown",
        "state": "Tamil Nadu",
        "osm_id": "way/1463910410"
      }
    },
    {
      "type": "Feature",
      "geometry": {
        "type": "Point",
        "coordinates": [
          76.037529,
          11.4643975
        ]
      },
      "properties": {
        "name": "CHEMBUKADAVU-II",
        "type": "hydro",
        "capacity_mw": 3.75,
        "operator": "Unknown",
        "state": "Kerala",
        "osm_id": "way/1463910411"
      }
    },
    {
      "type": "Feature",
      "geometry": {
        "type": "Point",
        "coordinates": [
          88.5592393,
          27.2591265
        ]
      },
      "properties": {
        "name": "U.ROGNICHU",
        "type": "hydro",
        "capacity_mw": 8.0,
        "operator": "Unknown",
        "state": "Sikkim",
        "osm_id": "way/1463999928"
      }
    },
    {
      "type": "Feature",
      "geometry": {
        "type": "Point",
        "coordinates": [
          88.315342,
          26.4870525
        ]
      },
      "properties": {
        "name": "TEESTA I-III",
        "type": "hydro",
        "capacity_mw": 67.5,
        "operator": "Unknown",
        "state": "West Bengal",
        "osm_id": "way/1463999929"
      }
    },
    {
      "type": "Feature",
      "geometry": {
        "type": "Point",
        "coordinates": [
          88.1375197,
          27.1139477
        ]
      },
      "properties": {
        "name": "RAMMAM",
        "type": "hydro",
        "capacity_mw": 50.0,
        "operator": "Unknown",
        "state": "West Bengal",
        "osm_id": "way/1463999930"
      }
    },
    {
      "type": "Feature",
      "geometry": {
        "type": "Point",
        "coordinates": [
          88.5033971,
          27.3867318
        ]
      },
      "properties": {
        "name": "DIKCHU",
        "type": "hydro",
        "capacity_mw": 96.0,
        "operator": "Unknown",
        "state": "Sikkim",
        "osm_id": "way/1463999931"
      }
    },
    {
      "type": "Feature",
      "geometry": {
        "type": "Point",
        "coordinates": [
          88.7099822,
          27.2379051
        ]
      },
      "properties": {
        "name": "CHUZACHEN",
        "type": "hydro",
        "capacity_mw": 110.0,
        "operator": "Unknown",
        "state": "Sikkim",
        "osm_id": "way/1463999932"
      }
    },
    {
      "type": "Feature",
      "geometry": {
        "type": "Point",
        "coordinates": [
          77.2069976,
          32.225732
        ]
      },
      "properties": {
        "name": "ALLAIN DUHANGAN",
        "type": "hydro",
        "capacity_mw": 192.0,
        "operator": "Unknown",
        "state": "Himachal Pradesh",
        "osm_id": "way/1463999933"
      }
    },
    {
      "type": "Feature",
      "geometry": {
        "type": "Point",
        "coordinates": [
          93.8116094,
          27.2387112
        ]
      },
      "properties": {
        "name": "PARE",
        "type": "hydro",
        "capacity_mw": 110.0,
        "operator": "Unknown",
        "state": "Arunachal Pradesh",
        "osm_id": "way/1463999934"
      }
    },
    {
      "type": "Feature",
      "geometry": {
        "type": "Point",
        "coordinates": [
          76.732193,
          19.7199088
        ]
      },
      "properties": {
        "name": "ELDARI",
        "type": "hydro",
        "capacity_mw": 22.5,
        "operator": "Unknown",
        "state": "Maharashtra",
        "osm_id": "way/1464112496"
      }
    },
    {
      "type": "Feature",
      "geometry": {
        "type": "Point",
        "coordinates": [
          77.9636246,
          22.5616833
        ]
      },
      "properties": {
        "name": "TAWA",
        "type": "hydro",
        "capacity_mw": 13.5,
        "operator": "Unknown",
        "state": "Madhya Pradesh",
        "osm_id": "way/1464112497"
      }
    },
    {
      "type": "Feature",
      "geometry": {
        "type": "Point",
        "coordinates": [
          85.5198271,
          24.3247888
        ]
      },
      "properties": {
        "name": "TILLAYA",
        "type": "hydro",
        "capacity_mw": 4.0,
        "operator": "Unknown",
        "state": "Jharkhand",
        "osm_id": "way/1464112499"
      }
    },
    {
      "type": "Feature",
      "geometry": {
        "type": "Point",
        "coordinates": [
          72.8763301,
          18.6982206
        ]
      },
      "properties": {
        "name": "Alibag Taluka Solar Plant",
        "type": "solar",
        "capacity_mw": 0,
        "operator": "Unknown",
        "state": "Maharashtra",
        "osm_id": "way/1464335516"
      }
    },
    {
      "type": "Feature",
      "geometry": {
        "type": "Point",
        "coordinates": [
          73.8700443,
          17.0045421
        ]
      },
      "properties": {
        "name": "Kadavi Hydroelectric ProjectKadavi Hydroelectric ProjectKadavi Hydroelectric ProjectKadavi Hydroelectric ProjectKadavi Hydroelectric ProjectKadavi Hydroelectric Project",
        "type": "hydro",
        "capacity_mw": 0,
        "operator": "Unknown",
        "state": "Maharashtra",
        "osm_id": "way/1465024213"
      }
    },
    {
      "type": "Feature",
      "geometry": {
        "type": "Point",
        "coordinates": [
          76.1471428,
          31.5310349
        ]
      },
      "properties": {
        "name": "Una Solar Plant",
        "type": "solar",
        "capacity_mw": 0,
        "operator": "Unknown",
        "state": "Himachal Pradesh",
        "osm_id": "way/1466202638"
      }
    },
    {
      "type": "Feature",
      "geometry": {
        "type": "Point",
        "coordinates": [
          79.342449,
          30.3324073
        ]
      },
      "properties": {
        "name": "Chamoli Tehsil Solar Plant",
        "type": "solar",
        "capacity_mw": 0,
        "operator": "Unknown",
        "state": "Uttarakhand",
        "osm_id": "way/1466828538"
      }
    },
    {
      "type": "Feature",
      "geometry": {
        "type": "Point",
        "coordinates": [
          74.2673448,
          28.2033622
        ]
      },
      "properties": {
        "name": "Sri Dungargarh Tehsil Solar Plant",
        "type": "solar",
        "capacity_mw": 0,
        "operator": "Unknown",
        "state": "Rajasthan",
        "osm_id": "way/1466828539"
      }
    },
    {
      "type": "Feature",
      "geometry": {
        "type": "Point",
        "coordinates": [
          75.3711006,
          28.3061789
        ]
      },
      "properties": {
        "name": "Malesar Tehsil Solar Plant",
        "type": "solar",
        "capacity_mw": 0,
        "operator": "Unknown",
        "state": "Rajasthan",
        "osm_id": "way/1466828540"
      }
    },
    {
      "type": "Feature",
      "geometry": {
        "type": "Point",
        "coordinates": [
          74.2240848,
          28.3937411
        ]
      },
      "properties": {
        "name": "Sardarshahar Tehsil Solar Plant",
        "type": "solar",
        "capacity_mw": 0,
        "operator": "Unknown",
        "state": "Rajasthan",
        "osm_id": "way/1466828541"
      }
    },
    {
      "type": "Feature",
      "geometry": {
        "type": "Point",
        "coordinates": [
          79.786659,
          16.8201403
        ]
      },
      "properties": {
        "name": "Mattampalli mandal Hydro Plant",
        "type": "hydro",
        "capacity_mw": 0,
        "operator": "Unknown",
        "state": "Telangana",
        "osm_id": "way/1466867892"
      }
    },
    {
      "type": "Feature",
      "geometry": {
        "type": "Point",
        "coordinates": [
          76.6860815,
          15.0767988
        ]
      },
      "properties": {
        "name": "MCR",
        "type": "unknown",
        "capacity_mw": 0,
        "operator": "Unknown",
        "state": "Karnataka",
        "osm_id": "way/1467104343"
      }
    },
    {
      "type": "Feature",
      "geometry": {
        "type": "Point",
        "coordinates": [
          92.4915103,
          25.9819444
        ]
      },
      "properties": {
        "name": "Donka Hydro Plant",
        "type": "hydro",
        "capacity_mw": 0,
        "operator": "Unknown",
        "state": "Assam",
        "osm_id": "way/1467145295"
      }
    },
    {
      "type": "Feature",
      "geometry": {
        "type": "Point",
        "coordinates": [
          74.0366332,
          15.1825738
        ]
      },
      "properties": {
        "name": "Salcete Solar Plant",
        "type": "solar",
        "capacity_mw": 0,
        "operator": "Unknown",
        "state": "Goa",
        "osm_id": "way/1467383588"
      }
    },
    {
      "type": "Feature",
      "geometry": {
        "type": "Point",
        "coordinates": [
          75.2982478,
          17.853114
        ]
      },
      "properties": {
        "name": "Pandharpur Solar Plant",
        "type": "solar",
        "capacity_mw": 0,
        "operator": "Unknown",
        "state": "Maharashtra",
        "osm_id": "way/1467558609"
      }
    },
    {
      "type": "Feature",
      "geometry": {
        "type": "Point",
        "coordinates": [
          74.6367667,
          18.0169874
        ]
      },
      "properties": {
        "name": "Phaltan Solar Plant",
        "type": "solar",
        "capacity_mw": 0,
        "operator": "Unknown",
        "state": "Maharashtra",
        "osm_id": "way/1467558635"
      }
    },
    {
      "type": "Feature",
      "geometry": {
        "type": "Point",
        "coordinates": [
          73.3606964,
          17.4806497
        ]
      },
      "properties": {
        "name": "Chiplun Taluka Solar Plant",
        "type": "solar",
        "capacity_mw": 0,
        "operator": "Unknown",
        "state": "Maharashtra",
        "osm_id": "way/1467562858"
      }
    },
    {
      "type": "Feature",
      "geometry": {
        "type": "Point",
        "coordinates": [
          73.8754218,
          20.0309807
        ]
      },
      "properties": {
        "name": "Nashik Subdistrict Solar Plant",
        "type": "solar",
        "capacity_mw": 0,
        "operator": "Unknown",
        "state": "Maharashtra",
        "osm_id": "way/1467597164"
      }
    },
    {
      "type": "Feature",
      "geometry": {
        "type": "Point",
        "coordinates": [
          72.8980141,
          21.2350698
        ]
      },
      "properties": {
        "name": "Puna Taluka Solar Plant",
        "type": "solar",
        "capacity_mw": 0,
        "operator": "Unknown",
        "state": "Gujarat",
        "osm_id": "way/1467603764"
      }
    },
    {
      "type": "Feature",
      "geometry": {
        "type": "Point",
        "coordinates": [
          78.5145664,
          21.1191175
        ]
      },
      "properties": {
        "name": "Karanja Solar Plant",
        "type": "solar",
        "capacity_mw": 0,
        "operator": "Unknown",
        "state": "Maharashtra",
        "osm_id": "way/1467608813"
      }
    },
    {
      "type": "Feature",
      "geometry": {
        "type": "Point",
        "coordinates": [
          73.1931013,
          21.7990429
        ]
      },
      "properties": {
        "name": "Jhagadiya Taluka Solar Plant",
        "type": "solar",
        "capacity_mw": 0,
        "operator": "Unknown",
        "state": "Gujarat",
        "osm_id": "way/1467608881"
      }
    },
    {
      "type": "Feature",
      "geometry": {
        "type": "Point",
        "coordinates": [
          79.1954801,
          21.4594966
        ]
      },
      "properties": {
        "name": "Parseoni Hydro Plant",
        "type": "hydro",
        "capacity_mw": 0,
        "operator": "Unknown",
        "state": "Maharashtra",
        "osm_id": "way/1467621655"
      }
    },
    {
      "type": "Feature",
      "geometry": {
        "type": "Point",
        "coordinates": [
          75.8521575,
          24.3794295
        ]
      },
      "properties": {
        "name": "Pachpahar Tehsil Solar Plant",
        "type": "solar",
        "capacity_mw": 0,
        "operator": "Unknown",
        "state": "Rajasthan",
        "osm_id": "way/1467633248"
      }
    },
    {
      "type": "Feature",
      "geometry": {
        "type": "Point",
        "coordinates": [
          90.2056128,
          25.5636877
        ]
      },
      "properties": {
        "name": "Rongram Hydro Plant",
        "type": "hydro",
        "capacity_mw": 0,
        "operator": "Unknown",
        "state": "Meghalaya",
        "osm_id": "way/1467892498"
      }
    },
    {
      "type": "Feature",
      "geometry": {
        "type": "Point",
        "coordinates": [
          93.7604758,
          27.4295185
        ]
      },
      "properties": {
        "name": "Yazali Circle Hydro Plant",
        "type": "hydro",
        "capacity_mw": 0,
        "operator": "Unknown",
        "state": "Arunachal Pradesh",
        "osm_id": "way/1467892501"
      }
    },
    {
      "type": "Feature",
      "geometry": {
        "type": "Point",
        "coordinates": [
          92.4447249,
          23.7648048
        ]
      },
      "properties": {
        "name": "Zawlnuam Hydro Plant",
        "type": "hydro",
        "capacity_mw": 0,
        "operator": "Unknown",
        "state": "Mizoram",
        "osm_id": "way/1467894235"
      }
    },
    {
      "type": "Feature",
      "geometry": {
        "type": "Point",
        "coordinates": [
          92.7843281,
          22.9181656
        ]
      },
      "properties": {
        "name": "Lunglei Solar Plant",
        "type": "solar",
        "capacity_mw": 0,
        "operator": "Unknown",
        "state": "Mizoram",
        "osm_id": "way/1467894237"
      }
    },
    {
      "type": "Feature",
      "geometry": {
        "type": "Point",
        "coordinates": [
          74.1919573,
          33.7436499
        ]
      },
      "properties": {
        "name": "Surankote tehsil Hydro Plant",
        "type": "hydro",
        "capacity_mw": 0,
        "operator": "Unknown",
        "state": "Jammu and Kashmir",
        "osm_id": "way/1468062508"
      }
    },
    {
      "type": "Feature",
      "geometry": {
        "type": "Point",
        "coordinates": [
          74.6551185,
          33.8667186
        ]
      },
      "properties": {
        "name": "Khansahib Tehsil Hydro Plant",
        "type": "hydro",
        "capacity_mw": 0,
        "operator": "Unknown",
        "state": "Jammu and Kashmir",
        "osm_id": "way/1468062521"
      }
    },
    {
      "type": "Feature",
      "geometry": {
        "type": "Point",
        "coordinates": [
          76.0156569,
          34.4157134
        ]
      },
      "properties": {
        "name": "Sankoo tehsil Solar Plant",
        "type": "solar",
        "capacity_mw": 0,
        "operator": "Unknown",
        "state": "Jammu and Kashmir",
        "osm_id": "way/1468062527"
      }
    },
    {
      "type": "Feature",
      "geometry": {
        "type": "Point",
        "coordinates": [
          76.2990738,
          34.5914631
        ]
      },
      "properties": {
        "name": "Kargil Tehsil Solar Plant",
        "type": "solar",
        "capacity_mw": 0,
        "operator": "Unknown",
        "state": "Jammu and Kashmir",
        "osm_id": "way/1468062528"
      }
    },
    {
      "type": "Feature",
      "geometry": {
        "type": "Point",
        "coordinates": [
          71.1888367,
          21.6126955
        ]
      },
      "properties": {
        "name": "Amreli Taluka Solar Plant",
        "type": "solar",
        "capacity_mw": 0,
        "operator": "Unknown",
        "state": "Gujarat",
        "osm_id": "way/1468068750"
      }
    },
    {
      "type": "Feature",
      "geometry": {
        "type": "Point",
        "coordinates": [
          82.3916311,
          17.2818993
        ]
      },
      "properties": {
        "name": "Thondangi Solar Plant",
        "type": "solar",
        "capacity_mw": 0,
        "operator": "Unknown",
        "state": "Andhra Pradesh",
        "osm_id": "way/1468089876"
      }
    },
    {
      "type": "Feature",
      "geometry": {
        "type": "Point",
        "coordinates": [
          82.0899027,
          17.3033359
        ]
      },
      "properties": {
        "name": "Yeleswaram Hydro Plant",
        "type": "hydro",
        "capacity_mw": 0,
        "operator": "Unknown",
        "state": "Andhra Pradesh",
        "osm_id": "way/1468089880"
      }
    },
    {
      "type": "Feature",
      "geometry": {
        "type": "Point",
        "coordinates": [
          77.2439195,
          9.6491408
        ]
      },
      "properties": {
        "name": "Uthamapalayam Hydro Plant",
        "type": "hydro",
        "capacity_mw": 0,
        "operator": "Unknown",
        "state": "Tamil Nadu",
        "osm_id": "way/1468094721"
      }
    },
    {
      "type": "Feature",
      "geometry": {
        "type": "Point",
        "coordinates": [
          76.1944623,
          10.6093286
        ]
      },
      "properties": {
        "name": "Thrissur Solar Plant",
        "type": "solar",
        "capacity_mw": 0,
        "operator": "Unknown",
        "state": "Kerala",
        "osm_id": "way/1468094726"
      }
    },
    {
      "type": "Feature",
      "geometry": {
        "type": "Point",
        "coordinates": [
          76.2076869,
          10.9368676
        ]
      },
      "properties": {
        "name": "Perinthalmanna Solar Plant",
        "type": "solar",
        "capacity_mw": 0,
        "operator": "Unknown",
        "state": "Kerala",
        "osm_id": "way/1468094727"
      }
    },
    {
      "type": "Feature",
      "geometry": {
        "type": "Point",
        "coordinates": [
          94.7425036,
          26.9188724
        ]
      },
      "properties": {
        "name": "Nazira Solar Plant",
        "type": "solar",
        "capacity_mw": 0,
        "operator": "Unknown",
        "state": "Assam",
        "osm_id": "way/1468414205"
      }
    },
    {
      "type": "Feature",
      "geometry": {
        "type": "Point",
        "coordinates": [
          92.9769113,
          24.9133527
        ]
      },
      "properties": {
        "name": "Udarbond Solar Plant",
        "type": "solar",
        "capacity_mw": 0,
        "operator": "Unknown",
        "state": "Assam",
        "osm_id": "way/1468423560"
      }
    },
    {
      "type": "Feature",
      "geometry": {
        "type": "Point",
        "coordinates": [
          92.8045901,
          25.6981101
        ]
      },
      "properties": {
        "name": "Umrangso Hydro Plant",
        "type": "hydro",
        "capacity_mw": 0,
        "operator": "Unknown",
        "state": "Assam",
        "osm_id": "way/1468423574"
      }
    },
    {
      "type": "Feature",
      "geometry": {
        "type": "Point",
        "coordinates": [
          89.8533187,
          26.3220568
        ]
      },
      "properties": {
        "name": "Gossaigaon Pt Solar Plant",
        "type": "solar",
        "capacity_mw": 0,
        "operator": "Unknown",
        "state": "Assam",
        "osm_id": "way/1468695536"
      }
    },
    {
      "type": "Feature",
      "geometry": {
        "type": "Point",
        "coordinates": [
          94.8565363,
          25.787791
        ]
      },
      "properties": {
        "name": "Pungro Hydro Plant",
        "type": "hydro",
        "capacity_mw": 0,
        "operator": "Unknown",
        "state": "Nagaland",
        "osm_id": "way/1468695548"
      }
    },
    {
      "type": "Feature",
      "geometry": {
        "type": "Point",
        "coordinates": [
          92.6579417,
          27.2239126
        ]
      },
      "properties": {
        "name": "Jamiri Circle Hydro Plant",
        "type": "hydro",
        "capacity_mw": 0,
        "operator": "Unknown",
        "state": "Arunachal Pradesh",
        "osm_id": "way/1468695559"
      }
    },
    {
      "type": "Feature",
      "geometry": {
        "type": "Point",
        "coordinates": [
          93.8122907,
          25.2183669
        ]
      },
      "properties": {
        "name": "Tamenglong North Hydro Plant",
        "type": "hydro",
        "capacity_mw": 0,
        "operator": "Unknown",
        "state": "Manipur",
        "osm_id": "way/1468703519"
      }
    },
    {
      "type": "Feature",
      "geometry": {
        "type": "Point",
        "coordinates": [
          93.8042253,
          27.4865993
        ]
      },
      "properties": {
        "name": "Yachuli ADC Hydro Plant",
        "type": "hydro",
        "capacity_mw": 0,
        "operator": "Unknown",
        "state": "Arunachal Pradesh",
        "osm_id": "way/1468703521"
      }
    },
    {
      "type": "Feature",
      "geometry": {
        "type": "Point",
        "coordinates": [
          77.1443814,
          31.8866155
        ]
      },
      "properties": {
        "name": "Bhuntar Solar Plant",
        "type": "solar",
        "capacity_mw": 0,
        "operator": "Unknown",
        "state": "Himachal Pradesh",
        "osm_id": "way/1468709560"
      }
    },
    {
      "type": "Feature",
      "geometry": {
        "type": "Point",
        "coordinates": [
          75.6459761,
          32.3737547
        ]
      },
      "properties": {
        "name": "Shahpurkandi Power House No. 1",
        "type": "hydro",
        "capacity_mw": 0,
        "operator": "Unknown",
        "state": "Punjab",
        "osm_id": "way/1468709565"
      }
    },
    {
      "type": "Feature",
      "geometry": {
        "type": "Point",
        "coordinates": [
          75.132557,
          33.3916196
        ]
      },
      "properties": {
        "name": "Khari Hydro Power",
        "type": "hydro",
        "capacity_mw": 0,
        "operator": "Unknown",
        "state": "Jammu and Kashmir",
        "osm_id": "way/1468709566"
      }
    },
    {
      "type": "Feature",
      "geometry": {
        "type": "Point",
        "coordinates": [
          74.4078402,
          34.0386513
        ]
      },
      "properties": {
        "name": "Tangmarg Hydro Plant",
        "type": "hydro",
        "capacity_mw": 0,
        "operator": "Unknown",
        "state": "Jammu and Kashmir",
        "osm_id": "way/1468709567"
      }
    },
    {
      "type": "Feature",
      "geometry": {
        "type": "Point",
        "coordinates": [
          73.7920935,
          34.3758551
        ]
      },
      "properties": {
        "name": "Karnah Hydro Plant",
        "type": "hydro",
        "capacity_mw": 0,
        "operator": "Unknown",
        "state": "Jammu and Kashmir",
        "osm_id": "way/1468709568"
      }
    },
    {
      "type": "Feature",
      "geometry": {
        "type": "Point",
        "coordinates": [
          76.8429715,
          30.6999859
        ]
      },
      "properties": {
        "name": "Panchkula Solar Plant",
        "type": "solar",
        "capacity_mw": 0,
        "operator": "Unknown",
        "state": "Haryana",
        "osm_id": "way/1468713483"
      }
    },
    {
      "type": "Feature",
      "geometry": {
        "type": "Point",
        "coordinates": [
          75.578772,
          30.1892311
        ]
      },
      "properties": {
        "name": "Sangrur Tahsil Hydro Plant",
        "type": "hydro",
        "capacity_mw": 0,
        "operator": "Unknown",
        "state": "Punjab",
        "osm_id": "way/1468713485"
      }
    },
    {
      "type": "Feature",
      "geometry": {
        "type": "Point",
        "coordinates": [
          75.695906,
          30.8928348
        ]
      },
      "properties": {
        "name": "Ludhiana (West) Tahsil Hydro Plant",
        "type": "hydro",
        "capacity_mw": 0,
        "operator": "Unknown",
        "state": "Punjab",
        "osm_id": "way/1468713486"
      }
    },
    {
      "type": "Feature",
      "geometry": {
        "type": "Point",
        "coordinates": [
          75.4423522,
          30.9281909
        ]
      },
      "properties": {
        "name": "Jagraon Tahsil Hydro Plant",
        "type": "hydro",
        "capacity_mw": 0,
        "operator": "Unknown",
        "state": "Punjab",
        "osm_id": "way/1468713487"
      }
    },
    {
      "type": "Feature",
      "geometry": {
        "type": "Point",
        "coordinates": [
          77.1220922,
          31.6299026
        ]
      },
      "properties": {
        "name": "Chachyot Hydro Plant",
        "type": "hydro",
        "capacity_mw": 0,
        "operator": "Unknown",
        "state": "Himachal Pradesh",
        "osm_id": "way/1468713488"
      }
    },
    {
      "type": "Feature",
      "geometry": {
        "type": "Point",
        "coordinates": [
          77.9178567,
          31.2403283
        ]
      },
      "properties": {
        "name": "Chirgaon Hydro Plant",
        "type": "hydro",
        "capacity_mw": 0,
        "operator": "Unknown",
        "state": "Himachal Pradesh",
        "osm_id": "way/1468713489"
      }
    },
    {
      "type": "Feature",
      "geometry": {
        "type": "Point",
        "coordinates": [
          76.8733778,
          10.3036696
        ]
      },
      "properties": {
        "name": "Valparai Hydro Plant",
        "type": "hydro",
        "capacity_mw": 0,
        "operator": "Unknown",
        "state": "Tamil Nadu",
        "osm_id": "way/1468881078"
      }
    },
    {
      "type": "Feature",
      "geometry": {
        "type": "Point",
        "coordinates": [
          76.3752754,
          9.9971038
        ]
      },
      "properties": {
        "name": "Kunnathunad Solar Plant",
        "type": "solar",
        "capacity_mw": 0,
        "operator": "Unknown",
        "state": "Kerala",
        "osm_id": "way/1468881079"
      }
    },
    {
      "type": "Feature",
      "geometry": {
        "type": "Point",
        "coordinates": [
          76.9660252,
          10.4842171
        ]
      },
      "properties": {
        "name": "Pollachi Hydro Plant",
        "type": "hydro",
        "capacity_mw": 0,
        "operator": "Unknown",
        "state": "Tamil Nadu",
        "osm_id": "way/1468881080"
      }
    },
    {
      "type": "Feature",
      "geometry": {
        "type": "Point",
        "coordinates": [
          78.2723147,
          11.1084871
        ]
      },
      "properties": {
        "name": "Mohanur Solar Plant",
        "type": "solar",
        "capacity_mw": 0,
        "operator": "Unknown",
        "state": "Tamil Nadu",
        "osm_id": "way/1468887796"
      }
    },
    {
      "type": "Feature",
      "geometry": {
        "type": "Point",
        "coordinates": [
          76.9455277,
          11.3165356
        ]
      },
      "properties": {
        "name": "Mettupalayam Hydro Plant",
        "type": "hydro",
        "capacity_mw": 0,
        "operator": "Unknown",
        "state": "Tamil Nadu",
        "osm_id": "way/1468887801"
      }
    },
    {
      "type": "Feature",
      "geometry": {
        "type": "Point",
        "coordinates": [
          78.4478679,
          12.153857
        ]
      },
      "properties": {
        "name": "Harur Solar Plant",
        "type": "solar",
        "capacity_mw": 0,
        "operator": "Unknown",
        "state": "Tamil Nadu",
        "osm_id": "way/1468887802"
      }
    },
    {
      "type": "Feature",
      "geometry": {
        "type": "Point",
        "coordinates": [
          79.5894497,
          12.4422452
        ]
      },
      "properties": {
        "name": "Vandavasi Solar Plant",
        "type": "solar",
        "capacity_mw": 0,
        "operator": "Unknown",
        "state": "Tamil Nadu",
        "osm_id": "way/1468887809"
      }
    },
    {
      "type": "Feature",
      "geometry": {
        "type": "Point",
        "coordinates": [
          79.0976874,
          11.3760573
        ]
      },
      "properties": {
        "name": "Kunnam Solar Plant",
        "type": "solar",
        "capacity_mw": 0,
        "operator": "Unknown",
        "state": "Tamil Nadu",
        "osm_id": "way/1468887810"
      }
    },
    {
      "type": "Feature",
      "geometry": {
        "type": "Point",
        "coordinates": [
          78.9644936,
          11.3774638
        ]
      },
      "properties": {
        "name": "Veppanthattai Solar Plant",
        "type": "solar",
        "capacity_mw": 0,
        "operator": "Unknown",
        "state": "Tamil Nadu",
        "osm_id": "way/1468887811"
      }
    },
    {
      "type": "Feature",
      "geometry": {
        "type": "Point",
        "coordinates": [
          75.0232798,
          12.998343
        ]
      },
      "properties": {
        "name": "Moodabidri taluk Hydro Plant",
        "type": "hydro",
        "capacity_mw": 0,
        "operator": "Unknown",
        "state": "Karnataka",
        "osm_id": "way/1468898814"
      }
    },
    {
      "type": "Feature",
      "geometry": {
        "type": "Point",
        "coordinates": [
          75.0332965,
          13.2619453
        ]
      },
      "properties": {
        "name": "Karkala taluk Hydro Plant",
        "type": "hydro",
        "capacity_mw": 0,
        "operator": "Unknown",
        "state": "Karnataka",
        "osm_id": "way/1468898816"
      }
    },
    {
      "type": "Feature",
      "geometry": {
        "type": "Point",
        "coordinates": [
          75.6846012,
          13.7667955
        ]
      },
      "properties": {
        "name": "Bhadravati taluk Hydro Plant",
        "type": "hydro",
        "capacity_mw": 41.0,
        "operator": "Mysore Mills ltd",
        "state": "Karnataka",
        "osm_id": "way/1468898818"
      }
    },
    {
      "type": "Feature",
      "geometry": {
        "type": "Point",
        "coordinates": [
          74.8580584,
          13.3696733
        ]
      },
      "properties": {
        "name": "Udupi taluku Hydro Plant",
        "type": "hydro",
        "capacity_mw": 0,
        "operator": "Unknown",
        "state": "Karnataka",
        "osm_id": "way/1468898820"
      }
    },
    {
      "type": "Feature",
      "geometry": {
        "type": "Point",
        "coordinates": [
          76.2980076,
          12.5075438
        ]
      },
      "properties": {
        "name": "Saligrama taluku Hydro Plant",
        "type": "hydro",
        "capacity_mw": 0,
        "operator": "Unknown",
        "state": "Karnataka",
        "osm_id": "way/1468898825"
      }
    },
    {
      "type": "Feature",
      "geometry": {
        "type": "Point",
        "coordinates": [
          76.3851124,
          12.7310029
        ]
      },
      "properties": {
        "name": "Krishnarajapete taluk Hydro Plant",
        "type": "hydro",
        "capacity_mw": 0,
        "operator": "Unknown",
        "state": "Karnataka",
        "osm_id": "way/1468898828"
      }
    },
    {
      "type": "Feature",
      "geometry": {
        "type": "Point",
        "coordinates": [
          74.2007549,
          16.2312731
        ]
      },
      "properties": {
        "name": "Ajra Hydro Plant",
        "type": "hydro",
        "capacity_mw": 0,
        "operator": "Unknown",
        "state": "Maharashtra",
        "osm_id": "way/1468974853"
      }
    },
    {
      "type": "Feature",
      "geometry": {
        "type": "Point",
        "coordinates": [
          78.0125857,
          15.032416
        ]
      },
      "properties": {
        "name": "Kolimigundla Solar Plant",
        "type": "solar",
        "capacity_mw": 0,
        "operator": "Unknown",
        "state": "Andhra Pradesh",
        "osm_id": "way/1468977067"
      }
    },
    {
      "type": "Feature",
      "geometry": {
        "type": "Point",
        "coordinates": [
          78.521569,
          15.6996602
        ]
      },
      "properties": {
        "name": "Velgode Hydro Plant",
        "type": "hydro",
        "capacity_mw": 0,
        "operator": "Unknown",
        "state": "Andhra Pradesh",
        "osm_id": "way/1468977071"
      }
    },
    {
      "type": "Feature",
      "geometry": {
        "type": "Point",
        "coordinates": [
          79.884915,
          16.0869256
        ]
      },
      "properties": {
        "name": "Santhamaguluru Hydro Plant",
        "type": "hydro",
        "capacity_mw": 0,
        "operator": "Unknown",
        "state": "Andhra Pradesh",
        "osm_id": "way/1468977073"
      }
    },
    {
      "type": "Feature",
      "geometry": {
        "type": "Point",
        "coordinates": [
          79.8914113,
          16.0838916
        ]
      },
      "properties": {
        "name": "Savalyapuram Hydro Plant",
        "type": "hydro",
        "capacity_mw": 0,
        "operator": "Unknown",
        "state": "Andhra Pradesh",
        "osm_id": "way/1468977074"
      }
    },
    {
      "type": "Feature",
      "geometry": {
        "type": "Point",
        "coordinates": [
          77.3422,
          16.3532
        ]
      },
      "properties": {
        "name": "Raichur Hydro Plant",
        "type": "hydro",
        "capacity_mw": 1720.0,
        "operator": "Unknown",
        "state": "Karnataka",
        "osm_id": "way/1468977086"
      }
    },
    {
      "type": "Feature",
      "geometry": {
        "type": "Point",
        "coordinates": [
          76.4654754,
          16.3781428
        ]
      },
      "properties": {
        "name": "Hunasagi taluka Hydro Plant",
        "type": "hydro",
        "capacity_mw": 0,
        "operator": "Unknown",
        "state": "Karnataka",
        "osm_id": "way/1468977088"
      }
    },
    {
      "type": "Feature",
      "geometry": {
        "type": "Point",
        "coordinates": [
          74.4770131,
          16.1678422
        ]
      },
      "properties": {
        "name": "Gadhinglaj Solar Plant",
        "type": "solar",
        "capacity_mw": 0,
        "operator": "Unknown",
        "state": "Maharashtra",
        "osm_id": "way/1468977090"
      }
    },
    {
      "type": "Feature",
      "geometry": {
        "type": "Point",
        "coordinates": [
          74.758079,
          16.2196981
        ]
      },
      "properties": {
        "name": "Gokak taluku Hydro Plant",
        "type": "hydro",
        "capacity_mw": 0,
        "operator": "Unknown",
        "state": "Karnataka",
        "osm_id": "way/1468977099"
      }
    },
    {
      "type": "Feature",
      "geometry": {
        "type": "Point",
        "coordinates": [
          75.668233,
          19.6751359
        ]
      },
      "properties": {
        "name": "Jalna Solar Plant",
        "type": "solar",
        "capacity_mw": 0,
        "operator": "Unknown",
        "state": "Maharashtra",
        "osm_id": "way/1468982333"
      }
    },
    {
      "type": "Feature",
      "geometry": {
        "type": "Point",
        "coordinates": [
          74.6147264,
          19.3362322
        ]
      },
      "properties": {
        "name": "Rahuri Hydro Plant",
        "type": "hydro",
        "capacity_mw": 0,
        "operator": "Unknown",
        "state": "Maharashtra",
        "osm_id": "way/1468982353"
      }
    },
    {
      "type": "Feature",
      "geometry": {
        "type": "Point",
        "coordinates": [
          80.0375461,
          16.3345535
        ]
      },
      "properties": {
        "name": "Nekarikallu Hydro Plant",
        "type": "hydro",
        "capacity_mw": 0,
        "operator": "Unknown",
        "state": "Andhra Pradesh",
        "osm_id": "way/1468982367"
      }
    },
    {
      "type": "Feature",
      "geometry": {
        "type": "Point",
        "coordinates": [
          79.9207272,
          17.2015612
        ]
      },
      "properties": {
        "name": "Kusumanchi mandal Hydro Plant",
        "type": "hydro",
        "capacity_mw": 0,
        "operator": "Unknown",
        "state": "Telangana",
        "osm_id": "way/1468982370"
      }
    },
    {
      "type": "Feature",
      "geometry": {
        "type": "Point",
        "coordinates": [
          79.7018777,
          16.9267952
        ]
      },
      "properties": {
        "name": "Nereducherla mandal Hydro Plant",
        "type": "hydro",
        "capacity_mw": 0,
        "operator": "Unknown",
        "state": "Telangana",
        "osm_id": "way/1468982372"
      }
    },
    {
      "type": "Feature",
      "geometry": {
        "type": "Point",
        "coordinates": [
          80.3174401,
          17.5691349
        ]
      },
      "properties": {
        "name": "Singareni mandal Solar Plant",
        "type": "solar",
        "capacity_mw": 0,
        "operator": "Unknown",
        "state": "Telangana",
        "osm_id": "way/1468982374"
      }
    },
    {
      "type": "Feature",
      "geometry": {
        "type": "Point",
        "coordinates": [
          83.5252011,
          18.7397246
        ]
      },
      "properties": {
        "name": "Garugubilli Hydro Plant",
        "type": "hydro",
        "capacity_mw": 0,
        "operator": "Unknown",
        "state": "Andhra Pradesh",
        "osm_id": "way/1468982387"
      }
    },
    {
      "type": "Feature",
      "geometry": {
        "type": "Point",
        "coordinates": [
          79.7917404,
          18.8818282
        ]
      },
      "properties": {
        "name": "Chennur mandal Solar Plant",
        "type": "solar",
        "capacity_mw": 0,
        "operator": "Unknown",
        "state": "Telangana",
        "osm_id": "way/1468982395"
      }
    },
    {
      "type": "Feature",
      "geometry": {
        "type": "Point",
        "coordinates": [
          79.3680567,
          18.6264374
        ]
      },
      "properties": {
        "name": "Peddapalli mandal Solar Plant",
        "type": "solar",
        "capacity_mw": 0,
        "operator": "Unknown",
        "state": "Telangana",
        "osm_id": "way/1468982396"
      }
    },
    {
      "type": "Feature",
      "geometry": {
        "type": "Point",
        "coordinates": [
          78.3449864,
          18.9139039
        ]
      },
      "properties": {
        "name": "Mukpal mandal Hydro Plant",
        "type": "hydro",
        "capacity_mw": 0,
        "operator": "Unknown",
        "state": "Telangana",
        "osm_id": "way/1469075716"
      }
    },
    {
      "type": "Feature",
      "geometry": {
        "type": "Point",
        "coordinates": [
          74.1681634,
          17.3084356
        ]
      },
      "properties": {
        "name": "Karad Hydro Plant",
        "type": "hydro",
        "capacity_mw": 0,
        "operator": "Unknown",
        "state": "Maharashtra",
        "osm_id": "way/1469075720"
      }
    },
    {
      "type": "Feature",
      "geometry": {
        "type": "Point",
        "coordinates": [
          73.9105184,
          17.6707536
        ]
      },
      "properties": {
        "name": "Satara Hydro Plant",
        "type": "hydro",
        "capacity_mw": 0,
        "operator": "Unknown",
        "state": "Maharashtra",
        "osm_id": "way/1469075724"
      }
    },
    {
      "type": "Feature",
      "geometry": {
        "type": "Point",
        "coordinates": [
          73.8940349,
          17.9745159
        ]
      },
      "properties": {
        "name": "Wai Solar Plant",
        "type": "solar",
        "capacity_mw": 0,
        "operator": "Unknown",
        "state": "Maharashtra",
        "osm_id": "way/1469075725"
      }
    },
    {
      "type": "Feature",
      "geometry": {
        "type": "Point",
        "coordinates": [
          73.8200596,
          17.9747353
        ]
      },
      "properties": {
        "name": "Dhom",
        "type": "hydro",
        "capacity_mw": 0,
        "operator": "Unknown",
        "state": "Maharashtra",
        "osm_id": "way/1469075727"
      }
    },
    {
      "type": "Feature",
      "geometry": {
        "type": "Point",
        "coordinates": [
          79.9916401,
          20.4616443
        ]
      },
      "properties": {
        "name": "Armori Taluka Solar Plant",
        "type": "solar",
        "capacity_mw": 0,
        "operator": "Unknown",
        "state": "Maharashtra",
        "osm_id": "way/1469078016"
      }
    },
    {
      "type": "Feature",
      "geometry": {
        "type": "Point",
        "coordinates": [
          73.9032805,
          19.5452467
        ]
      },
      "properties": {
        "name": "Akola Hydro Plant",
        "type": "hydro",
        "capacity_mw": 0,
        "operator": "Unknown",
        "state": "Maharashtra",
        "osm_id": "way/1469078017"
      }
    },
    {
      "type": "Feature",
      "geometry": {
        "type": "Point",
        "coordinates": [
          74.0005374,
          20.3260559
        ]
      },
      "properties": {
        "name": "Chandwad Taluka Solar Plant",
        "type": "solar",
        "capacity_mw": 0,
        "operator": "Unknown",
        "state": "Maharashtra",
        "osm_id": "way/1469078020"
      }
    },
    {
      "type": "Feature",
      "geometry": {
        "type": "Point",
        "coordinates": [
          77.1872652,
          19.8981495
        ]
      },
      "properties": {
        "name": "Hingoli Solar Plant",
        "type": "solar",
        "capacity_mw": 0,
        "operator": "Unknown",
        "state": "Maharashtra",
        "osm_id": "way/1469078026"
      }
    },
    {
      "type": "Feature",
      "geometry": {
        "type": "Point",
        "coordinates": [
          78.1236707,
          18.8143878
        ]
      },
      "properties": {
        "name": "Makloor mandal Hydro Plant",
        "type": "hydro",
        "capacity_mw": 0,
        "operator": "Unknown",
        "state": "Telangana",
        "osm_id": "way/1469078043"
      }
    },
    {
      "type": "Feature",
      "geometry": {
        "type": "Point",
        "coordinates": [
          91.6411458,
          26.2379939
        ]
      },
      "properties": {
        "name": "Hajo Solar Plant",
        "type": "solar",
        "capacity_mw": 0,
        "operator": "Unknown",
        "state": "Assam",
        "osm_id": "way/1469172484"
      }
    },
    {
      "type": "Feature",
      "geometry": {
        "type": "Point",
        "coordinates": [
          86.1460538,
          20.4657539
        ]
      },
      "properties": {
        "name": "Salepur Hydro Plant",
        "type": "hydro",
        "capacity_mw": 0,
        "operator": "Unknown",
        "state": "Odisha",
        "osm_id": "way/1469298910"
      }
    },
    {
      "type": "Feature",
      "geometry": {
        "type": "Point",
        "coordinates": [
          79.6149464,
          20.8778065
        ]
      },
      "properties": {
        "name": "Pauni Taluka Hydro Plant",
        "type": "hydro",
        "capacity_mw": 0,
        "operator": "Unknown",
        "state": "Maharashtra",
        "osm_id": "way/1469298915"
      }
    },
    {
      "type": "Feature",
      "geometry": {
        "type": "Point",
        "coordinates": [
          73.9323411,
          16.1253471
        ]
      },
      "properties": {
        "name": "Patgaon",
        "type": "hydro",
        "capacity_mw": 0,
        "operator": "Unknown",
        "state": "Maharashtra",
        "osm_id": "way/1469306750"
      }
    },
    {
      "type": "Feature",
      "geometry": {
        "type": "Point",
        "coordinates": [
          73.7860919,
          18.9612543
        ]
      },
      "properties": {
        "name": "Chaskaman",
        "type": "hydro",
        "capacity_mw": 0,
        "operator": "Unknown",
        "state": "Maharashtra",
        "osm_id": "way/1469306751"
      }
    },
    {
      "type": "Feature",
      "geometry": {
        "type": "Point",
        "coordinates": [
          79.2368561,
          21.6558953
        ]
      },
      "properties": {
        "name": "Pench (Totladoh)",
        "type": "hydro",
        "capacity_mw": 0,
        "operator": "Unknown",
        "state": "Maharashtra",
        "osm_id": "way/1469306752"
      }
    },
    {
      "type": "Feature",
      "geometry": {
        "type": "Point",
        "coordinates": [
          77.013,
          17.793
        ]
      },
      "properties": {
        "name": "Salanpur Hydro Plant",
        "type": "hydro",
        "capacity_mw": 50.0,
        "operator": "Unknown",
        "state": "West Bengal",
        "osm_id": "way/1469306753"
      }
    },
    {
      "type": "Feature",
      "geometry": {
        "type": "Point",
        "coordinates": [
          85.8300166,
          23.7720303
        ]
      },
      "properties": {
        "name": "Gumia Hydro Plant",
        "type": "hydro",
        "capacity_mw": 0,
        "operator": "Unknown",
        "state": "Jharkhand",
        "osm_id": "way/1469735381"
      }
    },
    {
      "type": "Feature",
      "geometry": {
        "type": "Point",
        "coordinates": [
          74.3583601,
          15.110393
        ]
      },
      "properties": {
        "name": "Supa taluk Hydro Plant",
        "type": "hydro",
        "capacity_mw": 0,
        "operator": "Unknown",
        "state": "Karnataka",
        "osm_id": "way/1470108338"
      }
    },
    {
      "type": "Feature",
      "geometry": {
        "type": "Point",
        "coordinates": [
          73.7960834,
          16.8571993
        ]
      },
      "properties": {
        "name": "Shahuwadi Hydro Plant",
        "type": "hydro",
        "capacity_mw": 0,
        "operator": "Unknown",
        "state": "Maharashtra",
        "osm_id": "way/1470108339"
      }
    },
    {
      "type": "Feature",
      "geometry": {
        "type": "Point",
        "coordinates": [
          73.7147681,
          17.9537803
        ]
      },
      "properties": {
        "name": "Wai Hydro Plant",
        "type": "hydro",
        "capacity_mw": 0,
        "operator": "Unknown",
        "state": "Maharashtra",
        "osm_id": "way/1470108343"
      }
    },
    {
      "type": "Feature",
      "geometry": {
        "type": "Point",
        "coordinates": [
          73.5652886,
          17.6734178
        ]
      },
      "properties": {
        "name": "Khed Taluka Hydro Plant",
        "type": "hydro",
        "capacity_mw": 0,
        "operator": "Unknown",
        "state": "Maharashtra",
        "osm_id": "way/1470108345"
      }
    },
    {
      "type": "Feature",
      "geometry": {
        "type": "Point",
        "coordinates": [
          75.6545578,
          12.8487559
        ]
      },
      "properties": {
        "name": "Sakaleshapura taluk Hydro Plant",
        "type": "hydro",
        "capacity_mw": 0,
        "operator": "Unknown",
        "state": "Karnataka",
        "osm_id": "way/1470109102"
      }
    },
    {
      "type": "Feature",
      "geometry": {
        "type": "Point",
        "coordinates": [
          75.718326,
          12.6735
        ]
      },
      "properties": {
        "name": "Somawarpet taluk Hydro Plant",
        "type": "hydro",
        "capacity_mw": 0,
        "operator": "Unknown",
        "state": "Karnataka",
        "osm_id": "way/1470109104"
      }
    },
    {
      "type": "Feature",
      "geometry": {
        "type": "Point",
        "coordinates": [
          76.0509239,
          11.4412233
        ]
      },
      "properties": {
        "name": "Thamarassery Hydro Plant",
        "type": "hydro",
        "capacity_mw": 0,
        "operator": "Unknown",
        "state": "Kerala",
        "osm_id": "way/1470127958"
      }
    },
    {
      "type": "Feature",
      "geometry": {
        "type": "Point",
        "coordinates": [
          76.5757129,
          11.3044463
        ]
      },
      "properties": {
        "name": "Kundah Hydro Plant",
        "type": "hydro",
        "capacity_mw": 0,
        "operator": "Unknown",
        "state": "Tamil Nadu",
        "osm_id": "way/1470127962"
      }
    },
    {
      "type": "Feature",
      "geometry": {
        "type": "Point",
        "coordinates": [
          76.6042609,
          11.3647695
        ]
      },
      "properties": {
        "name": "Udhagamandalam Hydro Plant",
        "type": "hydro",
        "capacity_mw": 0,
        "operator": "Unknown",
        "state": "Tamil Nadu",
        "osm_id": "way/1470127963"
      }
    },
    {
      "type": "Feature",
      "geometry": {
        "type": "Point",
        "coordinates": [
          77.1068063,
          9.935496
        ]
      },
      "properties": {
        "name": "Udumbanchola Hydro Plant",
        "type": "hydro",
        "capacity_mw": 0,
        "operator": "Unknown",
        "state": "Kerala",
        "osm_id": "way/1470127967"
      }
    },
    {
      "type": "Feature",
      "geometry": {
        "type": "Point",
        "coordinates": [
          81.353792,
          24.8686489
        ]
      },
      "properties": {
        "name": "Jawa Tahsil Hydro Plant",
        "type": "hydro",
        "capacity_mw": 0,
        "operator": "Unknown",
        "state": "Madhya Pradesh",
        "osm_id": "way/1470128055"
      }
    },
    {
      "type": "Feature",
      "geometry": {
        "type": "Point",
        "coordinates": [
          78.9719099,
          25.6526151
        ]
      },
      "properties": {
        "name": "Moth Solar Plant",
        "type": "solar",
        "capacity_mw": 0,
        "operator": "Unknown",
        "state": "Uttar Pradesh",
        "osm_id": "way/1470130906"
      }
    },
    {
      "type": "Feature",
      "geometry": {
        "type": "Point",
        "coordinates": [
          76.3367549,
          16.2364378
        ]
      },
      "properties": {
        "name": "Muddebihala taluku Hydro Plant",
        "type": "hydro",
        "capacity_mw": 0,
        "operator": "Unknown",
        "state": "Karnataka",
        "osm_id": "way/1470188013"
      }
    },
    {
      "type": "Feature",
      "geometry": {
        "type": "Point",
        "coordinates": [
          75.8320516,
          25.173228
        ]
      },
      "properties": {
        "name": "Ladpura Tehsil Hydro Plant",
        "type": "hydro",
        "capacity_mw": 0,
        "operator": "Unknown",
        "state": "Rajasthan",
        "osm_id": "way/1470188014"
      }
    },
    {
      "type": "Feature",
      "geometry": {
        "type": "Point",
        "coordinates": [
          76.7721203,
          21.1826335
        ]
      },
      "properties": {
        "name": "Telhara Hydro Plant",
        "type": "hydro",
        "capacity_mw": 0,
        "operator": "Unknown",
        "state": "Maharashtra",
        "osm_id": "way/1471606602"
      }
    },
    {
      "type": "Feature",
      "geometry": {
        "type": "Point",
        "coordinates": [
          75.3166236,
          33.1791503
        ]
      },
      "properties": {
        "name": "Baglihar hydro power station",
        "type": "hydro",
        "capacity_mw": 900.0,
        "operator": "Jammu and Kashmir State Power Development Corporation",
        "state": "Jammu and Kashmir",
        "osm_id": "way/1471606604"
      }
    },
    {
      "type": "Feature",
      "geometry": {
        "type": "Point",
        "coordinates": [
          77.9115738,
          28.1643701
        ]
      },
      "properties": {
        "name": "Khurja Coal Plant",
        "type": "coal",
        "capacity_mw": 0,
        "operator": "Unknown",
        "state": "Uttar Pradesh",
        "osm_id": "way/1474215040"
      }
    },
    {
      "type": "Feature",
      "geometry": {
        "type": "Point",
        "coordinates": [
          85.8224697,
          20.2413539
        ]
      },
      "properties": {
        "name": "Bhubaneswar (M.Corp.) Solar Plant",
        "type": "solar",
        "capacity_mw": 0,
        "operator": "Unknown",
        "state": "Odisha",
        "osm_id": "way/1474769934"
      }
    },
    {
      "type": "Feature",
      "geometry": {
        "type": "Point",
        "coordinates": [
          77.1621669,
          11.3398315
        ]
      },
      "properties": {
        "name": "TNEB Puliampatti",
        "type": "unknown",
        "capacity_mw": 0,
        "operator": "Unknown",
        "state": "Tamil Nadu",
        "osm_id": "way/1475035711"
      }
    },
    {
      "type": "Feature",
      "geometry": {
        "type": "Point",
        "coordinates": [
          79.6928808,
          16.7152563
        ]
      },
      "properties": {
        "name": "Damaracherla mandal Coal Plant",
        "type": "coal",
        "capacity_mw": 0,
        "operator": "Unknown",
        "state": "Telangana",
        "osm_id": "way/1476600249"
      }
    },
    {
      "type": "Feature",
      "geometry": {
        "type": "Point",
        "coordinates": [
          73.8790602,
          15.3879247
        ]
      },
      "properties": {
        "name": "Solar Farm",
        "type": "solar",
        "capacity_mw": 0,
        "operator": "Unknown",
        "state": "Goa",
        "osm_id": "way/1479724987"
      }
    },
    {
      "type": "Feature",
      "geometry": {
        "type": "Point",
        "coordinates": [
          83.5609174,
          22.1635405
        ]
      },
      "properties": {
        "name": "Tamnar Tahsil Solar Plant",
        "type": "solar",
        "capacity_mw": 0,
        "operator": "Unknown",
        "state": "Chhattisgarh",
        "osm_id": "way/1480347971"
      }
    },
    {
      "type": "Feature",
      "geometry": {
        "type": "Point",
        "coordinates": [
          73.7722423,
          24.5191919
        ]
      },
      "properties": {
        "name": "Girwa Tehsil Unknown Plant",
        "type": "unknown",
        "capacity_mw": 0,
        "operator": "Unknown",
        "state": "Rajasthan",
        "osm_id": "way/1481315878"
      }
    },
    {
      "type": "Feature",
      "geometry": {
        "type": "Point",
        "coordinates": [
          76.4316759,
          31.4102889
        ]
      },
      "properties": {
        "name": "Bhakra Power station",
        "type": "hydro",
        "capacity_mw": 1379.6,
        "operator": "Bhakra Beas Management Board",
        "state": "Himachal Pradesh",
        "osm_id": "relation/6278572"
      }
    },
    {
      "type": "Feature",
      "geometry": {
        "type": "Point",
        "coordinates": [
          73.7526094,
          21.8359996
        ]
      },
      "properties": {
        "name": "Sardar Sarovar Project",
        "type": "hydro",
        "capacity_mw": 1450.0,
        "operator": "Unknown",
        "state": "Gujarat",
        "osm_id": "relation/6278573"
      }
    },
    {
      "type": "Feature",
      "geometry": {
        "type": "Point",
        "coordinates": [
          72.7565833,
          22.2378684
        ]
      },
      "properties": {
        "name": "Dhuvaran Gas Based CCPP",
        "type": "gas",
        "capacity_mw": 595.0,
        "operator": "Gujarat State Electricity Corporation Limited",
        "state": "Gujarat",
        "osm_id": "relation/6886828"
      }
    },
    {
      "type": "Feature",
      "geometry": {
        "type": "Point",
        "coordinates": [
          71.4377738,
          22.7261039
        ]
      },
      "properties": {
        "name": "Surendranagar Solar",
        "type": "solar",
        "capacity_mw": 50.0,
        "operator": "Louroux Bio Energies",
        "state": "Gujarat",
        "osm_id": "relation/8463667"
      }
    },
    {
      "type": "Feature",
      "geometry": {
        "type": "Point",
        "coordinates": [
          78.3936733,
          9.3316383
        ]
      },
      "properties": {
        "name": "Solarpark Kamuthi",
        "type": "solar",
        "capacity_mw": 648.0,
        "operator": "Adani",
        "state": "Tamil Nadu",
        "osm_id": "relation/8550920"
      }
    },
    {
      "type": "Feature",
      "geometry": {
        "type": "Point",
        "coordinates": [
          79.4965258,
          11.6045218
        ]
      },
      "properties": {
        "name": "Neyveli Solar Project",
        "type": "solar",
        "capacity_mw": 130.0,
        "operator": "Unknown",
        "state": "Tamil Nadu",
        "osm_id": "relation/8553387"
      }
    },
    {
      "type": "Feature",
      "geometry": {
        "type": "Point",
        "coordinates": [
          72.4388118,
          22.3197032
        ]
      },
      "properties": {
        "name": "Vadgam",
        "type": "solar",
        "capacity_mw": 15.0,
        "operator": "Acme Tele Power",
        "state": "Gujarat",
        "osm_id": "relation/8819298"
      }
    },
    {
      "type": "Feature",
      "geometry": {
        "type": "Point",
        "coordinates": [
          88.1379288,
          22.4668986
        ]
      },
      "properties": {
        "name": "Budge Budge Power station",
        "type": "coal",
        "capacity_mw": 750.0,
        "operator": "Calcutta Electric Supply Corporation",
        "state": "West Bengal",
        "osm_id": "relation/9188284"
      }
    },
    {
      "type": "Feature",
      "geometry": {
        "type": "Point",
        "coordinates": [
          70.6483465,
          23.0335639
        ]
      },
      "properties": {
        "name": "Maliya Taluka Wind Plant",
        "type": "wind",
        "capacity_mw": 0,
        "operator": "Unknown",
        "state": "Gujarat",
        "osm_id": "relation/9201120"
      }
    },
    {
      "type": "Feature",
      "geometry": {
        "type": "Point",
        "coordinates": [
          75.6706551,
          19.2230967
        ]
      },
      "properties": {
        "name": "Georai Wind Plant",
        "type": "wind",
        "capacity_mw": 0,
        "operator": "Unknown",
        "state": "Maharashtra",
        "osm_id": "relation/9225495"
      }
    },
    {
      "type": "Feature",
      "geometry": {
        "type": "Point",
        "coordinates": [
          71.9710802,
          27.4956525
        ]
      },
      "properties": {
        "name": "Bhadla Solar Park",
        "type": "solar",
        "capacity_mw": 2245.0,
        "operator": "Saurya Urja Company",
        "state": "Rajasthan",
        "osm_id": "relation/11250846"
      }
    },
    {
      "type": "Feature",
      "geometry": {
        "type": "Point",
        "coordinates": [
          77.4352241,
          14.2678327
        ]
      },
      "properties": {
        "name": "Pavagada Solar Park",
        "type": "solar",
        "capacity_mw": 2050.0,
        "operator": "KSPDCL",
        "state": "Karnataka",
        "osm_id": "relation/11250916"
      }
    },
    {
      "type": "Feature",
      "geometry": {
        "type": "Point",
        "coordinates": [
          77.1654269,
          12.3082061
        ]
      },
      "properties": {
        "name": "Sir Sheshadri Iyer Hydro Electric Station",
        "type": "hydro",
        "capacity_mw": 42.0,
        "operator": "Karnataka Power Corporation Limited",
        "state": "Karnataka",
        "osm_id": "relation/11267931"
      }
    },
    {
      "type": "Feature",
      "geometry": {
        "type": "Point",
        "coordinates": [
          77.1612002,
          12.3038014
        ]
      },
      "properties": {
        "name": "Shimsha solar plant",
        "type": "solar",
        "capacity_mw": 5.0,
        "operator": "Karnataka Power Corporation Limited",
        "state": "Karnataka",
        "osm_id": "relation/11267932"
      }
    },
    {
      "type": "Feature",
      "geometry": {
        "type": "Point",
        "coordinates": [
          75.8991109,
          11.5484348
        ]
      },
      "properties": {
        "name": "Kuttiyadi Hydroelectric project, Kakkayam",
        "type": "hydro",
        "capacity_mw": 225.0,
        "operator": "KSEB",
        "state": "Kerala",
        "osm_id": "relation/11273966"
      }
    },
    {
      "type": "Feature",
      "geometry": {
        "type": "Point",
        "coordinates": [
          73.3061913,
          28.3025999
        ]
      },
      "properties": {
        "name": "ReNew Power Bikaner",
        "type": "solar",
        "capacity_mw": 250.0,
        "operator": "Unknown",
        "state": "Rajasthan",
        "osm_id": "relation/11543797"
      }
    },
    {
      "type": "Feature",
      "geometry": {
        "type": "Point",
        "coordinates": [
          72.9250625,
          27.9090049
        ]
      },
      "properties": {
        "name": "Kolayat Solar Park",
        "type": "solar",
        "capacity_mw": 0,
        "operator": "Unknown",
        "state": "Rajasthan",
        "osm_id": "relation/11857965"
      }
    },
    {
      "type": "Feature",
      "geometry": {
        "type": "Point",
        "coordinates": [
          73.0343883,
          27.9903236
        ]
      },
      "properties": {
        "name": "Gajner Solar Park",
        "type": "solar",
        "capacity_mw": 0,
        "operator": "Unknown",
        "state": "Rajasthan",
        "osm_id": "relation/11858530"
      }
    },
    {
      "type": "Feature",
      "geometry": {
        "type": "Point",
        "coordinates": [
          70.6203306,
          23.3679014
        ]
      },
      "properties": {
        "name": "Konark Solar",
        "type": "solar",
        "capacity_mw": 20.0,
        "operator": "Unknown",
        "state": "Gujarat",
        "osm_id": "relation/11880167"
      }
    },
    {
      "type": "Feature",
      "geometry": {
        "type": "Point",
        "coordinates": [
          71.564509,
          23.6850593
        ]
      },
      "properties": {
        "name": "Chadiyana",
        "type": "solar",
        "capacity_mw": 20.0,
        "operator": "Lanco",
        "state": "Gujarat",
        "osm_id": "relation/11882112"
      }
    },
    {
      "type": "Feature",
      "geometry": {
        "type": "Point",
        "coordinates": [
          71.6579623,
          23.3788695
        ]
      },
      "properties": {
        "name": "Dhama",
        "type": "solar",
        "capacity_mw": 20.0,
        "operator": "Unknown",
        "state": "Gujarat",
        "osm_id": "relation/11882347"
      }
    },
    {
      "type": "Feature",
      "geometry": {
        "type": "Point",
        "coordinates": [
          72.2024542,
          24.5231485
        ]
      },
      "properties": {
        "name": "Dhanera",
        "type": "solar",
        "capacity_mw": 25.0,
        "operator": "Unknown",
        "state": "Gujarat",
        "osm_id": "relation/11883275"
      }
    },
    {
      "type": "Feature",
      "geometry": {
        "type": "Point",
        "coordinates": [
          73.2199502,
          22.9654292
        ]
      },
      "properties": {
        "name": "Malitadi",
        "type": "solar",
        "capacity_mw": 51.0,
        "operator": "Unknown",
        "state": "Gujarat",
        "osm_id": "relation/11887337"
      }
    },
    {
      "type": "Feature",
      "geometry": {
        "type": "Point",
        "coordinates": [
          73.0702749,
          24.0928981
        ]
      },
      "properties": {
        "name": "Vartol Azure",
        "type": "solar",
        "capacity_mw": 34.0,
        "operator": "Unknown",
        "state": "Gujarat",
        "osm_id": "relation/11887723"
      }
    },
    {
      "type": "Feature",
      "geometry": {
        "type": "Point",
        "coordinates": [
          74.7500364,
          30.2139997
        ]
      },
      "properties": {
        "name": "Sardargarh",
        "type": "solar",
        "capacity_mw": 100.0,
        "operator": "Unknown",
        "state": "Punjab",
        "osm_id": "relation/11888810"
      }
    },
    {
      "type": "Feature",
      "geometry": {
        "type": "Point",
        "coordinates": [
          74.0784542,
          30.4012833
        ]
      },
      "properties": {
        "name": "Korianwali",
        "type": "solar",
        "capacity_mw": 25.0,
        "operator": "Unknown",
        "state": "Punjab",
        "osm_id": "relation/11888909"
      }
    },
    {
      "type": "Feature",
      "geometry": {
        "type": "Point",
        "coordinates": [
          74.5070618,
          29.9581286
        ]
      },
      "properties": {
        "name": "Bheeti Wala",
        "type": "solar",
        "capacity_mw": 10.0,
        "operator": "Unknown",
        "state": "Punjab",
        "osm_id": "relation/11889298"
      }
    },
    {
      "type": "Feature",
      "geometry": {
        "type": "Point",
        "coordinates": [
          74.6647462,
          30.065338
        ]
      },
      "properties": {
        "name": "Badal",
        "type": "solar",
        "capacity_mw": 15.0,
        "operator": "Unknown",
        "state": "Punjab",
        "osm_id": "relation/11889299"
      }
    },
    {
      "type": "Feature",
      "geometry": {
        "type": "Point",
        "coordinates": [
          75.5755224,
          29.8192021
        ]
      },
      "properties": {
        "name": "Sher Khan Wala",
        "type": "solar",
        "capacity_mw": 25.0,
        "operator": "Unknown",
        "state": "Punjab",
        "osm_id": "relation/11890387"
      }
    },
    {
      "type": "Feature",
      "geometry": {
        "type": "Point",
        "coordinates": [
          75.5206673,
          29.8019848
        ]
      },
      "properties": {
        "name": "Gami Wala",
        "type": "solar",
        "capacity_mw": 25.0,
        "operator": "Unknown",
        "state": "Punjab",
        "osm_id": "relation/11890388"
      }
    },
    {
      "type": "Feature",
      "geometry": {
        "type": "Point",
        "coordinates": [
          75.5205586,
          29.7936998
        ]
      },
      "properties": {
        "name": "Hakamwala",
        "type": "solar",
        "capacity_mw": 21.0,
        "operator": "Unknown",
        "state": "Punjab",
        "osm_id": "relation/11890389"
      }
    },
    {
      "type": "Feature",
      "geometry": {
        "type": "Point",
        "coordinates": [
          74.7530526,
          29.9869413
        ]
      },
      "properties": {
        "name": "Pathrala",
        "type": "solar",
        "capacity_mw": 4.0,
        "operator": "Unknown",
        "state": "Punjab",
        "osm_id": "relation/11891532"
      }
    },
    {
      "type": "Feature",
      "geometry": {
        "type": "Point",
        "coordinates": [
          75.8066578,
          29.858282
        ]
      },
      "properties": {
        "name": "Bakhora Kalan",
        "type": "solar",
        "capacity_mw": 25.0,
        "operator": "Unknown",
        "state": "Punjab",
        "osm_id": "relation/11891893"
      }
    },
    {
      "type": "Feature",
      "geometry": {
        "type": "Point",
        "coordinates": [
          75.1502663,
          12.3402061
        ]
      },
      "properties": {
        "name": "Kasaragod Solar Park, Karacode",
        "type": "solar",
        "capacity_mw": 50.0,
        "operator": "KSEB",
        "state": "Kerala",
        "osm_id": "relation/11894483"
      }
    },
    {
      "type": "Feature",
      "geometry": {
        "type": "Point",
        "coordinates": [
          74.298752,
          21.0506075
        ]
      },
      "properties": {
        "name": "Sakri",
        "type": "solar",
        "capacity_mw": 0,
        "operator": "Unknown",
        "state": "Maharashtra",
        "osm_id": "relation/11896143"
      }
    },
    {
      "type": "Feature",
      "geometry": {
        "type": "Point",
        "coordinates": [
          76.0341662,
          23.9433165
        ]
      },
      "properties": {
        "name": "Project Susner",
        "type": "solar",
        "capacity_mw": 24.33,
        "operator": "Ujjas Energy Limited",
        "state": "Madhya Pradesh",
        "osm_id": "relation/11898136"
      }
    },
    {
      "type": "Feature",
      "geometry": {
        "type": "Point",
        "coordinates": [
          75.3369858,
          24.0279848
        ]
      },
      "properties": {
        "name": "Sitamau",
        "type": "solar",
        "capacity_mw": 0,
        "operator": "Unknown",
        "state": "Madhya Pradesh",
        "osm_id": "relation/11898393"
      }
    },
    {
      "type": "Feature",
      "geometry": {
        "type": "Point",
        "coordinates": [
          75.8016997,
          23.8497981
        ]
      },
      "properties": {
        "name": "Rajkot Solar",
        "type": "solar",
        "capacity_mw": 43.0,
        "operator": "Unknown",
        "state": "Madhya Pradesh",
        "osm_id": "relation/11898752"
      }
    },
    {
      "type": "Feature",
      "geometry": {
        "type": "Point",
        "coordinates": [
          75.899465,
          23.8275156
        ]
      },
      "properties": {
        "name": "Khamkhera",
        "type": "solar",
        "capacity_mw": 28.0,
        "operator": "Unknown",
        "state": "Madhya Pradesh",
        "osm_id": "relation/11899148"
      }
    },
    {
      "type": "Feature",
      "geometry": {
        "type": "Point",
        "coordinates": [
          76.7273441,
          23.9696664
        ]
      },
      "properties": {
        "name": "Rajgarh",
        "type": "solar",
        "capacity_mw": 0,
        "operator": "Unknown",
        "state": "Madhya Pradesh",
        "osm_id": "relation/11899948"
      }
    },
    {
      "type": "Feature",
      "geometry": {
        "type": "Point",
        "coordinates": [
          76.2130413,
          18.9635469
        ]
      },
      "properties": {
        "name": "Maharashtra I",
        "type": "solar",
        "capacity_mw": 67.0,
        "operator": "Unknown",
        "state": "Maharashtra",
        "osm_id": "relation/11900483"
      }
    },
    {
      "type": "Feature",
      "geometry": {
        "type": "Point",
        "coordinates": [
          75.5334306,
          15.3916286
        ]
      },
      "properties": {
        "name": "Gadag Solar Park",
        "type": "solar",
        "capacity_mw": 175.0,
        "operator": "Unknown",
        "state": "Karnataka",
        "osm_id": "relation/11900577"
      }
    },
    {
      "type": "Feature",
      "geometry": {
        "type": "Point",
        "coordinates": [
          76.3480799,
          23.3128727
        ]
      },
      "properties": {
        "name": "Berchha",
        "type": "solar",
        "capacity_mw": 14.0,
        "operator": "Unknown",
        "state": "Madhya Pradesh",
        "osm_id": "relation/11901726"
      }
    },
    {
      "type": "Feature",
      "geometry": {
        "type": "Point",
        "coordinates": [
          76.9986946,
          23.0374301
        ]
      },
      "properties": {
        "name": "Ichhawar",
        "type": "solar",
        "capacity_mw": 9.0,
        "operator": "Unknown",
        "state": "Madhya Pradesh",
        "osm_id": "relation/11901769"
      }
    },
    {
      "type": "Feature",
      "geometry": {
        "type": "Point",
        "coordinates": [
          78.4249324,
          14.0136125
        ]
      },
      "properties": {
        "name": "Ananthapuramu Ultra Mega Solar Park",
        "type": "solar",
        "capacity_mw": 1500,
        "operator": "Andhra Pradesh Solar Power Corporation / NTPC",
        "state": "Andhra Pradesh",
        "osm_id": "relation/11902087"
      }
    },
    {
      "type": "Feature",
      "geometry": {
        "type": "Point",
        "coordinates": [
          78.4583487,
          14.0717545
        ]
      },
      "properties": {
        "name": "Galiveedu Solar Park",
        "type": "solar",
        "capacity_mw": 400.0,
        "operator": "Unknown",
        "state": "Andhra Pradesh",
        "osm_id": "relation/11902933"
      }
    },
    {
      "type": "Feature",
      "geometry": {
        "type": "Point",
        "coordinates": [
          77.7521995,
          29.917502
        ]
      },
      "properties": {
        "name": "Project Haridwar 3",
        "type": "solar",
        "capacity_mw": 5.75,
        "operator": "Rays Power Infra",
        "state": "Uttarakhand",
        "osm_id": "relation/12233008"
      }
    },
    {
      "type": "Feature",
      "geometry": {
        "type": "Point",
        "coordinates": [
          74.3855641,
          21.0746207
        ]
      },
      "properties": {
        "name": "Sakri 1A Solar",
        "type": "solar",
        "capacity_mw": 100.0,
        "operator": "Maharashtra State Power Generation Co Ltd (MAHAGENCO)",
        "state": "Maharashtra",
        "osm_id": "relation/12352988"
      }
    },
    {
      "type": "Feature",
      "geometry": {
        "type": "Point",
        "coordinates": [
          80.6693609,
          17.5774143
        ]
      },
      "properties": {
        "name": "Paloncha Power Plant",
        "type": "unknown",
        "capacity_mw": 0,
        "operator": "Unknown",
        "state": "Telangana",
        "osm_id": "relation/12856014"
      }
    },
    {
      "type": "Feature",
      "geometry": {
        "type": "Point",
        "coordinates": [
          82.2923747,
          25.0609216
        ]
      },
      "properties": {
        "name": "Mehrauni",
        "type": "solar",
        "capacity_mw": 0,
        "operator": "Unknown",
        "state": "Uttar Pradesh",
        "osm_id": "relation/13171013"
      }
    },
    {
      "type": "Feature",
      "geometry": {
        "type": "Point",
        "coordinates": [
          76.3900624,
          10.1572206
        ]
      },
      "properties": {
        "name": "CIAL Solar Farm",
        "type": "solar",
        "capacity_mw": 0,
        "operator": "CIAL",
        "state": "Kerala",
        "osm_id": "relation/13304149"
      }
    },
    {
      "type": "Feature",
      "geometry": {
        "type": "Point",
        "coordinates": [
          73.5091263,
          18.4942372
        ]
      },
      "properties": {
        "name": "Mulshi",
        "type": "solar",
        "capacity_mw": 3.0,
        "operator": "Unknown",
        "state": "Maharashtra",
        "osm_id": "relation/13407246"
      }
    },
    {
      "type": "Feature",
      "geometry": {
        "type": "Point",
        "coordinates": [
          73.9259993,
          19.6128924
        ]
      },
      "properties": {
        "name": "Kombhalne",
        "type": "solar",
        "capacity_mw": 30.0,
        "operator": "Unknown",
        "state": "Maharashtra",
        "osm_id": "relation/13407247"
      }
    },
    {
      "type": "Feature",
      "geometry": {
        "type": "Point",
        "coordinates": [
          78.9782084,
          17.7237499
        ]
      },
      "properties": {
        "name": "Somaram B",
        "type": "solar",
        "capacity_mw": 20.0,
        "operator": "Unknown",
        "state": "Telangana",
        "osm_id": "relation/13408342"
      }
    },
    {
      "type": "Feature",
      "geometry": {
        "type": "Point",
        "coordinates": [
          78.8894427,
          18.3011709
        ]
      },
      "properties": {
        "name": "Sircilla Acme",
        "type": "solar",
        "capacity_mw": 30.0,
        "operator": "Unknown",
        "state": "Telangana",
        "osm_id": "relation/13408343"
      }
    },
    {
      "type": "Feature",
      "geometry": {
        "type": "Point",
        "coordinates": [
          77.9253254,
          17.9468933
        ]
      },
      "properties": {
        "name": "Alladurg",
        "type": "solar",
        "capacity_mw": 11.0,
        "operator": "Unknown",
        "state": "Telangana",
        "osm_id": "relation/13408344"
      }
    },
    {
      "type": "Feature",
      "geometry": {
        "type": "Point",
        "coordinates": [
          78.0463023,
          17.9986226
        ]
      },
      "properties": {
        "name": "Laxmi Palle",
        "type": "solar",
        "capacity_mw": 0,
        "operator": "Unknown",
        "state": "Telangana",
        "osm_id": "relation/13408345"
      }
    },
    {
      "type": "Feature",
      "geometry": {
        "type": "Point",
        "coordinates": [
          77.104096,
          12.6956854
        ]
      },
      "properties": {
        "name": "Avverahalli",
        "type": "solar",
        "capacity_mw": 0,
        "operator": "Unknown",
        "state": "Karnataka",
        "osm_id": "relation/13409489"
      }
    },
    {
      "type": "Feature",
      "geometry": {
        "type": "Point",
        "coordinates": [
          76.406216,
          13.3953423
        ]
      },
      "properties": {
        "name": "Rudrapura",
        "type": "solar",
        "capacity_mw": 20.0,
        "operator": "Unknown",
        "state": "Karnataka",
        "osm_id": "relation/13409490"
      }
    },
    {
      "type": "Feature",
      "geometry": {
        "type": "Point",
        "coordinates": [
          76.681652,
          14.1411247
        ]
      },
      "properties": {
        "name": "Gollaha\u1e37\u1e37i",
        "type": "solar",
        "capacity_mw": 100.0,
        "operator": "Unknown",
        "state": "Karnataka",
        "osm_id": "relation/13409491"
      }
    },
    {
      "type": "Feature",
      "geometry": {
        "type": "Point",
        "coordinates": [
          77.4995086,
          16.4659649
        ]
      },
      "properties": {
        "name": "Makhtal",
        "type": "solar",
        "capacity_mw": 10.0,
        "operator": "Unknown",
        "state": "Telangana",
        "osm_id": "relation/13409492"
      }
    },
    {
      "type": "Feature",
      "geometry": {
        "type": "Point",
        "coordinates": [
          77.8002459,
          17.7000696
        ]
      },
      "properties": {
        "name": "Antharam",
        "type": "solar",
        "capacity_mw": 50.0,
        "operator": "Unknown",
        "state": "Telangana",
        "osm_id": "relation/13409493"
      }
    },
    {
      "type": "Feature",
      "geometry": {
        "type": "Point",
        "coordinates": [
          77.8916931,
          17.2144231
        ]
      },
      "properties": {
        "name": "Mallemoniguda",
        "type": "solar",
        "capacity_mw": 0,
        "operator": "Unknown",
        "state": "Telangana",
        "osm_id": "relation/13409494"
      }
    },
    {
      "type": "Feature",
      "geometry": {
        "type": "Point",
        "coordinates": [
          79.2940741,
          12.9879215
        ]
      },
      "properties": {
        "name": "Mukundarayappuram",
        "type": "solar",
        "capacity_mw": 5.0,
        "operator": "Unknown",
        "state": "Tamil Nadu",
        "osm_id": "relation/13409861"
      }
    },
    {
      "type": "Feature",
      "geometry": {
        "type": "Point",
        "coordinates": [
          78.0120519,
          17.9669255
        ]
      },
      "properties": {
        "name": "Salojipalle",
        "type": "solar",
        "capacity_mw": 0,
        "operator": "Unknown",
        "state": "Telangana",
        "osm_id": "relation/13410187"
      }
    },
    {
      "type": "Feature",
      "geometry": {
        "type": "Point",
        "coordinates": [
          74.3520898,
          17.5552623
        ]
      },
      "properties": {
        "name": "Khatav Solar Plant",
        "type": "solar",
        "capacity_mw": 0,
        "operator": "Unknown",
        "state": "Maharashtra",
        "osm_id": "relation/13440945"
      }
    },
    {
      "type": "Feature",
      "geometry": {
        "type": "Point",
        "coordinates": [
          82.7330357,
          19.2632538
        ]
      },
      "properties": {
        "name": "Tentulikhunti Solar Plant",
        "type": "solar",
        "capacity_mw": 0,
        "operator": "Unknown",
        "state": "Odisha",
        "osm_id": "relation/13441175"
      }
    },
    {
      "type": "Feature",
      "geometry": {
        "type": "Point",
        "coordinates": [
          75.7551405,
          15.7877418
        ]
      },
      "properties": {
        "name": "Rona taluku Solar Plant",
        "type": "solar",
        "capacity_mw": 0,
        "operator": "Unknown",
        "state": "Karnataka",
        "osm_id": "relation/13443064"
      }
    },
    {
      "type": "Feature",
      "geometry": {
        "type": "Point",
        "coordinates": [
          77.0843188,
          28.5409398
        ]
      },
      "properties": {
        "name": "New Delhi Solar Plant",
        "type": "solar",
        "capacity_mw": 7.84,
        "operator": "Unknown",
        "state": "Delhi",
        "osm_id": "relation/13446097"
      }
    },
    {
      "type": "Feature",
      "geometry": {
        "type": "Point",
        "coordinates": [
          73.4458733,
          28.3157786
        ]
      },
      "properties": {
        "name": "Azur Power Bikaner",
        "type": "solar",
        "capacity_mw": 0,
        "operator": "Azur Power",
        "state": "Rajasthan",
        "osm_id": "relation/13449274"
      }
    },
    {
      "type": "Feature",
      "geometry": {
        "type": "Point",
        "coordinates": [
          75.6621874,
          17.2473182
        ]
      },
      "properties": {
        "name": "Chadachana taluku Solar Plant",
        "type": "solar",
        "capacity_mw": 0,
        "operator": "Unknown",
        "state": "Karnataka",
        "osm_id": "relation/13469385"
      }
    },
    {
      "type": "Feature",
      "geometry": {
        "type": "Point",
        "coordinates": [
          84.6872695,
          24.5968702
        ]
      },
      "properties": {
        "name": "Sawkala Solar Plant",
        "type": "solar",
        "capacity_mw": 25.0,
        "operator": "Unknown",
        "state": "Bihar",
        "osm_id": "relation/13485783"
      }
    },
    {
      "type": "Feature",
      "geometry": {
        "type": "Point",
        "coordinates": [
          73.2645902,
          22.6044421
        ]
      },
      "properties": {
        "name": "Savli Taluka Solar Plant",
        "type": "solar",
        "capacity_mw": 0,
        "operator": "Unknown",
        "state": "Gujarat",
        "osm_id": "relation/13489377"
      }
    },
    {
      "type": "Feature",
      "geometry": {
        "type": "Point",
        "coordinates": [
          81.7636093,
          16.7384751
        ]
      },
      "properties": {
        "name": "Peravali",
        "type": "solar",
        "capacity_mw": 4.4,
        "operator": "Unknown",
        "state": "Andhra Pradesh",
        "osm_id": "relation/13525678"
      }
    },
    {
      "type": "Feature",
      "geometry": {
        "type": "Point",
        "coordinates": [
          73.0864295,
          19.1505199
        ]
      },
      "properties": {
        "name": "Kalyan Subdistrict Solar Plant",
        "type": "solar",
        "capacity_mw": 0,
        "operator": "Unknown",
        "state": "Maharashtra",
        "osm_id": "relation/13529487"
      }
    },
    {
      "type": "Feature",
      "geometry": {
        "type": "Point",
        "coordinates": [
          76.7640884,
          16.1795298
        ]
      },
      "properties": {
        "name": "Lingasuguru taluku Solar Plant",
        "type": "solar",
        "capacity_mw": 0,
        "operator": "Unknown",
        "state": "Karnataka",
        "osm_id": "relation/13583133"
      }
    },
    {
      "type": "Feature",
      "geometry": {
        "type": "Point",
        "coordinates": [
          86.0251682,
          25.3952662
        ]
      },
      "properties": {
        "name": "Barauni Thermal Power Station",
        "type": "coal",
        "capacity_mw": 720.0,
        "operator": "NTPC",
        "state": "Bihar",
        "osm_id": "relation/13875985"
      }
    },
    {
      "type": "Feature",
      "geometry": {
        "type": "Point",
        "coordinates": [
          77.1151259,
          11.4708444
        ]
      },
      "properties": {
        "name": "Bhavanisagar hydroelectric power station",
        "type": "hydro",
        "capacity_mw": 32.0,
        "operator": "Unknown",
        "state": "Tamil Nadu",
        "osm_id": "relation/13876404"
      }
    },
    {
      "type": "Feature",
      "geometry": {
        "type": "Point",
        "coordinates": [
          78.5409621,
          14.4861952
        ]
      },
      "properties": {
        "name": "Kamalapuram Wind Plant",
        "type": "wind",
        "capacity_mw": 0,
        "operator": "Unknown",
        "state": "Andhra Pradesh",
        "osm_id": "relation/14078778"
      }
    },
    {
      "type": "Feature",
      "geometry": {
        "type": "Point",
        "coordinates": [
          77.660788,
          8.2754983
        ]
      },
      "properties": {
        "name": "Muppandal Wind Farm",
        "type": "wind",
        "capacity_mw": 1500.0,
        "operator": "Unknown",
        "state": "Tamil Nadu",
        "osm_id": "relation/14700384"
      }
    },
    {
      "type": "Feature",
      "geometry": {
        "type": "Point",
        "coordinates": [
          78.0559382,
          14.9645732
        ]
      },
      "properties": {
        "name": "Ananthapuramu-II Ultra Mega Solar Park",
        "type": "solar",
        "capacity_mw": 500,
        "operator": "Andhra Pradesh Solar Power Corporation",
        "state": "Andhra Pradesh",
        "osm_id": "relation/15259883"
      }
    },
    {
      "type": "Feature",
      "geometry": {
        "type": "Point",
        "coordinates": [
          73.2450906,
          28.237531
        ]
      },
      "properties": {
        "name": "Avaada Bikaner",
        "type": "solar",
        "capacity_mw": 350.0,
        "operator": "Unknown",
        "state": "Rajasthan",
        "osm_id": "relation/15460921"
      }
    },
    {
      "type": "Feature",
      "geometry": {
        "type": "Point",
        "coordinates": [
          70.0749957,
          23.3589816
        ]
      },
      "properties": {
        "name": "Adani",
        "type": "solar",
        "capacity_mw": 250.0,
        "operator": "Adani",
        "state": "Gujarat",
        "osm_id": "relation/15715623"
      }
    },
    {
      "type": "Feature",
      "geometry": {
        "type": "Point",
        "coordinates": [
          79.8177206,
          11.9725689
        ]
      },
      "properties": {
        "name": "Ozhukarai Taluk Solar Plant",
        "type": "solar",
        "capacity_mw": 0,
        "operator": "Unknown",
        "state": "Tamil Nadu",
        "osm_id": "relation/15917111"
      }
    },
    {
      "type": "Feature",
      "geometry": {
        "type": "Point",
        "coordinates": [
          76.3839503,
          15.1732572
        ]
      },
      "properties": {
        "name": "Danapuram BMM Captive Power Plants",
        "type": "coal",
        "capacity_mw": 235.0,
        "operator": "Unknown",
        "state": "Karnataka",
        "osm_id": "relation/16053036"
      }
    },
    {
      "type": "Feature",
      "geometry": {
        "type": "Point",
        "coordinates": [
          78.6801023,
          18.2342758
        ]
      },
      "properties": {
        "name": "Dubbak mandal Solar Plant",
        "type": "solar",
        "capacity_mw": 0,
        "operator": "Unknown",
        "state": "Telangana",
        "osm_id": "relation/16152889"
      }
    },
    {
      "type": "Feature",
      "geometry": {
        "type": "Point",
        "coordinates": [
          82.7429171,
          22.3989442
        ]
      },
      "properties": {
        "name": "Balco-III Power Station",
        "type": "coal",
        "capacity_mw": 0,
        "operator": "Unknown",
        "state": "Chhattisgarh",
        "osm_id": "relation/16214720"
      }
    },
    {
      "type": "Feature",
      "geometry": {
        "type": "Point",
        "coordinates": [
          82.7429171,
          22.3959082
        ]
      },
      "properties": {
        "name": "BALCO Korba Power Stations",
        "type": "coal",
        "capacity_mw": 0,
        "operator": "Unknown",
        "state": "Chhattisgarh",
        "osm_id": "relation/16214721"
      }
    },
    {
      "type": "Feature",
      "geometry": {
        "type": "Point",
        "coordinates": [
          84.8387309,
          24.4858533
        ]
      },
      "properties": {
        "name": "Dobhi Solar Plant",
        "type": "solar",
        "capacity_mw": 0,
        "operator": "Unknown",
        "state": "Bihar",
        "osm_id": "relation/16397366"
      }
    },
    {
      "type": "Feature",
      "geometry": {
        "type": "Point",
        "coordinates": [
          81.9410563,
          21.549062
        ]
      },
      "properties": {
        "name": "Simga Tahsil Solar Plant",
        "type": "solar",
        "capacity_mw": 0,
        "operator": "Unknown",
        "state": "Chhattisgarh",
        "osm_id": "relation/16415186"
      }
    },
    {
      "type": "Feature",
      "geometry": {
        "type": "Point",
        "coordinates": [
          73.344984,
          22.3576553
        ]
      },
      "properties": {
        "name": "Vadodara canal 2",
        "type": "solar",
        "capacity_mw": 10.0,
        "operator": "Unknown",
        "state": "Gujarat",
        "osm_id": "relation/16532552"
      }
    },
    {
      "type": "Feature",
      "geometry": {
        "type": "Point",
        "coordinates": [
          77.5963225,
          13.3747972
        ]
      },
      "properties": {
        "name": "Doddaballapura taluk Solar Plant",
        "type": "solar",
        "capacity_mw": 0,
        "operator": "Unknown",
        "state": "Karnataka",
        "osm_id": "relation/16707608"
      }
    },
    {
      "type": "Feature",
      "geometry": {
        "type": "Point",
        "coordinates": [
          79.4345105,
          19.0392342
        ]
      },
      "properties": {
        "name": "Kasipet mandal Solar Plant",
        "type": "solar",
        "capacity_mw": 0,
        "operator": "Unknown",
        "state": "Telangana",
        "osm_id": "relation/16735707"
      }
    },
    {
      "type": "Feature",
      "geometry": {
        "type": "Point",
        "coordinates": [
          79.2052687,
          17.2638921
        ]
      },
      "properties": {
        "name": "Akkinepally",
        "type": "solar",
        "capacity_mw": 10.0,
        "operator": "Unknown",
        "state": "Telangana",
        "osm_id": "relation/16735730"
      }
    },
    {
      "type": "Feature",
      "geometry": {
        "type": "Point",
        "coordinates": [
          77.6490379,
          16.9650779
        ]
      },
      "properties": {
        "name": "Kosgi mandal Solar Plant",
        "type": "solar",
        "capacity_mw": 0,
        "operator": "Unknown",
        "state": "Telangana",
        "osm_id": "relation/16736217"
      }
    },
    {
      "type": "Feature",
      "geometry": {
        "type": "Point",
        "coordinates": [
          77.7303851,
          17.8726769
        ]
      },
      "properties": {
        "name": "Raikode mandal Solar Plant",
        "type": "solar",
        "capacity_mw": 0,
        "operator": "Unknown",
        "state": "Telangana",
        "osm_id": "relation/16736219"
      }
    },
    {
      "type": "Feature",
      "geometry": {
        "type": "Point",
        "coordinates": [
          74.5694795,
          21.1758432
        ]
      },
      "properties": {
        "name": "Shindkheda Taluka Solar Plant",
        "type": "solar",
        "capacity_mw": 0,
        "operator": "Unknown",
        "state": "Maharashtra",
        "osm_id": "relation/16736387"
      }
    },
    {
      "type": "Feature",
      "geometry": {
        "type": "Point",
        "coordinates": [
          74.6199534,
          20.1788877
        ]
      },
      "properties": {
        "name": "Yeola Taluka Solar Plant",
        "type": "solar",
        "capacity_mw": 0,
        "operator": "Unknown",
        "state": "Maharashtra",
        "osm_id": "relation/16736393"
      }
    },
    {
      "type": "Feature",
      "geometry": {
        "type": "Point",
        "coordinates": [
          71.9929962,
          27.3230822
        ]
      },
      "properties": {
        "name": "Khetusar",
        "type": "solar",
        "capacity_mw": 30.0,
        "operator": "Unknown",
        "state": "Rajasthan",
        "osm_id": "relation/16738705"
      }
    },
    {
      "type": "Feature",
      "geometry": {
        "type": "Point",
        "coordinates": [
          82.79754,
          24.2052009
        ]
      },
      "properties": {
        "name": "Anpara-C Power Plant",
        "type": "coal",
        "capacity_mw": 1200.0,
        "operator": "LANCO Group",
        "state": "Uttar Pradesh",
        "osm_id": "relation/17236628"
      }
    },
    {
      "type": "Feature",
      "geometry": {
        "type": "Point",
        "coordinates": [
          82.7941371,
          24.2000135
        ]
      },
      "properties": {
        "name": "Anpara Thermal Power Station",
        "type": "coal",
        "capacity_mw": 1630.0,
        "operator": "Uttar Pradesh Rajya Vidyut Utpadan Nigam Ltd",
        "state": "Uttar Pradesh",
        "osm_id": "relation/17236629"
      }
    },
    {
      "type": "Feature",
      "geometry": {
        "type": "Point",
        "coordinates": [
          74.7556312,
          25.8457335
        ]
      },
      "properties": {
        "name": "Agucha Mine",
        "type": "solar",
        "capacity_mw": 22.0,
        "operator": "Unknown",
        "state": "Rajasthan",
        "osm_id": "relation/17330495"
      }
    },
    {
      "type": "Feature",
      "geometry": {
        "type": "Point",
        "coordinates": [
          81.5768894,
          24.4727531
        ]
      },
      "properties": {
        "name": "Rewa Ultra Mega Solar",
        "type": "solar",
        "capacity_mw": 750.0,
        "operator": "RUMSL",
        "state": "Madhya Pradesh",
        "osm_id": "relation/17341137"
      }
    },
    {
      "type": "Feature",
      "geometry": {
        "type": "Point",
        "coordinates": [
          71.2822795,
          24.5243897
        ]
      },
      "properties": {
        "name": "Radhnesada Solar Park",
        "type": "solar",
        "capacity_mw": 700.0,
        "operator": "Unknown",
        "state": "Gujarat",
        "osm_id": "relation/17344961"
      }
    },
    {
      "type": "Feature",
      "geometry": {
        "type": "Point",
        "coordinates": [
          75.951367,
          16.5233668
        ]
      },
      "properties": {
        "name": "Basavana Bagevadi Taluku Solar Plant",
        "type": "solar",
        "capacity_mw": 0,
        "operator": "Unknown",
        "state": "Karnataka",
        "osm_id": "relation/17348974"
      }
    },
    {
      "type": "Feature",
      "geometry": {
        "type": "Point",
        "coordinates": [
          70.687336,
          22.7625555
        ]
      },
      "properties": {
        "name": "Morbi Taluka Solar Plant",
        "type": "solar",
        "capacity_mw": 0,
        "operator": "Unknown",
        "state": "Gujarat",
        "osm_id": "relation/17351913"
      }
    },
    {
      "type": "Feature",
      "geometry": {
        "type": "Point",
        "coordinates": [
          82.7635718,
          17.4999078
        ]
      },
      "properties": {
        "name": "Yelamanchili Solar Plant",
        "type": "solar",
        "capacity_mw": 0,
        "operator": "Unknown",
        "state": "Andhra Pradesh",
        "osm_id": "relation/17351926"
      }
    },
    {
      "type": "Feature",
      "geometry": {
        "type": "Point",
        "coordinates": [
          79.14529,
          12.9443674
        ]
      },
      "properties": {
        "name": "Katpadi Solar Plant",
        "type": "solar",
        "capacity_mw": 0,
        "operator": "Unknown",
        "state": "Tamil Nadu",
        "osm_id": "relation/17351931"
      }
    },
    {
      "type": "Feature",
      "geometry": {
        "type": "Point",
        "coordinates": [
          73.5261259,
          29.3593763
        ]
      },
      "properties": {
        "name": "Jetsar Soalr Park",
        "type": "solar",
        "capacity_mw": 0,
        "operator": "Unknown",
        "state": "Rajasthan",
        "osm_id": "relation/17354528"
      }
    },
    {
      "type": "Feature",
      "geometry": {
        "type": "Point",
        "coordinates": [
          69.3128344,
          23.3882581
        ]
      },
      "properties": {
        "name": "Nakhatrana Taluka Solar Plant",
        "type": "solar",
        "capacity_mw": 0,
        "operator": "Unknown",
        "state": "Gujarat",
        "osm_id": "relation/17356485"
      }
    },
    {
      "type": "Feature",
      "geometry": {
        "type": "Point",
        "coordinates": [
          72.0576698,
          24.6044762
        ]
      },
      "properties": {
        "name": "Dhanera Taluka Solar Plant",
        "type": "solar",
        "capacity_mw": 0,
        "operator": "Unknown",
        "state": "Gujarat",
        "osm_id": "relation/17356908"
      }
    },
    {
      "type": "Feature",
      "geometry": {
        "type": "Point",
        "coordinates": [
          71.6012788,
          21.4662747
        ]
      },
      "properties": {
        "name": "Gariadhar Taluka Solar Plant",
        "type": "solar",
        "capacity_mw": 0,
        "operator": "Unknown",
        "state": "Gujarat",
        "osm_id": "relation/17358495"
      }
    },
    {
      "type": "Feature",
      "geometry": {
        "type": "Point",
        "coordinates": [
          77.0693815,
          16.5619749
        ]
      },
      "properties": {
        "name": "Shahpur KA",
        "type": "solar",
        "capacity_mw": 20.0,
        "operator": "Unknown",
        "state": "Karnataka",
        "osm_id": "relation/17366275"
      }
    },
    {
      "type": "Feature",
      "geometry": {
        "type": "Point",
        "coordinates": [
          76.9314026,
          15.9930071
        ]
      },
      "properties": {
        "name": "Manvi taluku Solar Plant",
        "type": "solar",
        "capacity_mw": 0,
        "operator": "Unknown",
        "state": "Karnataka",
        "osm_id": "relation/17366590"
      }
    },
    {
      "type": "Feature",
      "geometry": {
        "type": "Point",
        "coordinates": [
          75.007208,
          15.1528288
        ]
      },
      "properties": {
        "name": "Kalaghatagi taluku Solar Plant",
        "type": "solar",
        "capacity_mw": 0,
        "operator": "Unknown",
        "state": "Karnataka",
        "osm_id": "relation/17366748"
      }
    },
    {
      "type": "Feature",
      "geometry": {
        "type": "Point",
        "coordinates": [
          75.1962058,
          15.0385883
        ]
      },
      "properties": {
        "name": "Shiggaon taluk Solar Plant",
        "type": "solar",
        "capacity_mw": 0,
        "operator": "Unknown",
        "state": "Karnataka",
        "osm_id": "relation/17366749"
      }
    },
    {
      "type": "Feature",
      "geometry": {
        "type": "Point",
        "coordinates": [
          76.3911023,
          17.6372195
        ]
      },
      "properties": {
        "name": "Alland",
        "type": "solar",
        "capacity_mw": 20.0,
        "operator": "Unknown",
        "state": "Maharashtra",
        "osm_id": "relation/17371543"
      }
    },
    {
      "type": "Feature",
      "geometry": {
        "type": "Point",
        "coordinates": [
          75.7770436,
          17.4992477
        ]
      },
      "properties": {
        "name": "Mandrup",
        "type": "solar",
        "capacity_mw": 40.0,
        "operator": "Unknown",
        "state": "Maharashtra",
        "osm_id": "relation/17371563"
      }
    },
    {
      "type": "Feature",
      "geometry": {
        "type": "Point",
        "coordinates": [
          72.0571113,
          26.8951078
        ]
      },
      "properties": {
        "name": "Lawan-Purohitsar Solar Farm",
        "type": "solar",
        "capacity_mw": 0,
        "operator": "Unknown",
        "state": "Rajasthan",
        "osm_id": "relation/17375279"
      }
    },
    {
      "type": "Feature",
      "geometry": {
        "type": "Point",
        "coordinates": [
          73.1972708,
          26.732056
        ]
      },
      "properties": {
        "name": "Hardhani",
        "type": "solar",
        "capacity_mw": 82.0,
        "operator": "Unknown",
        "state": "Rajasthan",
        "osm_id": "relation/17386262"
      }
    },
    {
      "type": "Feature",
      "geometry": {
        "type": "Point",
        "coordinates": [
          81.4151825,
          21.4932534
        ]
      },
      "properties": {
        "name": "Tenga Bhaat Daar Gaon",
        "type": "solar",
        "capacity_mw": 5.0,
        "operator": "Unknown",
        "state": "Chhattisgarh",
        "osm_id": "relation/17386609"
      }
    },
    {
      "type": "Feature",
      "geometry": {
        "type": "Point",
        "coordinates": [
          77.3305303,
          26.0554609
        ]
      },
      "properties": {
        "name": "Ladpura",
        "type": "solar",
        "capacity_mw": 50.0,
        "operator": "Unknown",
        "state": "Madhya Pradesh",
        "osm_id": "relation/17387805"
      }
    },
    {
      "type": "Feature",
      "geometry": {
        "type": "Point",
        "coordinates": [
          78.0545206,
          11.2648948
        ]
      },
      "properties": {
        "name": "Namakkal Solar Plant",
        "type": "solar",
        "capacity_mw": 0,
        "operator": "Unknown",
        "state": "Tamil Nadu",
        "osm_id": "relation/17418996"
      }
    },
    {
      "type": "Feature",
      "geometry": {
        "type": "Point",
        "coordinates": [
          79.5661712,
          18.835791
        ]
      },
      "properties": {
        "name": "Jaipur mandal Solar Plant",
        "type": "solar",
        "capacity_mw": 0,
        "operator": "Unknown",
        "state": "Telangana",
        "osm_id": "relation/17422903"
      }
    },
    {
      "type": "Feature",
      "geometry": {
        "type": "Point",
        "coordinates": [
          76.7057755,
          15.0406699
        ]
      },
      "properties": {
        "name": "Jindal Vijayanagara Solar Plant",
        "type": "solar",
        "capacity_mw": 0,
        "operator": "Unknown",
        "state": "Karnataka",
        "osm_id": "relation/17432765"
      }
    },
    {
      "type": "Feature",
      "geometry": {
        "type": "Point",
        "coordinates": [
          74.9898541,
          19.0754993
        ]
      },
      "properties": {
        "name": "Ashti Solar Plant",
        "type": "solar",
        "capacity_mw": 0,
        "operator": "Unknown",
        "state": "Maharashtra",
        "osm_id": "relation/17437333"
      }
    },
    {
      "type": "Feature",
      "geometry": {
        "type": "Point",
        "coordinates": [
          75.7766882,
          22.5424665
        ]
      },
      "properties": {
        "name": "Mhow Tahsil Solar Plant",
        "type": "solar",
        "capacity_mw": 0,
        "operator": "Unknown",
        "state": "Madhya Pradesh",
        "osm_id": "relation/17442986"
      }
    },
    {
      "type": "Feature",
      "geometry": {
        "type": "Point",
        "coordinates": [
          70.4664197,
          22.6121847
        ]
      },
      "properties": {
        "name": "Dhrol Taluka Solar Plant",
        "type": "solar",
        "capacity_mw": 0,
        "operator": "Unknown",
        "state": "Gujarat",
        "osm_id": "relation/17452232"
      }
    },
    {
      "type": "Feature",
      "geometry": {
        "type": "Point",
        "coordinates": [
          71.2064939,
          23.9062261
        ]
      },
      "properties": {
        "name": "Charanka solar park",
        "type": "solar",
        "capacity_mw": 615.0,
        "operator": "Charanka Solar Park",
        "state": "Gujarat",
        "osm_id": "relation/17501686"
      }
    },
    {
      "type": "Feature",
      "geometry": {
        "type": "Point",
        "coordinates": [
          76.9803124,
          29.3171571
        ]
      },
      "properties": {
        "name": "Panipat Solar Plant",
        "type": "solar",
        "capacity_mw": 920.0,
        "operator": "Unknown",
        "state": "Haryana",
        "osm_id": "relation/17749550"
      }
    },
    {
      "type": "Feature",
      "geometry": {
        "type": "Point",
        "coordinates": [
          75.3732552,
          16.8961464
        ]
      },
      "properties": {
        "name": "Ravi Urja Kakamari",
        "type": "wind",
        "capacity_mw": 78.0,
        "operator": "Unknown",
        "state": "Karnataka",
        "osm_id": "relation/18747616"
      }
    },
    {
      "type": "Feature",
      "geometry": {
        "type": "Point",
        "coordinates": [
          85.8230849,
          20.2479993
        ]
      },
      "properties": {
        "name": "Bhubaneshwar Airport Solar Farm",
        "type": "solar",
        "capacity_mw": 4.0,
        "operator": "Unknown",
        "state": "Odisha",
        "osm_id": "relation/19057037"
      }
    },
    {
      "type": "Feature",
      "geometry": {
        "type": "Point",
        "coordinates": [
          73.1415559,
          24.0003782
        ]
      },
      "properties": {
        "name": "Khedbrahma Taluka Solar Plant",
        "type": "solar",
        "capacity_mw": 0,
        "operator": "Unknown",
        "state": "Gujarat",
        "osm_id": "relation/19150754"
      }
    },
    {
      "type": "Feature",
      "geometry": {
        "type": "Point",
        "coordinates": [
          76.7222593,
          15.199185
        ]
      },
      "properties": {
        "name": "KPCL Bellary Thermal Power Plant",
        "type": "coal",
        "capacity_mw": 1700.0,
        "operator": "Karnataka Power Corporation Limited",
        "state": "Karnataka",
        "osm_id": "relation/19280842"
      }
    },
    {
      "type": "Feature",
      "geometry": {
        "type": "Point",
        "coordinates": [
          75.0359,
          34.2359
        ]
      },
      "properties": {
        "name": "Baglihar Dam",
        "type": "hydro",
        "capacity_mw": 900.0,
        "state": "Jammu and Kashmir",
        "operator": "Unknown"
      }
    },
    {
      "type": "Feature",
      "geometry": {
        "type": "Point",
        "coordinates": [
          75.036,
          34.236
        ]
      },
      "properties": {
        "name": "Salal HEP",
        "type": "hydro",
        "capacity_mw": 690.0,
        "state": "Jammu and Kashmir",
        "operator": "Unknown"
      }
    },
    {
      "type": "Feature",
      "geometry": {
        "type": "Point",
        "coordinates": [
          75.03609999999999,
          34.2361
        ]
      },
      "properties": {
        "name": "Uri HEP",
        "type": "hydro",
        "capacity_mw": 480.0,
        "state": "Jammu and Kashmir",
        "operator": "Unknown"
      }
    },
    {
      "type": "Feature",
      "geometry": {
        "type": "Point",
        "coordinates": [
          75.0362,
          34.2362
        ]
      },
      "properties": {
        "name": "Sewa HEP",
        "type": "hydro",
        "capacity_mw": 120.0,
        "state": "Jammu and Kashmir",
        "operator": "Unknown"
      }
    },
    {
      "type": "Feature",
      "geometry": {
        "type": "Point",
        "coordinates": [
          75.0363,
          34.2363
        ]
      },
      "properties": {
        "name": "Pampore Gas",
        "type": "gas",
        "capacity_mw": 180.0,
        "state": "Jammu and Kashmir",
        "operator": "Unknown"
      }
    },
    {
      "type": "Feature",
      "geometry": {
        "type": "Point",
        "coordinates": [
          77.3364,
          31.3364
        ]
      },
      "properties": {
        "name": "Dehar Power House",
        "type": "hydro",
        "capacity_mw": 990.0,
        "state": "Himachal Pradesh",
        "operator": "Unknown"
      }
    },
    {
      "type": "Feature",
      "geometry": {
        "type": "Point",
        "coordinates": [
          77.3365,
          31.3365
        ]
      },
      "properties": {
        "name": "Parbati HEP",
        "type": "hydro",
        "capacity_mw": 830.0,
        "state": "Himachal Pradesh",
        "operator": "Unknown"
      }
    },
    {
      "type": "Feature",
      "geometry": {
        "type": "Point",
        "coordinates": [
          77.33659999999999,
          31.3366
        ]
      },
      "properties": {
        "name": "Baspa-II",
        "type": "hydro",
        "capacity_mw": 300.0,
        "state": "Himachal Pradesh",
        "operator": "Unknown"
      }
    },
    {
      "type": "Feature",
      "geometry": {
        "type": "Point",
        "coordinates": [
          77.3367,
          31.3367
        ]
      },
      "properties": {
        "name": "Shanan Power House",
        "type": "hydro",
        "capacity_mw": 110.0,
        "state": "Himachal Pradesh",
        "operator": "Unknown"
      }
    },
    {
      "type": "Feature",
      "geometry": {
        "type": "Point",
        "coordinates": [
          76.0368,
          31.3368
        ]
      },
      "properties": {
        "name": "GHTP Lehra Mohabbat",
        "type": "coal",
        "capacity_mw": 500.0,
        "state": "Punjab",
        "operator": "Unknown"
      }
    },
    {
      "type": "Feature",
      "geometry": {
        "type": "Point",
        "coordinates": [
          76.0369,
          31.3369
        ]
      },
      "properties": {
        "name": "Harike Barrage",
        "type": "hydro",
        "capacity_mw": 66.0,
        "state": "Punjab",
        "operator": "Unknown"
      }
    },
    {
      "type": "Feature",
      "geometry": {
        "type": "Point",
        "coordinates": [
          79.237,
          30.237
        ]
      },
      "properties": {
        "name": "Tanakpur",
        "type": "hydro",
        "capacity_mw": 120.0,
        "state": "Uttarakhand",
        "operator": "Unknown"
      }
    },
    {
      "type": "Feature",
      "geometry": {
        "type": "Point",
        "coordinates": [
          76.2371,
          29.2371
        ]
      },
      "properties": {
        "name": "Jharli STPP",
        "type": "coal",
        "capacity_mw": 1320.0,
        "state": "Haryana",
        "operator": "Unknown"
      }
    },
    {
      "type": "Feature",
      "geometry": {
        "type": "Point",
        "coordinates": [
          76.2372,
          29.2372
        ]
      },
      "properties": {
        "name": "Hissar Gas",
        "type": "gas",
        "capacity_mw": 120.0,
        "state": "Haryana",
        "operator": "Unknown"
      }
    },
    {
      "type": "Feature",
      "geometry": {
        "type": "Point",
        "coordinates": [
          77.43730000000001,
          28.837300000000003
        ]
      },
      "properties": {
        "name": "Badarpur TPS",
        "type": "coal",
        "capacity_mw": 705.0,
        "state": "Delhi",
        "operator": "Unknown"
      }
    },
    {
      "type": "Feature",
      "geometry": {
        "type": "Point",
        "coordinates": [
          74.4374,
          27.2374
        ]
      },
      "properties": {
        "name": "Kota STPS",
        "type": "coal",
        "capacity_mw": 1240.0,
        "state": "Rajasthan",
        "operator": "Unknown"
      }
    },
    {
      "type": "Feature",
      "geometry": {
        "type": "Point",
        "coordinates": [
          74.4375,
          27.2375
        ]
      },
      "properties": {
        "name": "Chhabra STPS",
        "type": "coal",
        "capacity_mw": 2320.0,
        "state": "Rajasthan",
        "operator": "Unknown"
      }
    },
    {
      "type": "Feature",
      "geometry": {
        "type": "Point",
        "coordinates": [
          74.4376,
          27.2376
        ]
      },
      "properties": {
        "name": "Mahi Bajaj Sagar",
        "type": "hydro",
        "capacity_mw": 140.0,
        "state": "Rajasthan",
        "operator": "Unknown"
      }
    },
    {
      "type": "Feature",
      "geometry": {
        "type": "Point",
        "coordinates": [
          81.13770000000001,
          27.0377
        ]
      },
      "properties": {
        "name": "Rihand STPS",
        "type": "coal",
        "capacity_mw": 3000.0,
        "state": "Uttar Pradesh",
        "operator": "Unknown"
      }
    },
    {
      "type": "Feature",
      "geometry": {
        "type": "Point",
        "coordinates": [
          81.1378,
          27.0378
        ]
      },
      "properties": {
        "name": "NTPC Dadri",
        "type": "coal",
        "capacity_mw": 1820.0,
        "state": "Uttar Pradesh",
        "operator": "Unknown"
      }
    },
    {
      "type": "Feature",
      "geometry": {
        "type": "Point",
        "coordinates": [
          81.1379,
          27.0379
        ]
      },
      "properties": {
        "name": "Auraiya Gas",
        "type": "gas",
        "capacity_mw": 660.0,
        "state": "Uttar Pradesh",
        "operator": "Unknown"
      }
    },
    {
      "type": "Feature",
      "geometry": {
        "type": "Point",
        "coordinates": [
          81.138,
          27.038
        ]
      },
      "properties": {
        "name": "Bundelkhand Solar",
        "type": "solar",
        "capacity_mw": 1000.0,
        "state": "Uttar Pradesh",
        "operator": "Unknown"
      }
    },
    {
      "type": "Feature",
      "geometry": {
        "type": "Point",
        "coordinates": [
          85.5381,
          25.2381
        ]
      },
      "properties": {
        "name": "Kahalgaon STPS",
        "type": "coal",
        "capacity_mw": 2340.0,
        "state": "Bihar",
        "operator": "Unknown"
      }
    },
    {
      "type": "Feature",
      "geometry": {
        "type": "Point",
        "coordinates": [
          85.5382,
          25.2382
        ]
      },
      "properties": {
        "name": "Muzaffarpur TPS",
        "type": "coal",
        "capacity_mw": 1100.0,
        "state": "Bihar",
        "operator": "Unknown"
      }
    },
    {
      "type": "Feature",
      "geometry": {
        "type": "Point",
        "coordinates": [
          85.53829999999999,
          25.2383
        ]
      },
      "properties": {
        "name": "Koderma TPS",
        "type": "coal",
        "capacity_mw": 1000.0,
        "state": "Bihar",
        "operator": "Unknown"
      }
    },
    {
      "type": "Feature",
      "geometry": {
        "type": "Point",
        "coordinates": [
          71.7384,
          22.438399999999998
        ]
      },
      "properties": {
        "name": "Mundra UMPP",
        "type": "coal",
        "capacity_mw": 4000.0,
        "state": "Gujarat",
        "operator": "Unknown"
      }
    },
    {
      "type": "Feature",
      "geometry": {
        "type": "Point",
        "coordinates": [
          71.7385,
          22.438499999999998
        ]
      },
      "properties": {
        "name": "Essar Salaya",
        "type": "coal",
        "capacity_mw": 1200.0,
        "state": "Gujarat",
        "operator": "Unknown"
      }
    },
    {
      "type": "Feature",
      "geometry": {
        "type": "Point",
        "coordinates": [
          71.7386,
          22.4386
        ]
      },
      "properties": {
        "name": "Kadana Dam",
        "type": "hydro",
        "capacity_mw": 240.0,
        "state": "Gujarat",
        "operator": "Unknown"
      }
    },
    {
      "type": "Feature",
      "geometry": {
        "type": "Point",
        "coordinates": [
          79.1387,
          23.6387
        ]
      },
      "properties": {
        "name": "Vindhyachal STPS",
        "type": "coal",
        "capacity_mw": 4760.0,
        "state": "Madhya Pradesh",
        "operator": "Unknown"
      }
    },
    {
      "type": "Feature",
      "geometry": {
        "type": "Point",
        "coordinates": [
          79.1388,
          23.6388
        ]
      },
      "properties": {
        "name": "Sant Singaji",
        "type": "coal",
        "capacity_mw": 2520.0,
        "state": "Madhya Pradesh",
        "operator": "Unknown"
      }
    },
    {
      "type": "Feature",
      "geometry": {
        "type": "Point",
        "coordinates": [
          81.8389,
          21.4389
        ]
      },
      "properties": {
        "name": "KSK Mahanadi",
        "type": "coal",
        "capacity_mw": 3600.0,
        "state": "Chhattisgarh",
        "operator": "Unknown"
      }
    },
    {
      "type": "Feature",
      "geometry": {
        "type": "Point",
        "coordinates": [
          81.839,
          21.439
        ]
      },
      "properties": {
        "name": "Jindal Tamnar",
        "type": "coal",
        "capacity_mw": 3400.0,
        "state": "Chhattisgarh",
        "operator": "Unknown"
      }
    },
    {
      "type": "Feature",
      "geometry": {
        "type": "Point",
        "coordinates": [
          81.83909999999999,
          21.4391
        ]
      },
      "properties": {
        "name": "NSPCL Bhilai",
        "type": "coal",
        "capacity_mw": 500.0,
        "state": "Chhattisgarh",
        "operator": "Unknown"
      }
    },
    {
      "type": "Feature",
      "geometry": {
        "type": "Point",
        "coordinates": [
          85.5392,
          23.8392
        ]
      },
      "properties": {
        "name": "Maithon TPS",
        "type": "coal",
        "capacity_mw": 1050.0,
        "state": "Jharkhand",
        "operator": "Unknown"
      }
    },
    {
      "type": "Feature",
      "geometry": {
        "type": "Point",
        "coordinates": [
          85.5393,
          23.8393
        ]
      },
      "properties": {
        "name": "Patratu TPS",
        "type": "coal",
        "capacity_mw": 800.0,
        "state": "Jharkhand",
        "operator": "Unknown"
      }
    },
    {
      "type": "Feature",
      "geometry": {
        "type": "Point",
        "coordinates": [
          85.5394,
          23.8394
        ]
      },
      "properties": {
        "name": "Adani Godda",
        "type": "coal",
        "capacity_mw": 1320.0,
        "state": "Jharkhand",
        "operator": "Unknown"
      }
    },
    {
      "type": "Feature",
      "geometry": {
        "type": "Point",
        "coordinates": [
          88.0395,
          23.139499999999998
        ]
      },
      "properties": {
        "name": "Bakreswar",
        "type": "coal",
        "capacity_mw": 1050.0,
        "state": "West Bengal",
        "operator": "Unknown"
      }
    },
    {
      "type": "Feature",
      "geometry": {
        "type": "Point",
        "coordinates": [
          88.0396,
          23.139599999999998
        ]
      },
      "properties": {
        "name": "Purulia Pumped Storage",
        "type": "hydro",
        "capacity_mw": 900.0,
        "state": "West Bengal",
        "operator": "Unknown"
      }
    },
    {
      "type": "Feature",
      "geometry": {
        "type": "Point",
        "coordinates": [
          75.9397,
          19.9397
        ]
      },
      "properties": {
        "name": "Tirora",
        "type": "coal",
        "capacity_mw": 3300.0,
        "state": "Maharashtra",
        "operator": "Unknown"
      }
    },
    {
      "type": "Feature",
      "geometry": {
        "type": "Point",
        "coordinates": [
          75.9398,
          15.539800000000001
        ]
      },
      "properties": {
        "name": "Kaiga Nuclear",
        "type": "nuclear",
        "capacity_mw": 880.0,
        "state": "Karnataka",
        "operator": "Unknown"
      }
    },
    {
      "type": "Feature",
      "geometry": {
        "type": "Point",
        "coordinates": [
          75.93990000000001,
          15.539900000000001
        ]
      },
      "properties": {
        "name": "Sharavathi Hydro",
        "type": "hydro",
        "capacity_mw": 1471.0,
        "state": "Karnataka",
        "operator": "Unknown"
      }
    },
    {
      "type": "Feature",
      "geometry": {
        "type": "Point",
        "coordinates": [
          74.24,
          15.44
        ]
      },
      "properties": {
        "name": "Goa Gas Power Station",
        "type": "gas",
        "capacity_mw": 48.0,
        "state": "Goa",
        "operator": "Unknown"
      }
    },
    {
      "type": "Feature",
      "geometry": {
        "type": "Point",
        "coordinates": [
          79.9401,
          16.1401
        ]
      },
      "properties": {
        "name": "Krishnapatnam",
        "type": "coal",
        "capacity_mw": 2640.0,
        "state": "Andhra Pradesh",
        "operator": "Unknown"
      }
    },
    {
      "type": "Feature",
      "geometry": {
        "type": "Point",
        "coordinates": [
          79.9402,
          16.1402
        ]
      },
      "properties": {
        "name": "NP Kunta Solar",
        "type": "solar",
        "capacity_mw": 1500.0,
        "state": "Andhra Pradesh",
        "operator": "Unknown"
      }
    },
    {
      "type": "Feature",
      "geometry": {
        "type": "Point",
        "coordinates": [
          78.8403,
          11.3403
        ]
      },
      "properties": {
        "name": "Neyveli Lignite",
        "type": "coal",
        "capacity_mw": 2040.0,
        "state": "Tamil Nadu",
        "operator": "Unknown"
      }
    },
    {
      "type": "Feature",
      "geometry": {
        "type": "Point",
        "coordinates": [
          76.4404,
          11.0404
        ]
      },
      "properties": {
        "name": "Idukki Dam",
        "type": "hydro",
        "capacity_mw": 780.0,
        "state": "Kerala",
        "operator": "Unknown"
      }
    },
    {
      "type": "Feature",
      "geometry": {
        "type": "Point",
        "coordinates": [
          91.5405,
          25.6405
        ]
      },
      "properties": {
        "name": "Kynshi",
        "type": "hydro",
        "capacity_mw": 450.0,
        "state": "Meghalaya",
        "operator": "Unknown"
      }
    },
    {
      "type": "Feature",
      "geometry": {
        "type": "Point",
        "coordinates": [
          74.4406,
          27.2406
        ]
      },
      "properties": {
        "name": "Jaisalmer Wind Park",
        "type": "wind",
        "capacity_mw": 1064.0,
        "state": "Rajasthan",
        "operator": "Unknown"
      }
    },
    {
      "type": "Feature",
      "geometry": {
        "type": "Point",
        "coordinates": [
          75.9407,
          19.9407
        ]
      },
      "properties": {
        "name": "Brahmanvel Wind Farm",
        "type": "wind",
        "capacity_mw": 528.0,
        "state": "Maharashtra",
        "operator": "Unknown"
      }
    },
    {
      "type": "Feature",
      "geometry": {
        "type": "Point",
        "coordinates": [
          71.7408,
          22.4408
        ]
      },
      "properties": {
        "name": "Kutch Wind Farm",
        "type": "wind",
        "capacity_mw": 11500.0,
        "state": "Gujarat",
        "operator": "Unknown"
      }
    },
    {
      "type": "Feature",
      "geometry": {
        "type": "Point",
        "coordinates": [
          75.9409,
          19.9409
        ]
      },
      "properties": {
        "name": "Dhalgaon Wind Farm",
        "type": "wind",
        "capacity_mw": 278.0,
        "state": "Maharashtra",
        "operator": "Unknown"
      }
    },
    {
      "type": "Feature",
      "geometry": {
        "type": "Point",
        "coordinates": [
          75.941,
          19.941
        ]
      },
      "properties": {
        "name": "Chakala Wind Farm",
        "type": "wind",
        "capacity_mw": 217.0,
        "state": "Maharashtra",
        "operator": "Unknown"
      }
    },
    {
      "type": "Feature",
      "geometry": {
        "type": "Point",
        "coordinates": [
          75.9411,
          19.9411
        ]
      },
      "properties": {
        "name": "Vankusawade Wind Park",
        "type": "wind",
        "capacity_mw": 259.0,
        "state": "Maharashtra",
        "operator": "Unknown"
      }
    },
    {
      "type": "Feature",
      "geometry": {
        "type": "Point",
        "coordinates": [
          79.94120000000001,
          16.1412
        ]
      },
      "properties": {
        "name": "Beluguppa Wind Park",
        "type": "wind",
        "capacity_mw": 100.0,
        "state": "Andhra Pradesh",
        "operator": "Unknown"
      }
    }
  ]
}